관광지명,주소,장소 카테고리,대분류,중분류,소분류,총 방문자수,기준월,6월 방문자수,월요일방문자수,화요일방문자수,수요일방문자수,목요일방문자수,금요일방문자수,토요일방문자수,일요일방문자수
가름게스트하우스,제주특별자치도 서귀포시 법환하로9번길 10 ,숙박,숙박,숙박시설,펜션,221.0,6.0,18.0,0.0,0.0,3.0,6.0,6.0,2.0,1.0
가마오름,제주특별자치도 제주시 한경면 청수서5길 63 ,관광지,자연,자연관광지,산,609.0,6.0,49.0,7.0,6.0,14.0,7.0,6.0,2.0,7.0
가문이오름,제주특별자치도 서귀포시 표선면 남조로 1487-73 ,관광지,자연,자연관광지,산,502.0,6.0,40.0,10.0,2.0,7.0,4.0,6.0,7.0,4.0
가세오름,제주특별자치도 서귀포시 표선면 녹산로 554 ,관광지,자연,자연관광지,산,500.0,6.0,44.0,9.0,2.0,8.0,4.0,5.0,8.0,8.0
가시식당,제주특별자치도 서귀포시 표선면 가시로565번길 22 ,음식점,음식,음식점,한식,399.0,6.0,22.0,5.0,2.0,2.0,2.0,7.0,2.0,2.0
가파도,제주특별자치도 서귀포시 대정읍 가파로 ,관광지,자연,자연관광지,섬,12905.0,6.0,1371.0,186.0,207.0,132.0,210.0,187.0,201.0,248.0
각시바우오름,제주특별자치도 서귀포시 호근동 2112 (호근동),관광지,자연,자연관광지,산,455.0,6.0,41.0,12.0,8.0,2.0,4.0,4.0,7.0,4.0
갈중이,제주특별자치도 서귀포시 사계남로216번길 24-61 갈중이 ,관광지,인문(문화/예술/역사),체험관광지,전통체험,500.0,6.0,79.0,11.0,14.0,4.0,15.0,18.0,6.0,11.0
감귤박물관,제주특별자치도 서귀포시 효돈순환로 441 (신효동),문화시설,인문(문화/예술/역사),문화시설,박물관,3589.0,6.0,292.0,43.0,41.0,37.0,59.0,56.0,22.0,34.0
감나무집,제주특별자치도 제주시 오남로 12 ,음식점,음식,음식점,한식,421.0,6.0,39.0,4.0,8.0,0.0,8.0,10.0,5.0,4.0
감수굴밭담길,제주특별자치도 제주시 구좌읍 평대7길 34 ,관광지,인문(문화/예술/역사),체험관광지,농.산.어촌 체험,551.0,6.0,43.0,5.0,11.0,4.0,7.0,4.0,4.0,8.0
개오름,제주특별자치도 서귀포시 표선면 성읍이리로57번길 162 ,관광지,자연,자연관광지,산,1080.0,6.0,129.0,13.0,19.0,9.0,29.0,21.0,23.0,15.0
개오리오름,제주특별자치도 제주시 명림로 584 (봉개동) ,관광지,자연,자연관광지,산,380.0,6.0,41.0,6.0,7.0,5.0,9.0,0.0,2.0,12.0
거멍국수,제주특별자치도 서귀포시 안덕면 사계로114번길 53-14 ,음식점,음식,음식점,한식,518.0,6.0,47.0,9.0,4.0,6.0,4.0,6.0,9.0,9.0
거문오름,제주특별자치도 제주시 조천읍 선교로 569-36 ,관광지,자연,자연관광지,산,11268.0,6.0,1259.0,168.0,183.0,208.0,254.0,226.0,116.0,104.0
건강과성박물관,제주특별자치도 서귀포시 안덕면 일주서로 1611 ,문화시설,인문(문화/예술/역사),문화시설,박물관,1775.0,6.0,154.0,27.0,20.0,22.0,26.0,16.0,17.0,26.0
검멀레해변,제주특별자치도 제주시 우도면 우도해안길 (우도면),관광지,자연,자연관광지,해수욕장,3355.0,6.0,313.0,42.0,51.0,45.0,66.0,48.0,29.0,32.0
고근산,제주특별자치도 서귀포시 호근로112번길 43-3 (호근동) ,관광지,자연,자연관광지,산,1200.0,6.0,86.0,15.0,10.0,7.0,8.0,17.0,12.0,17.0
고불락,제주특별자치도 제주시 애월읍 고내로7길 45-12 ,음식점,음식,음식점,한식,410.0,6.0,42.0,4.0,3.0,4.0,13.0,11.0,1.0,6.0
고산일과해안도로,제주특별자치도 서귀포시 대정읍 신도리 3135-1 ,관광지,자연,자연관광지,자연생태관광지,542.0,6.0,40.0,9.0,4.0,4.0,9.0,2.0,4.0,8.0
고살리숲길,제주특별자치도 서귀포시 남원읍 ,관광지,자연,자연관광지,산,2593.0,6.0,288.0,41.0,38.0,54.0,41.0,38.0,42.0,34.0
고요산책,제주특별자치도 제주시 중앙로12길 5 1층,음식점,음식,음식점,카페/전통찻집,790.0,6.0,59.0,9.0,10.0,8.0,11.0,5.0,12.0,4.0
고요새,제주특별자치도 제주시 선사로8길 11 ,음식점,음식,음식점,카페/전통찻집,200.0,6.0,15.0,0.0,2.0,0.0,6.0,3.0,3.0,1.0
고흐의정원,제주특별자치도 서귀포시 삼달신풍로 126-5 ,문화시설,인문(문화/예술/역사),문화시설,전시관,1247.0,6.0,99.0,11.0,16.0,17.0,15.0,14.0,11.0,15.0
곤밥2,제주특별자치도 제주시 서부두남길 8 ,음식점,음식,음식점,한식,155.0,6.0,13.0,2.0,0.0,4.0,1.0,6.0,0.0,0.0
골드원호텔&스위트,제주특별자치도 서귀포시 이어도로 1032 (서호동) ,숙박,숙박,숙박시설,관광호텔,248.0,6.0,39.0,7.0,5.0,5.0,9.0,5.0,7.0,1.0
골막식당,제주특별자치도 제주시 천수로 12 ,음식점,음식,음식점,한식,354.0,6.0,35.0,3.0,0.0,8.0,7.0,7.0,5.0,5.0
골목카페옥수,제주특별자치도 제주시 소길1길 19 ,음식점,음식,음식점,카페/전통찻집,221.0,6.0,18.0,3.0,1.0,1.0,4.0,4.0,2.0,3.0
공백,제주특별자치도 제주시 동복로 83 ,음식점,음식,음식점,카페/전통찻집,486.0,6.0,47.0,10.0,4.0,4.0,8.0,9.0,5.0,7.0
공천포식당,제주특별자치도 서귀포시 남원읍 공천포로 89 ,음식점,음식,음식점,한식,513.0,6.0,64.0,6.0,5.0,8.0,13.0,13.0,9.0,10.0
곽지해수욕장,제주특별자치도 제주시 애월읍 곽지리 1565 ,관광지,자연,자연관광지,해수욕장,11572.0,6.0,1454.0,200.0,189.0,203.0,241.0,240.0,225.0,156.0
관덕정,제주특별자치도 제주시 관덕로 19 (삼도이동),관광지,인문(문화/예술/역사),역사관광지,고궁,5642.0,6.0,431.0,68.0,43.0,53.0,76.0,90.0,54.0,47.0
관음사,제주특별자치도 제주시 산록북로 660 (아라일동),관광지,인문(문화/예술/역사),역사관광지,사찰,1809.0,6.0,154.0,22.0,26.0,13.0,36.0,19.0,19.0,19.0
관음사야영장,제주특별자치도 제주시 산록북로 588 (오등동),레포츠,레포츠,육상 레포츠,"야영장,오토캠핑장",1369.0,6.0,143.0,26.0,25.0,17.0,25.0,17.0,12.0,21.0
광원,제주특별자치도 제주시 1100로 3208 ,음식점,음식,음식점,한식,307.0,6.0,33.0,6.0,3.0,8.0,6.0,5.0,1.0,4.0
광치기해변,제주특별자치도 서귀포시 성산읍 고성리 ,관광지,자연,자연관광지,해수욕장,10642.0,6.0,741.0,107.0,106.0,84.0,135.0,121.0,100.0,88.0
교래손칼국수,제주특별자치도 제주시 조천읍 비자림로 645 ,음식점,음식,음식점,한식,751.0,6.0,70.0,11.0,7.0,10.0,13.0,16.0,4.0,9.0
구엄리돌염전,제주특별자치도 제주시 애월읍 구엄리 ,관광지,자연,자연관광지,강,5343.0,6.0,481.0,82.0,72.0,55.0,82.0,65.0,55.0,70.0
구엄포구,제주특별자치도 제주시 애월읍 구엄리 607-5 일대 ,관광지,자연,자연관광지,항구/포구,563.0,6.0,47.0,9.0,5.0,6.0,10.0,4.0,3.0,10.0
국립제주박물관,제주특별자치도 제주시 일주동로 17 (건입동),문화시설,인문(문화/예술/역사),문화시설,박물관,3774.0,6.0,293.0,47.0,43.0,45.0,46.0,53.0,18.0,41.0
국수냐국밥이냐,제주특별자치도 서귀포시 김정문화로 39 ,음식점,음식,음식점,한식,247.0,6.0,16.0,0.0,1.0,1.0,5.0,4.0,3.0,2.0
국수바다본점,제주특별자치도 서귀포시 일주서로 982 (색달동),음식점,음식,음식점,한식,598.0,6.0,57.0,11.0,10.0,10.0,6.0,9.0,8.0,3.0
국수의전설,제주특별자치도 서귀포시 효돈로 108 (신효동),음식점,음식,음식점,한식,1002.0,6.0,74.0,12.0,12.0,6.0,15.0,14.0,5.0,10.0
귤빛캠핑장,제주특별자치도 제주시 조천읍 함와로 428 ,레포츠,레포츠,육상 레포츠,"야영장,오토캠핑장",808.0,6.0,108.0,20.0,27.0,11.0,16.0,13.0,8.0,13.0
그계절,제주특별자치도 제주시 한동로 119 1동,음식점,음식,음식점,카페/전통찻집,236.0,6.0,22.0,2.0,2.0,8.0,1.0,7.0,0.0,2.0
그랜드조선제주,제주특별자치도 서귀포시 중문관광로72번길 60 ,숙박,숙박,숙박시설,관광호텔,465.0,6.0,46.0,5.0,11.0,7.0,6.0,12.0,3.0,2.0
그랜드하얏트제주,제주특별자치도 제주시 노형동 ,숙박,숙박,숙박시설,관광호텔,1235.0,6.0,128.0,30.0,15.0,10.0,19.0,27.0,15.0,12.0
그러므로part2,제주특별자치도 제주시 수목원길 16-14 ,음식점,음식,음식점,카페/전통찻집,181.0,6.0,19.0,3.0,4.0,2.0,1.0,3.0,2.0,4.0
그레이그로브,제주특별자치도 서귀포시 형제해안로 70 ,음식점,음식,음식점,카페/전통찻집,314.0,6.0,31.0,4.0,2.0,1.0,9.0,10.0,2.0,3.0
그리운바다성산포,제주특별자치도 서귀포시 성산등용로 94 ,음식점,음식,음식점,한식,569.0,6.0,56.0,7.0,8.0,11.0,11.0,7.0,5.0,7.0
그림리조트,제주특별자치도 제주시 서해안로 620-1 (용담삼동),숙박,숙박,숙박시설,펜션,89.0,6.0,6.0,0.0,1.0,1.0,2.0,2.0,0.0,0.0
그옛맛,제주특별자치도 제주시 서사로24길 12 ,음식점,음식,음식점,한식,207.0,6.0,14.0,3.0,3.0,1.0,2.0,2.0,1.0,2.0
그초록,제주특별자치도 제주시 구좌읍 행원로7길 23-16 ,음식점,음식,음식점,카페/전통찻집,330.0,6.0,28.0,0.0,7.0,3.0,9.0,5.0,3.0,1.0
글라글라하와이,제주특별자치도 서귀포시 하모항구로 70 ,음식점,음식,음식점,서양식,339.0,6.0,34.0,3.0,6.0,6.0,5.0,7.0,3.0,4.0
금강민물장어,제주특별자치도 서귀포시 일주동로 8597 ,음식점,음식,음식점,한식,396.0,6.0,39.0,5.0,3.0,4.0,9.0,9.0,4.0,5.0
금능석물원,제주특별자치도 제주시 한림읍 한림로 176 ,관광지,자연,자연관광지,수목원,1914.0,6.0,136.0,24.0,19.0,23.0,21.0,23.0,11.0,15.0
금능포구,제주특별자치도 제주시 한림읍 금능리 ,관광지,인문(문화/예술/역사),체험관광지,농.산.어촌 체험,457.0,6.0,39.0,5.0,7.0,4.0,7.0,8.0,3.0,5.0
금능해수욕장,제주특별자치도 제주시 한림읍 금능길 119-10 ,관광지,자연,자연관광지,해수욕장,13346.0,6.0,1808.0,279.0,242.0,276.0,294.0,296.0,210.0,211.0
금룡사,제주특별자치도 제주시 구좌읍 김녕로 148-11 (구좌읍),관광지,인문(문화/예술/역사),역사관광지,사찰,478.0,6.0,44.0,11.0,3.0,5.0,5.0,8.0,5.0,7.0
금호리조트제주,제주특별자치도 서귀포시 남원읍 태위로 522-12 ,숙박,인문(문화/예술/역사),휴양관광지,관광단지,1515.0,6.0,131.0,29.0,18.0,21.0,24.0,15.0,11.0,13.0
김경숙해바라기농장,제주특별자치도 제주시 번영로 854-1 (회천동) ,관광지,자연,자연관광지,자연생태관광지,4832.0,6.0,761.0,113.0,97.0,103.0,130.0,118.0,102.0,98.0
김녕사굴,제주특별자치도 제주시 구좌읍 덕평로 392-1 ,관광지,자연,자연관광지,동굴,2982.0,6.0,273.0,39.0,33.0,31.0,51.0,38.0,31.0,50.0
김녕요트투어,제주특별자치도 제주시 구좌읍 구좌해안로 229-16 ,레포츠,레포츠,수상 레포츠,요트,1566.0,6.0,173.0,28.0,19.0,33.0,31.0,27.0,20.0,15.0
김만덕기념관,제주특별자치도 제주시 산지로 7 (건입동),문화시설,인문(문화/예술/역사),문화시설,기념관,960.0,6.0,104.0,11.0,26.0,18.0,19.0,16.0,7.0,7.0
김택화미술관,제주특별자치도 제주시 조천읍 신흥로 1 ,문화시설,인문(문화/예술/역사),문화시설,미술관/화랑,532.0,6.0,50.0,11.0,4.0,4.0,10.0,8.0,5.0,8.0
깜돈흑돼지,제주특별자치도 제주시 삼무로3길 6 ,음식점,음식,음식점,한식,323.0,6.0,27.0,5.0,4.0,2.0,7.0,3.0,2.0,4.0
꽁순이네,제주특별자치도 제주시 중산간서로 5642 ,음식점,음식,음식점,한식,241.0,6.0,21.0,6.0,1.0,2.0,3.0,5.0,2.0,2.0
꿈꾸는노마드,제주특별자치도 서귀포시 선반로 54 ,숙박,숙박,숙박시설,펜션,179.0,6.0,13.0,3.0,1.0,3.0,3.0,1.0,0.0,2.0
끄라비펜션,제주특별자치도 서귀포시 토평로148번길 28 (토평동),숙박,숙박,숙박시설,펜션,278.0,6.0,31.0,3.0,2.0,3.0,6.0,4.0,6.0,7.0
나라돈까스,제주특별자치도 제주시 절물1길 23 ,음식점,음식,음식점,한식,385.0,6.0,51.0,6.0,5.0,6.0,9.0,7.0,6.0,12.0
나목도식당,제주특별자치도 서귀포시 표선면 가시로613번길 60 ,음식점,음식,음식점,한식,250.0,6.0,16.0,1.0,0.0,1.0,3.0,3.0,4.0,4.0
나무카페,제주특별자치도 제주시 조천읍 선교로 560 ,음식점,음식,음식점,카페/전통찻집,331.0,6.0,38.0,3.0,3.0,2.0,7.0,8.0,6.0,9.0
나인스파빌,제주특별자치도 제주시 애월읍 하광로 518 ,숙박,숙박,숙박시설,모텔,250.0,6.0,23.0,5.0,3.0,1.0,1.0,5.0,6.0,2.0
난드르바당,제주특별자치도 서귀포시 하예하동로16번길 11-1 (하예동),음식점,음식,음식점,한식,428.0,6.0,36.0,3.0,5.0,6.0,5.0,9.0,3.0,5.0
남경미락,제주특별자치도 서귀포시 안덕면 사계남로 190-3 ,음식점,음식,음식점,한식,501.0,6.0,44.0,6.0,5.0,6.0,12.0,6.0,1.0,8.0
낭뜰에쉼팡,제주특별자치도 제주시 조천읍 남조로 2343 ,음식점,음식,음식점,한식,599.0,6.0,60.0,5.0,8.0,8.0,12.0,8.0,9.0,10.0
내가찾은맛고을,제주특별자치도 제주시 진남로8길 39 ,음식점,음식,음식점,한식,225.0,6.0,23.0,4.0,5.0,3.0,5.0,2.0,2.0,2.0
내창트레킹,제주특별자치도 서귀포시 남원읍 하례중앙로 95 ,레포츠,레포츠,육상 레포츠,트래킹,923.0,6.0,84.0,14.0,9.0,15.0,14.0,13.0,9.0,10.0
너븐숭이4.3기념관,제주특별자치도 제주시 조천읍 북촌3길 3 ,문화시설,인문(문화/예술/역사),문화시설,기념관,4427.0,6.0,349.0,61.0,43.0,50.0,83.0,60.0,19.0,33.0
넥슨컴퓨터박물관,제주특별자치도 제주시 1100로 3198-8 (노형동),관광지,인문(문화/예술/역사),산업관광지,전자-반도체,3214.0,6.0,243.0,34.0,46.0,30.0,36.0,50.0,19.0,28.0
노라바,제주특별자치도 제주시 구엄길 100 ,음식점,음식,음식점,한식,521.0,6.0,54.0,8.0,7.0,8.0,5.0,8.0,7.0,11.0
노리매공원,제주특별자치도 서귀포시 대정읍 중산간서로 2260-15 ,관광지,인문(문화/예술/역사),휴양관광지,공원,3274.0,6.0,212.0,36.0,32.0,29.0,43.0,36.0,16.0,20.0
노을담은뜨락,제주특별자치도 서귀포시 대정읍 노을해안로 416 ,숙박,숙박,숙박시설,펜션,269.0,6.0,28.0,2.0,4.0,6.0,3.0,6.0,5.0,2.0
노을해안로,제주특별자치도 서귀포시 대정읍 영락리 ,관광지,자연,자연관광지,자연생태관광지,1349.0,6.0,137.0,17.0,14.0,20.0,23.0,21.0,21.0,21.0
노형수퍼마켙,제주특별자치도 제주시 노형로 89 ,문화시설,인문(문화/예술/역사),문화시설,미술관/화랑,4378.0,6.0,378.0,62.0,44.0,64.0,73.0,70.0,22.0,43.0
논짓물,제주특별자치도 서귀포시 예래해안로 253 (하예동),관광지,자연,자연관광지,해수욕장,7654.0,6.0,2094.0,328.0,260.0,264.0,294.0,307.0,209.0,432.0
높은오름,제주특별자치도 제주시 구좌읍 중산간동로 ,관광지,자연,자연관광지,산,883.0,6.0,57.0,10.0,11.0,8.0,9.0,6.0,8.0,5.0
누웨마루거리,제주특별자치도 제주시 신광로 47 (연동) ,관광지,인문(문화/예술/역사),체험관광지,이색거리,2082.0,6.0,180.0,23.0,24.0,25.0,41.0,20.0,28.0,19.0
느지리오름,제주특별자치도 제주시 한림읍 봉수대길 5 ,관광지,자연,자연관광지,산,746.0,6.0,64.0,8.0,6.0,8.0,12.0,12.0,9.0,9.0
늘봄흑돼지,제주특별자치도 제주시 한라대학로 12 ,음식점,음식,음식점,한식,732.0,6.0,76.0,9.0,11.0,9.0,14.0,16.0,9.0,8.0
늘송파크텔,제주특별자치도 제주시 원노형5길 22 (노형동),숙박,숙박,숙박시설,모텔,255.0,6.0,11.0,1.0,5.0,0.0,1.0,2.0,2.0,0.0
니모메빈티지라운지,제주특별자치도 제주시 일주서로 7335-8 ,음식점,음식,음식점,카페/전통찻집,195.0,6.0,19.0,4.0,0.0,2.0,3.0,5.0,5.0,0.0
다가미애월점,제주특별자치도 제주시 평화로 2901-1 ,음식점,음식,음식점,한식,168.0,6.0,13.0,1.0,2.0,2.0,2.0,4.0,2.0,0.0
다랑쉬오름,제주특별자치도 제주시 구좌읍 세화리 산6 ,관광지,자연,자연관광지,산,12680.0,6.0,728.0,128.0,93.0,92.0,141.0,115.0,72.0,87.0
다래향,제주특별자치도 제주시 조천읍 조함해안로 428-4 ,음식점,음식,음식점,중식,296.0,6.0,22.0,4.0,2.0,4.0,4.0,4.0,2.0,2.0
다려도,제주특별자치도 제주시 조천읍 북촌리 산 89,관광지,자연,자연관광지,섬,696.0,6.0,84.0,13.0,7.0,10.0,19.0,21.0,9.0,5.0
다미회,제주특별자치도 제주시 동광로2길 9-4 ,음식점,음식,음식점,일식,156.0,6.0,14.0,3.0,2.0,3.0,1.0,2.0,3.0,0.0
다이나믹메이즈,제주특별자치도 서귀포시 표선면 번영로 2644 ,관광지,인문(문화/예술/역사),휴양관광지,테마공원,7386.0,6.0,462.0,73.0,89.0,61.0,71.0,55.0,49.0,64.0
다인리조트,제주특별자치도 제주시 애월읍 애월해안로 400-9 ,숙박,숙박,숙박시설,펜션,405.0,6.0,45.0,6.0,9.0,12.0,6.0,3.0,5.0,4.0
다인오세아노호텔,제주특별자치도 제주시 애월해안로 394 ,숙박,숙박,숙박시설,관광호텔,739.0,6.0,69.0,5.0,14.0,11.0,9.0,14.0,4.0,12.0
달페이지,제주특별자치도 서귀포시 색달로64번길 51 ,음식점,음식,음식점,서양식,262.0,6.0,18.0,1.0,4.0,2.0,1.0,5.0,3.0,2.0
닭머르해안길,제주특별자치도 제주시 조천읍 신촌북3길 62-1 ,관광지,자연,자연관광지,자연생태관광지,12241.0,6.0,645.0,107.0,99.0,92.0,88.0,91.0,86.0,82.0
답다니탑망대,제주특별자치도 제주시 우도면 우도해안길 602 ,관광지,인문(문화/예술/역사),건축/조형물,유명건물,713.0,6.0,110.0,26.0,10.0,16.0,21.0,16.0,11.0,10.0
당산봉,제주특별자치도 제주시 한경면 고산리 산 15,관광지,자연,자연관광지,산,1388.0,6.0,125.0,19.0,13.0,10.0,32.0,22.0,13.0,16.0
당케올레국수,제주특별자치도 서귀포시 표선면 표선당포로 4 ,음식점,음식,음식점,한식,348.0,6.0,29.0,5.0,6.0,1.0,5.0,7.0,3.0,2.0
당포로나인돈카츠,제주특별자치도 서귀포시 표선당포로 9 ,음식점,음식,음식점,일식,297.0,6.0,35.0,9.0,1.0,2.0,10.0,6.0,6.0,1.0
대기정,제주특별자치도 서귀포시 이어도로 41 (대포동),음식점,음식,음식점,한식,260.0,6.0,22.0,1.0,4.0,6.0,3.0,3.0,3.0,2.0
대우정,제주특별자치도 서귀포시 이어도로 866-37 ,음식점,음식,음식점,한식,682.0,6.0,51.0,7.0,4.0,8.0,13.0,10.0,4.0,5.0
대정향교,제주특별자치도 서귀포시 안덕면 향교로 165-17 ,관광지,인문(문화/예술/역사),역사관광지,유적지/사적지,1020.0,6.0,98.0,13.0,17.0,14.0,15.0,15.0,10.0,14.0
대춘해장국,제주특별자치도 제주시 연북로 398 ,음식점,음식,음식점,한식,181.0,6.0,22.0,1.0,5.0,1.0,4.0,6.0,4.0,1.0
대평포구,제주특별자치도 서귀포시 안덕면 창천리 914-5 ,관광지,자연,자연관광지,항구/포구,1424.0,6.0,119.0,17.0,17.0,15.0,23.0,13.0,14.0,20.0
대포포구,제주특별자치도 서귀포시 대포로 172-8 (대포동),관광지,자연,자연관광지,항구/포구,585.0,6.0,55.0,7.0,9.0,7.0,12.0,7.0,5.0,8.0
더아일랜더,제주특별자치도 제주시 관덕로4길 7 ,쇼핑,쇼핑,쇼핑,특산물판매점,445.0,6.0,44.0,5.0,5.0,6.0,10.0,9.0,3.0,6.0
더리트리브,제주특별자치도 서귀포시 화순로 67 청산가든 ,음식점,음식,음식점,카페/전통찻집,279.0,6.0,35.0,3.0,5.0,4.0,3.0,6.0,7.0,7.0
더마파크,제주특별자치도 제주시 한림읍 월림7길 155 ,관광지,인문(문화/예술/역사),휴양관광지,테마공원,3972.0,6.0,555.0,78.0,80.0,66.0,114.0,105.0,59.0,53.0
더클리프,제주특별자치도 서귀포시 중문관광로 154-17 (색달동),음식점,음식,음식점,서양식,303.0,6.0,42.0,6.0,9.0,4.0,10.0,5.0,4.0,4.0
덕성원,제주특별자치도 서귀포시 태평로401번길 4 ,음식점,음식,음식점,중식,564.0,6.0,49.0,7.0,7.0,2.0,11.0,10.0,4.0,8.0
델문도,제주특별자치도 제주시 조천읍 조함해안로 519-10 ,음식점,음식,음식점,카페/전통찻집,1376.0,6.0,153.0,22.0,18.0,21.0,32.0,24.0,24.0,12.0
도두봉,제주특별자치도 제주시 도두일동 산 1 ,관광지,자연,자연관광지,산,6990.0,6.0,432.0,53.0,44.0,58.0,80.0,87.0,51.0,59.0
도두항,제주특별자치도 제주시 도공로 2 (도두일동),관광지,자연,자연관광지,항구/포구,960.0,6.0,101.0,13.0,12.0,20.0,19.0,8.0,15.0,14.0
도두해녀의집,제주특별자치도 제주시 도두항길 16 (도두일동),음식점,음식,음식점,한식,748.0,6.0,97.0,8.0,12.0,14.0,17.0,16.0,14.0,16.0
도리미오름,제주특별자치도 제주시 구좌읍 송당리 산 255-1,관광지,자연,자연관광지,산,333.0,6.0,38.0,5.0,5.0,10.0,3.0,5.0,3.0,7.0
도을,제주특별자치도 제주시 남조로 2343 ,음식점,음식,음식점,카페/전통찻집,295.0,6.0,26.0,2.0,7.0,2.0,3.0,5.0,6.0,1.0
도치돌알파카목장,제주특별자치도 제주시 애월읍 도치돌길 293 ,관광지,인문(문화/예술/역사),체험관광지,농.산.어촌 체험,1675.0,6.0,156.0,40.0,12.0,21.0,25.0,28.0,13.0,17.0
도토리키친,제주특별자치도 제주시  북성로 (59) ,음식점,음식,음식점,이색음식점,265.0,6.0,31.0,7.0,2.0,1.0,8.0,3.0,7.0,3.0
독개물항,제주특별자치도 제주시 한림읍 한림로 478 ,음식점,음식,음식점,한식,671.0,6.0,58.0,5.0,5.0,9.0,11.0,12.0,9.0,7.0
돈내코,제주특별자치도 서귀포시 돈내코로 137 ,관광지,자연,자연관광지,계곡,6251.0,6.0,355.0,44.0,66.0,43.0,63.0,51.0,35.0,53.0
돈내코힐리조트,제주특별자치도 서귀포시 돈내코로 180 (상효동),숙박,숙박,숙박시설,게스트하우스,422.0,6.0,36.0,5.0,5.0,4.0,4.0,2.0,9.0,7.0
돈사돈,제주특별자치도 제주시 우평로 19 ,음식점,음식,음식점,한식,1705.0,6.0,187.0,24.0,22.0,22.0,41.0,34.0,17.0,27.0
돈사촌,제주특별자치도 서귀포시 동홍중앙로52번길 4 ,음식점,음식,음식점,한식,129.0,6.0,22.0,2.0,1.0,1.0,4.0,5.0,5.0,4.0
돈이랑,제주특별자치도 서귀포시 일주서로 953 (색달동),음식점,음식,음식점,한식,264.0,6.0,21.0,5.0,2.0,1.0,4.0,5.0,1.0,3.0
돈향기,제주특별자치도 제주시 관덕로15길 30 ,음식점,음식,음식점,한식,198.0,6.0,25.0,5.0,2.0,9.0,2.0,3.0,2.0,2.0
돔베돈,제주특별자치도 제주시 관덕로15길 25 ,음식점,음식,음식점,한식,210.0,6.0,23.0,7.0,1.0,1.0,9.0,3.0,1.0,1.0
동도원,제주특별자치도 서귀포시 이어도로 189 ,음식점,음식,음식점,한식,237.0,6.0,19.0,2.0,1.0,3.0,2.0,6.0,2.0,3.0
동문수산시장,제주특별자치도 제주시 이도일동 1349-60 ,쇼핑,쇼핑,쇼핑,상설시장,2687.0,6.0,179.0,26.0,18.0,22.0,29.0,23.0,18.0,43.0
동문재래시장,제주특별자치도 제주시 관덕로14길 20 ,쇼핑,쇼핑,쇼핑,상설시장,23886.0,6.0,1496.0,201.0,228.0,211.0,268.0,274.0,150.0,164.0
동박생이,제주특별자치도 제주시 구좌읍 월정1길 89 ,숙박,숙박,숙박시설,펜션,398.0,6.0,34.0,6.0,2.0,4.0,9.0,8.0,1.0,4.0
동백포레스트,제주특별자치도 서귀포시 남원읍 생기악로 53-38 ,관광지,자연,자연관광지,수목원,11609.0,6.0,137.0,19.0,26.0,27.0,18.0,15.0,20.0,12.0
동일리포구,제주특별자치도 서귀포시 대정읍 동일하모로98번길 14-32 ,관광지,자연,자연관광지,항구/포구,478.0,6.0,53.0,11.0,11.0,6.0,5.0,6.0,9.0,5.0
동해미락,제주특별자치도 서귀포시 칠십리로 133 ,음식점,음식,음식점,일식,537.0,6.0,52.0,4.0,3.0,15.0,8.0,8.0,7.0,7.0
두맹이골목,제주특별자치도 제주시 일도이동 1006-11,관광지,인문(문화/예술/역사),체험관광지,이색거리,741.0,6.0,59.0,16.0,7.0,9.0,12.0,3.0,8.0,4.0
두산봉,제주특별자치도 서귀포시 성산읍 시흥리 산1-5,관광지,자연,자연관광지,산,1016.0,6.0,105.0,23.0,11.0,11.0,21.0,15.0,10.0,14.0
둔지봉,제주특별자치도 제주시 구좌읍 한동리 산 40,관광지,자연,자연관광지,산,527.0,6.0,44.0,10.0,5.0,7.0,8.0,6.0,4.0,4.0
뒤굽은이오름,제주특별자치도 서귀포시 성산읍 일주동로 (수산리) 일대,관광지,자연,자연관광지,산,478.0,6.0,40.0,11.0,6.0,2.0,5.0,9.0,5.0,2.0
듀포레,제주특별자치도 제주시 서해안로 579 ,음식점,음식,음식점,카페/전통찻집,148.0,6.0,21.0,4.0,4.0,0.0,2.0,7.0,2.0,2.0
등경돌식당,제주특별자치도 서귀포시 성산읍 일출로 279 ,음식점,음식,음식점,한식,251.0,6.0,22.0,3.0,5.0,1.0,7.0,2.0,0.0,4.0
디아넥스호텔,제주특별자치도 서귀포시 안덕면 산록남로762번길 71 ,숙박,숙박,숙박시설,관광호텔,542.0,6.0,45.0,6.0,7.0,10.0,6.0,6.0,6.0,4.0
따라비오름,제주특별자치도 서귀포시 표선면 가시리 산62,관광지,자연,자연관광지,산,6840.0,6.0,252.0,43.0,36.0,27.0,52.0,40.0,34.0,20.0
띠띠빵빵,제주특별자치도 제주시 우도면 우도해안길 982 ,음식점,음식,음식점,중식,206.0,6.0,23.0,0.0,3.0,7.0,3.0,3.0,3.0,4.0
라마다제주함덕호텔,제주특별자치도 제주시 조천읍 신북로 470 ,숙박,숙박,숙박시설,관광호텔,637.0,6.0,92.0,12.0,15.0,14.0,19.0,12.0,10.0,10.0
라마다프라자제주호텔,제주특별자치도 제주시 탑동로 66 ,숙박,숙박,숙박시설,관광호텔,1010.0,6.0,103.0,17.0,19.0,12.0,18.0,19.0,5.0,13.0
라온골프클럽,제주특별자치도 제주시 한경면 용금로 998 ,레포츠,레포츠,육상 레포츠,골프,615.0,6.0,44.0,12.0,3.0,6.0,5.0,8.0,8.0,2.0
라온명품관,제주특별자치도 제주시 한림읍 금능남로 127 ,쇼핑,쇼핑,쇼핑,전문매장/상가,464.0,6.0,33.0,2.0,7.0,5.0,4.0,4.0,4.0,7.0
라온호텔앤리조트,제주특별자치도 제주시 한림읍 금능남로 127 ,관광지,인문(문화/예술/역사),휴양관광지,관광단지,619.0,6.0,80.0,11.0,7.0,12.0,18.0,9.0,13.0,10.0
라헨느리조트,제주특별자치도 제주시 명림로 384 ,숙박,인문(문화/예술/역사),휴양관광지,관광단지,364.0,6.0,21.0,4.0,1.0,5.0,4.0,3.0,2.0,2.0
랜딩다이닝,제주특별자치도 서귀포시 안덕면 신화역사로304번길 38 ,음식점,음식,음식점,이색음식점,545.0,6.0,44.0,8.0,3.0,12.0,8.0,6.0,4.0,3.0
랜딩관제주신화월드호텔앤리조트,제주특별자치도 서귀포시 안덕면 신화역사로304번길 38 ,숙박,숙박,숙박시설,관광호텔,713.0,6.0,60.0,16.0,10.0,9.0,8.0,5.0,3.0,9.0
로빙화,제주특별자치도 서귀포시 남원읍 남태해안로 13 ,음식점,음식,음식점,카페/전통찻집,331.0,6.0,29.0,0.0,8.0,8.0,4.0,3.0,3.0,3.0
롯데시티호텔제주,제주특별자치도 제주시 도령로 83 ,숙박,숙박,숙박시설,관광호텔,394.0,6.0,40.0,9.0,7.0,3.0,6.0,8.0,3.0,4.0
롯데호텔제주,제주특별자치도 서귀포시 중문관광로72번길 35 ,숙박,숙박,숙박시설,관광호텔,1070.0,6.0,105.0,12.0,17.0,13.0,19.0,22.0,10.0,12.0
르쉬느아,제주특별자치도 서귀포시 안덕면 신화역사로304번길 38 ,음식점,음식,음식점,중식,1174.0,6.0,129.0,24.0,18.0,13.0,14.0,35.0,16.0,9.0
르토아베이스먼트,제주특별자치도 제주시 해맞이해안로 1226 ,음식점,음식,음식점,카페/전통찻집,194.0,6.0,17.0,0.0,4.0,3.0,0.0,5.0,4.0,1.0
마노르블랑,제주특별자치도 서귀포시 안덕면 일주서로2100번길 46 ,음식점,음식,음식점,카페/전통찻집,3409.0,6.0,440.0,70.0,61.0,50.0,63.0,72.0,62.0,62.0
마돈,제주특별자치도 서귀포시 성산읍 섭지코지로 56 ,음식점,음식,음식점,한식,147.0,6.0,15.0,4.0,2.0,1.0,3.0,2.0,3.0,0.0
마두천손칼국수,제주특별자치도 제주시 용해로 45 ,음식점,음식,음식점,한식,269.0,6.0,36.0,3.0,9.0,4.0,7.0,5.0,4.0,4.0
마라도등대,"제주특별자치도 서귀포시 대정읍 마라로 (165, 마라도항로표지관리소) ",관광지,자연,자연관광지,등대,834.0,6.0,112.0,14.0,16.0,13.0,28.0,14.0,15.0,12.0
마라도,제주특별자치도 서귀포시 대정읍 마라로101번길 46 ,관광지,자연,자연관광지,섬,6306.0,6.0,419.0,64.0,73.0,58.0,77.0,57.0,36.0,54.0
마마롱,제주특별자치도 제주시 평화로 2783 1층,음식점,음식,음식점,카페/전통찻집,346.0,6.0,43.0,6.0,6.0,7.0,5.0,10.0,5.0,4.0
마틸다,제주특별자치도 제주시 고내1길 33 ,음식점,음식,음식점,카페/전통찻집,333.0,6.0,36.0,5.0,4.0,4.0,10.0,2.0,4.0,7.0
만덕이네,제주특별자치도 서귀포시 표선면 서성일로 16 ,음식점,음식,음식점,한식,651.0,6.0,57.0,7.0,3.0,13.0,7.0,12.0,6.0,9.0
만부정,제주특별자치도 제주시 사장길 38 ,음식점,음식,음식점,일식,274.0,6.0,15.0,4.0,1.0,2.0,2.0,2.0,3.0,1.0
만선식당,제주특별자치도 서귀포시 대정읍 하모항구로 44 ,음식점,음식,음식점,한식,479.0,6.0,54.0,4.0,5.0,8.0,10.0,11.0,5.0,11.0
만월당,제주특별자치도 제주시 월정1길 56 ,음식점,음식,음식점,서양식,309.0,6.0,45.0,4.0,11.0,4.0,8.0,7.0,8.0,3.0
만장굴,제주특별자치도 제주시 구좌읍 만장굴길 182 (구좌읍),관광지,자연,자연관광지,동굴,43227.0,6.0,4622.0,695.0,691.0,718.0,929.0,849.0,297.0,443.0
맛나식당,제주특별자치도 서귀포시 성산읍 동류암로 41 ,음식점,음식,음식점,한식,910.0,6.0,69.0,9.0,6.0,5.0,12.0,14.0,15.0,8.0
맛있는집,제주특별자치도 서귀포시 중앙로 110 ,음식점,음식,음식점,한식,458.0,6.0,41.0,5.0,9.0,4.0,5.0,9.0,3.0,6.0
맥파이브루어리,제주특별자치도 제주시 동회천1길 23 (회천동),관광지,인문(문화/예술/역사),산업관광지,식음료,823.0,6.0,61.0,6.0,12.0,5.0,9.0,11.0,5.0,13.0
머체왓숲길,제주특별자치도 서귀포시 남원읍 서성로 755 ,레포츠,레포츠,육상 레포츠,트래킹,5344.0,6.0,440.0,79.0,53.0,62.0,69.0,76.0,48.0,53.0
메리어트관제주신화월드호텔앤리조트,제주특별자치도 서귀포시 안덕면 신화역사로304번길 38 ,숙박,숙박,숙박시설,관광호텔,258.0,6.0,26.0,1.0,3.0,6.0,4.0,4.0,7.0,1.0
메이즈랜드,제주특별자치도 제주시 구좌읍 비자림로 2134-47 ,관광지,인문(문화/예술/역사),휴양관광지,테마공원,8368.0,6.0,531.0,66.0,67.0,73.0,122.0,102.0,46.0,55.0
메종글래드제주,제주특별자치도 제주시 노연로 80 ,숙박,숙박,숙박시설,관광호텔,586.0,6.0,48.0,3.0,14.0,5.0,9.0,8.0,4.0,5.0
메콩스카이,제주특별자치도 제주시 연오로 35 1층,음식점,음식,음식점,이색음식점,290.0,6.0,25.0,4.0,3.0,2.0,5.0,5.0,2.0,4.0
면뽑는선생만두빚는아내,제주특별자치도 제주시 한림읍 옹포2길 10 ,음식점,음식,음식점,한식,236.0,6.0,20.0,2.0,4.0,3.0,3.0,4.0,2.0,2.0
명랑스낵,제주특별자치도 제주시 한림로 585 ,음식점,음식,음식점,한식,713.0,6.0,68.0,13.0,8.0,9.0,7.0,15.0,8.0,8.0
명월국민학교,제주특별자치도 제주시 한림읍 명월로 48 ,음식점,음식,음식점,이색음식점,2090.0,6.0,157.0,26.0,17.0,15.0,28.0,20.0,30.0,21.0
명월성지,제주특별자치도 제주시 한림읍 명월리 2236 ,관광지,인문(문화/예술/역사),역사관광지,성,1048.0,6.0,100.0,22.0,15.0,16.0,14.0,17.0,8.0,8.0
명진전복,제주특별자치도 제주시 구좌읍 해맞이해안로 1282 ,음식점,음식,음식점,한식,2602.0,6.0,324.0,44.0,32.0,39.0,57.0,68.0,37.0,47.0
모구리오름,제주특별자치도 서귀포시 성산읍 서성일로 260 ,관광지,자연,자연관광지,산,651.0,6.0,51.0,11.0,4.0,7.0,11.0,5.0,7.0,6.0
모노클제주,제주특별자치도 서귀포시 태위로360번길 30-8 ,음식점,음식,음식점,카페/전통찻집,191.0,6.0,14.0,2.0,2.0,1.0,4.0,2.0,3.0,0.0
모뉴에트,제주특별자치도 제주시 종달동길 23 ,음식점,음식,음식점,카페/전통찻집,241.0,6.0,20.0,4.0,2.0,4.0,1.0,3.0,3.0,3.0
모루쿠다,제주특별자치도 서귀포시 태평로431번길 32 1층,음식점,음식,음식점,일식,621.0,6.0,64.0,11.0,6.0,10.0,11.0,6.0,11.0,9.0
모슬포중앙시장,제주특별자치도 서귀포시 대정읍 영서중로13번길 9-8 ,쇼핑,쇼핑,쇼핑,상설시장,1837.0,6.0,166.0,18.0,24.0,28.0,29.0,20.0,25.0,22.0
모이소,"제주특별자치도 제주시 신광로8길 14 (연동,송네하우스)",쇼핑,쇼핑,쇼핑,공예/공방,334.0,6.0,24.0,2.0,4.0,2.0,7.0,4.0,5.0,0.0
모지오름,제주특별자치도 서귀포시 표선면 성읍리 산22,관광지,자연,자연관광지,산,550.0,6.0,48.0,5.0,9.0,5.0,8.0,10.0,5.0,6.0
목장카페드르쿰다,제주특별자치도 서귀포시 표선면 번영로 2454 ,음식점,음식,음식점,카페/전통찻집,1354.0,6.0,122.0,15.0,14.0,14.0,27.0,20.0,18.0,14.0
몬스터살롱,제주특별자치도 제주시 일주서로 6017 ,음식점,음식,음식점,서양식,215.0,6.0,27.0,9.0,0.0,4.0,2.0,2.0,4.0,6.0
몰질식육식당,제주특별자치도 서귀포시 이어도로 598 ,음식점,음식,음식점,한식,258.0,6.0,16.0,1.0,6.0,0.0,2.0,3.0,2.0,2.0
몽생이,제주특별자치도 제주시 한경면 녹차분재로 628 ,음식점,음식,음식점,한식,723.0,6.0,92.0,9.0,11.0,5.0,11.0,19.0,20.0,17.0
몽생이,제주특별자치도 제주시 한경면 녹차분재로 628 ,음식점,음식,음식점,한식,723.0,6.0,20.0,3.0,2.0,2.0,1.0,5.0,3.0,4.0
무거버거,제주특별자치도 제주시 조함해안로 356 ,음식점,음식,음식점,서양식,369.0,6.0,33.0,3.0,3.0,9.0,5.0,6.0,4.0,3.0
무릉자전거도로,제주특별자치도 제주시 한경면 판포리 1610,레포츠,레포츠,육상 레포츠,트래킹,350.0,6.0,53.0,8.0,6.0,7.0,12.0,7.0,5.0,8.0
무비랜드왁스뮤지엄,제주특별자치도 서귀포시 중문관광로 205 (중문동) ,문화시설,인문(문화/예술/역사),문화시설,박물관,969.0,6.0,85.0,15.0,9.0,5.0,13.0,18.0,9.0,16.0
무수천,제주특별자치도 제주시 애월읍 무수천길 (애월읍) 일대,관광지,자연,자연관광지,계곡,814.0,6.0,90.0,13.0,13.0,13.0,12.0,16.0,17.0,6.0
무인카페산책,제주특별자치도 제주시 애월읍 고내로7길 49 ,음식점,음식,음식점,카페/전통찻집,443.0,6.0,49.0,11.0,4.0,7.0,9.0,8.0,8.0,2.0
문도지오름,제주특별자치도 제주시 한림읍 금악리 3444 ,관광지,자연,자연관광지,산,1495.0,6.0,158.0,25.0,18.0,24.0,24.0,17.0,21.0,29.0
문서프,제주특별자치도 제주시 애월읍 곽지7길 1 ,레포츠,레포츠,수상 레포츠,윈드서핑/제트스키,405.0,6.0,53.0,10.0,5.0,10.0,9.0,5.0,5.0,9.0
물고기나무게스트하우스,제주특별자치도 서귀포시 성산읍 중산간동로 4204-14 ,숙박,숙박,숙박시설,펜션,315.0,6.0,27.0,1.0,3.0,2.0,8.0,8.0,2.0,3.0
물뫼힐링팜,제주특별자치도 제주시 애월읍 예원로 51 ,관광지,인문(문화/예술/역사),체험관광지,이색체험,987.0,6.0,81.0,15.0,16.0,9.0,20.0,7.0,5.0,9.0
물영아리오름,제주특별자치도 서귀포시 남원읍 태수로 552 ,관광지,자연,자연관광지,산,7805.0,6.0,896.0,168.0,136.0,126.0,113.0,127.0,100.0,126.0
미도모텔,제주특별자치도 서귀포시 성산읍 성산등용로 1 ,숙박,숙박,숙박시설,모텔,265.0,6.0,24.0,5.0,5.0,3.0,5.0,3.0,1.0,2.0
미스틱3도,제주특별자치도 제주시 1100로 2894-49 1층,음식점,음식,음식점,카페/전통찻집,248.0,6.0,20.0,4.0,2.0,3.0,7.0,2.0,2.0,0.0
미엘드세화,제주특별자치도 제주시 해맞이해안로 1464 ,음식점,음식,음식점,카페/전통찻집,179.0,6.0,21.0,1.0,4.0,2.0,7.0,4.0,1.0,2.0
미천굴,제주특별자치도 서귀포시 성산읍 중산간동로 4150-30 ,관광지,자연,자연관광지,동굴,1936.0,6.0,307.0,63.0,37.0,49.0,34.0,23.0,20.0,81.0
미친부엌,"제주특별자치도 제주시 탑동로 15 1,2층",음식점,음식,음식점,일식,869.0,6.0,73.0,14.0,10.0,9.0,17.0,13.0,5.0,5.0
미쿠니,제주특별자치도 제주시 서흘길 41 ,음식점,음식,음식점,카페/전통찻집,165.0,6.0,20.0,1.0,3.0,3.0,5.0,2.0,2.0,4.0
밀레니엄빌,제주특별자치도 서귀포시 보목로64번길 196 ,숙박,숙박,숙박시설,펜션,129.0,6.0,11.0,5.0,1.0,1.0,1.0,2.0,1.0,0.0
바늘오름,제주특별자치도 제주시 조천읍 교래리 산 108,관광지,자연,자연관광지,산,474.0,6.0,44.0,10.0,3.0,6.0,6.0,5.0,5.0,9.0
바다는안보여요,제주특별자치도 제주시 구좌읍 종달로5길 31-1 ,음식점,음식,음식점,카페/전통찻집,214.0,6.0,15.0,2.0,2.0,1.0,5.0,2.0,0.0,3.0
바다를본돼지,제주특별자치도 제주시 한경면 판포1길 16 ,음식점,음식,음식점,한식,1234.0,6.0,64.0,8.0,8.0,5.0,14.0,11.0,10.0,8.0
바다를본돼지,제주특별자치도 제주시 한경면 판포1길 16 ,음식점,음식,음식점,한식,1234.0,6.0,75.0,9.0,10.0,9.0,15.0,13.0,4.0,15.0
바다속고등어쌈밥,제주특별자치도 제주시 애월읍 일주서로 7089 ,음식점,음식,음식점,한식,1017.0,6.0,103.0,13.0,19.0,14.0,17.0,16.0,8.0,16.0
바다위에코끼리,제주특별자치도 제주시 한림읍 협재1길 27-6 ,음식점,음식,음식점,카페/전통찻집,238.0,6.0,29.0,4.0,4.0,5.0,4.0,5.0,1.0,6.0
바다잔치,제주특별자치도 제주시 탑동로 79 ,음식점,음식,음식점,한식,196.0,6.0,30.0,8.0,2.0,6.0,2.0,4.0,3.0,5.0
바다제비,제주특별자치도 제주시 한림로 640 ,음식점,음식,음식점,한식,182.0,6.0,20.0,0.0,1.0,3.0,7.0,4.0,2.0,3.0
바다풍경횟집,제주특별자치도 제주시 서해안로 654 (용담삼동),음식점,음식,음식점,한식,1058.0,6.0,141.0,15.0,13.0,24.0,30.0,23.0,21.0,15.0
바다해호텔,제주특별자치도 서귀포시 천지연로 3-1 (서귀동),숙박,숙박,숙박시설,게스트하우스,552.0,6.0,58.0,14.0,7.0,6.0,4.0,13.0,7.0,7.0
바람벽에흰당나귀,제주특별자치도 제주시 동복로 11 ,음식점,음식,음식점,카페/전통찻집,341.0,6.0,44.0,4.0,5.0,6.0,8.0,8.0,7.0,6.0
바램목장&카페,제주특별자치도 서귀포시 신화역사로 611 ,음식점,음식,음식점,카페/전통찻집,213.0,6.0,29.0,2.0,4.0,6.0,5.0,5.0,4.0,3.0
바움하우스,제주특별자치도 제주시 서해안로 448 1층,음식점,음식,음식점,한식,141.0,6.0,16.0,1.0,2.0,4.0,2.0,5.0,1.0,1.0
바위소리,제주특별자치도 제주시 우도면 우도해안길 1112 ,음식점,음식,음식점,카페/전통찻집,206.0,6.0,25.0,6.0,3.0,3.0,2.0,5.0,5.0,1.0
바이나흐튼크리스마스박물관,제주특별자치도 서귀포시 안덕면 평화로 654 ,문화시설,인문(문화/예술/역사),문화시설,박물관,4456.0,6.0,123.0,21.0,14.0,21.0,24.0,16.0,14.0,13.0
바이제주,제주특별자치도 제주시 서해안로 626 (용담삼동),쇼핑,쇼핑,쇼핑,특산물판매점,554.0,6.0,56.0,8.0,5.0,12.0,9.0,6.0,7.0,9.0
바캉스샤브샤브,제주특별자치도 제주시 조천읍 신북로 595 ,음식점,음식,음식점,한식,224.0,6.0,18.0,1.0,4.0,2.0,3.0,3.0,3.0,2.0
박물관은살아있다,제주특별자치도 서귀포시 중문관광로 42 ,문화시설,인문(문화/예술/역사),문화시설,박물관,7143.0,6.0,662.0,78.0,103.0,91.0,116.0,100.0,71.0,103.0
박수기정,제주특별자치도 서귀포시 안덕면 난드르로 90-25 ,관광지,자연,자연관광지,해안절경,9479.0,6.0,393.0,62.0,55.0,44.0,76.0,52.0,49.0,55.0
발자국화석공원,제주특별자치도 서귀포시 대정읍 형제해안로 192 ,관광지,자연,관광자원,기암괴석,1281.0,6.0,118.0,19.0,13.0,13.0,22.0,13.0,23.0,15.0
방림원,제주특별자치도 제주시 한경면 용금로 864 ,문화시설,인문(문화/예술/역사),문화시설,전시관,1312.0,6.0,96.0,13.0,10.0,19.0,26.0,9.0,10.0,9.0
방선문,제주특별자치도 제주시 오라이동 39-1,관광지,자연,자연관광지,계곡,623.0,6.0,51.0,10.0,4.0,15.0,6.0,5.0,7.0,4.0
방주교회,제주특별자치도 서귀포시 안덕면 산록남로762번길 113 ,관광지,인문(문화/예술/역사),역사관광지,종교성지,13913.0,6.0,974.0,130.0,146.0,127.0,154.0,181.0,119.0,117.0
백기해녀의집,제주특별자치도 서귀포시 성산읍 일출로 88-19 ,음식점,음식,음식점,한식,381.0,6.0,40.0,9.0,9.0,5.0,6.0,2.0,6.0,3.0
백리향,제주특별자치도 제주시 조천읍 신북로 244 ,음식점,음식,음식점,한식,226.0,6.0,35.0,1.0,4.0,5.0,4.0,8.0,6.0,7.0
백약이오름,제주특별자치도 서귀포시 표선면 성읍리 산1 ,관광지,자연,자연관광지,산,8939.0,6.0,650.0,68.0,91.0,80.0,116.0,105.0,105.0,85.0
백제사,제주특별자치도 제주시 애월읍 광령남6길 54 (애월읍),관광지,인문(문화/예술/역사),역사관광지,사찰,432.0,6.0,31.0,8.0,2.0,3.0,3.0,5.0,4.0,6.0
백패커스홈,제주특별자치도 서귀포시 중정로 24-7 (서귀동),숙박,숙박,숙박시설,게스트하우스,315.0,6.0,32.0,4.0,11.0,8.0,1.0,4.0,0.0,4.0
뱅인타코,제주특별자치도 서귀포시 에듀시티로 74 라온프라이빗에듀 상가동 101호,음식점,음식,음식점,서양식,191.0,6.0,16.0,2.0,2.0,1.0,2.0,2.0,4.0,3.0
버터모닝,제주특별자치도 제주시 하광로 279 ,음식점,음식,음식점,카페/전통찻집,449.0,6.0,40.0,4.0,2.0,8.0,12.0,6.0,4.0,4.0
법화사,제주특별자치도 서귀포시 하원북로35번길 15-28 법화사 ,관광지,인문(문화/예술/역사),역사관광지,사찰,1620.0,6.0,131.0,12.0,20.0,13.0,25.0,24.0,16.0,21.0
법환포구,제주특별자치도 서귀포시 막숙포로 46 (법환동),관광지,자연,자연관광지,항구/포구,2010.0,6.0,151.0,25.0,30.0,22.0,26.0,14.0,21.0,13.0
벙커하우스,제주특별자치도 서귀포시 막숙포로41번길 66 ,음식점,음식,음식점,카페/전통찻집,349.0,6.0,58.0,6.0,9.0,7.0,12.0,10.0,9.0,5.0
베니키아중문호텔,제주특별자치도 서귀포시 천제연로 166 (중문동),숙박,숙박,숙박시설,관광호텔,207.0,6.0,22.0,3.0,4.0,5.0,3.0,4.0,1.0,2.0
베니키아호텔제주,제주특별자치도 제주시 애월읍 애월해안로 554-10 ,숙박,숙박,숙박시설,관광호텔,272.0,6.0,26.0,4.0,6.0,3.0,6.0,3.0,3.0,1.0
베릿네오름,제주특별자치도 서귀포시 중문동 2314-2 ,관광지,자연,자연관광지,산,1551.0,6.0,112.0,23.0,11.0,17.0,23.0,7.0,12.0,19.0
베이힐풀앤빌라,제주특별자치도 서귀포시 예래로 424 (하예동),숙박,숙박,숙박시설,콘도미니엄,391.0,6.0,58.0,8.0,8.0,13.0,8.0,10.0,7.0,4.0
별도봉,제주특별자치도 제주시 선반로 (화북일동),관광지,자연,자연관광지,산,942.0,6.0,73.0,19.0,6.0,5.0,13.0,12.0,6.0,12.0
별방진,제주특별자치도 제주시 구좌읍 하도리 3354 (구좌읍),관광지,인문(문화/예술/역사),역사관광지,성,2260.0,6.0,172.0,32.0,21.0,36.0,19.0,29.0,19.0,16.0
볕이드는곳벧디,제주특별자치도 제주시 은수길 65 ,음식점,음식,음식점,카페/전통찻집,344.0,6.0,38.0,9.0,4.0,2.0,7.0,10.0,1.0,5.0
보래드베이커스,제주특별자치도 서귀포시 보목로64번길 178 1층,음식점,음식,음식점,카페/전통찻집,331.0,6.0,36.0,2.0,4.0,6.0,7.0,10.0,7.0,0.0
보롬왓,제주특별자치도 서귀포시 번영로 2350-104 ,관광지,인문(문화/예술/역사),산업관광지,기타,17967.0,6.0,1275.0,188.0,184.0,186.0,264.0,170.0,116.0,167.0
보목포구,제주특별자치도 서귀포시 보목포로 46 (보목동),관광지,자연,자연관광지,항구/포구,1004.0,6.0,96.0,18.0,14.0,12.0,17.0,12.0,11.0,12.0
보물섬하이킹,"제주특별자치도 제주시 용문로14길 14 (용담이동,장원하이빌아파트)",레포츠,레포츠,육상 레포츠,자전거하이킹,587.0,6.0,53.0,10.0,7.0,2.0,13.0,4.0,10.0,7.0
보영반점,제주특별자치도 제주시 한림읍 한림로 692-1 ,음식점,음식,음식점,중식,267.0,6.0,22.0,1.0,2.0,5.0,7.0,3.0,1.0,3.0
보통청춘기록실청춘사진관,제주특별자치도 제주시 한림읍 일주서로 5867 ,관광지,인문(문화/예술/역사),체험관광지,이색체험,786.0,6.0,94.0,17.0,11.0,14.0,12.0,17.0,11.0,12.0
복단지식당,제주특별자치도 제주시 한림읍 한림북동길 26 ,음식점,음식,음식점,한식,205.0,6.0,18.0,1.0,2.0,0.0,1.0,8.0,3.0,3.0
복자씨연탄구이,제주특별자치도 서귀포시 성산읍 해맞이해안로 2764 ,음식점,음식,음식점,한식,660.0,6.0,52.0,4.0,8.0,11.0,7.0,11.0,5.0,6.0
본카페,제주특별자치도 제주시 애월읍 애월해안로 179 ,음식점,음식,음식점,카페/전통찻집,182.0,6.0,16.0,1.0,0.0,3.0,3.0,3.0,4.0,2.0
본태박물관,제주특별자치도 서귀포시 안덕면 산록남로762번길 69 (안덕면),문화시설,인문(문화/예술/역사),문화시설,박물관,8880.0,6.0,444.0,82.0,72.0,69.0,60.0,66.0,38.0,57.0
볼스카페,제주특별자치도 서귀포시 일주서로 626 ,음식점,음식,음식점,카페/전통찻집,308.0,6.0,31.0,4.0,1.0,3.0,5.0,9.0,6.0,3.0
봄날카페,제주특별자치도 제주시 애월읍 애월로1길 25 ,음식점,음식,음식점,카페/전통찻집,2277.0,6.0,279.0,46.0,34.0,38.0,40.0,66.0,20.0,35.0
봉주르마담,제주특별자치도 서귀포시 대청로 33 오름빌딩1차 103호,음식점,음식,음식점,카페/전통찻집,248.0,6.0,27.0,1.0,4.0,4.0,5.0,7.0,2.0,4.0
북촌리4.3길,제주특별자치도 제주시 조천읍 북촌3길 3 ,관광지,자연,자연관광지,자연생태관광지,836.0,6.0,93.0,14.0,19.0,5.0,18.0,17.0,10.0,10.0
북촌에가면,제주특별자치도 제주시 북촌5길 6 ,음식점,음식,음식점,카페/전통찻집,854.0,6.0,121.0,10.0,22.0,18.0,20.0,26.0,11.0,14.0
불탑사,제주특별자치도 제주시 원당로16길 41 (삼양일동),관광지,인문(문화/예술/역사),역사관광지,사찰,821.0,6.0,94.0,11.0,19.0,13.0,11.0,20.0,10.0,10.0
붉은오름자연휴양림,제주특별자치도 서귀포시 표선면 남조로 1487-73 ,관광지,자연,자연관광지,자연휴양림,3950.0,6.0,257.0,20.0,25.0,43.0,48.0,68.0,29.0,24.0
뷰스트,제주특별자치도 서귀포시 형제해안로 30 ,음식점,음식,음식점,카페/전통찻집,171.0,6.0,17.0,3.0,3.0,2.0,1.0,5.0,2.0,1.0
브릭216,제주특별자치도 서귀포시 이어도로 216 (대포동),숙박,숙박,숙박시설,게스트하우스,296.0,6.0,23.0,1.0,4.0,5.0,4.0,4.0,3.0,2.0
블라제리조트,제주특별자치도 서귀포시 녹산로 274 ,숙박,숙박,숙박시설,콘도미니엄,367.0,6.0,23.0,2.0,4.0,5.0,4.0,3.0,4.0,1.0
블랑로쉐,제주특별자치도 제주시 우도면 우도해안길 783 ,음식점,음식,음식점,카페/전통찻집,411.0,6.0,56.0,8.0,5.0,2.0,11.0,14.0,6.0,10.0
블루메베이글,제주특별자치도 제주시 가령로4길 3 ,음식점,음식,음식점,카페/전통찻집,564.0,6.0,63.0,9.0,10.0,8.0,8.0,12.0,6.0,10.0
블루사이공,제주특별자치도 제주시 중산간서로 6333 ,음식점,음식,음식점,이색음식점,302.0,6.0,34.0,3.0,4.0,10.0,7.0,3.0,4.0,3.0
블룸호텔,제주특별자치도 서귀포시 중문관광로72번길 53 (색달동) ,숙박,숙박,숙박시설,관광호텔,278.0,6.0,25.0,5.0,4.0,6.0,5.0,2.0,0.0,3.0
블리스풀,제주특별자치도 제주시 산록서로 383 1층,음식점,음식,음식점,카페/전통찻집,296.0,6.0,33.0,10.0,6.0,3.0,2.0,2.0,4.0,6.0
비스타리조트,제주특별자치도 제주시 서해안로 74 ,숙박,인문(문화/예술/역사),휴양관광지,관광단지,191.0,6.0,23.0,7.0,4.0,3.0,3.0,4.0,1.0,1.0
비양도,제주특별자치도 제주시 한림읍 한림리 ,관광지,자연,자연관광지,섬,9499.0,6.0,567.0,87.0,68.0,107.0,107.0,78.0,62.0,58.0
비원,제주특별자치도 제주시 수목원길 3-1 ,음식점,음식,음식점,한식,164.0,6.0,19.0,3.0,2.0,3.0,1.0,4.0,4.0,2.0
비자림,제주특별자치도 제주시 구좌읍 비자숲길 55 ,관광지,자연,자연관광지,수목원,90622.0,6.0,7738.0,1155.0,1035.0,984.0,1319.0,1287.0,949.0,1009.0
비체올린,제주특별자치도 제주시 한경면 판조로 253-6 ,레포츠,레포츠,수상 레포츠,카약/카누,2417.0,6.0,285.0,32.0,47.0,41.0,60.0,33.0,34.0,38.0
빛의벙커,제주특별자치도 서귀포시 성산읍 고성리 ,문화시설,인문(문화/예술/역사),문화시설,전시관,5716.0,6.0,245.0,40.0,44.0,28.0,35.0,34.0,32.0,32.0
빵귿,제주특별자치도 제주시 구남동6길 45-1 1층,음식점,음식,음식점,카페/전통찻집,173.0,6.0,21.0,1.0,5.0,4.0,4.0,2.0,2.0,3.0
쁠랑뜨,제주특별자치도 제주시 1100로 2977-15 ,음식점,음식,음식점,카페/전통찻집,528.0,6.0,81.0,15.0,9.0,18.0,13.0,16.0,6.0,4.0
사계해변,제주특별자치도 서귀포시 안덕면 사계리 2147-35,관광지,자연,자연관광지,해수욕장,7256.0,6.0,400.0,63.0,48.0,54.0,83.0,51.0,48.0,53.0
사라봉,제주특별자치도 제주시 사라봉동길 61 (건입동),관광지,자연,자연관광지,산,3243.0,6.0,209.0,33.0,30.0,20.0,38.0,35.0,24.0,29.0
사라봉공원,제주특별자치도 제주시 사라봉동길 74 ,관광지,인문(문화/예술/역사),휴양관광지,공원,1849.0,6.0,161.0,20.0,28.0,23.0,31.0,22.0,18.0,19.0
사라오름,제주특별자치도 서귀포시 남원읍 신례리 산 2-1 ,관광지,자연,자연관광지,산,3101.0,6.0,305.0,50.0,30.0,36.0,54.0,48.0,43.0,44.0
사려니숲길,제주특별자치도 서귀포시 표선면 가시리 붉은오름 입구 ,레포츠,레포츠,육상 레포츠,트래킹,91246.0,6.0,7859.0,1147.0,1079.0,1040.0,1260.0,1238.0,1041.0,1054.0
사해방흑돼지,제주특별자치도 서귀포시 천제연로 263 ,음식점,음식,음식점,한식,300.0,6.0,40.0,1.0,3.0,9.0,5.0,10.0,2.0,10.0
사회복지법인평화의마을,제주특별자치도 서귀포시 대정읍 중산간서로 2195-12 ,쇼핑,쇼핑,쇼핑,전문매장/상가,572.0,6.0,44.0,5.0,10.0,7.0,9.0,3.0,6.0,4.0
산굼부리,제주특별자치도 제주시 조천읍 비자림로 768 ,관광지,자연,자연관광지,산,12068.0,6.0,754.0,117.0,102.0,120.0,143.0,123.0,62.0,87.0
산방굴사,제주특별자치도 서귀포시 안덕면 산방로 218-12 ,관광지,인문(문화/예술/역사),역사관광지,사찰,10646.0,6.0,744.0,106.0,96.0,101.0,119.0,119.0,84.0,119.0
산방산랜드,제주특별자치도 서귀포시 안덕면 사계리 117-2,관광지,인문(문화/예술/역사),휴양관광지,테마공원,3336.0,6.0,226.0,27.0,41.0,36.0,45.0,35.0,22.0,20.0
산방산,제주특별자치도 서귀포시 안덕면 산방로 218-10 (안덕면),관광지,자연,자연관광지,산,19214.0,6.0,1656.0,217.0,234.0,227.0,290.0,262.0,175.0,251.0
산지등대,제주특별자치도 제주시 사라봉동길 108-1 (건입동),관광지,자연,자연관광지,등대,1222.0,6.0,117.0,18.0,10.0,20.0,21.0,14.0,23.0,11.0
산지천,제주특별자치도 제주시 건입동 ,관광지,자연,자연관광지,계곡,2021.0,6.0,157.0,29.0,16.0,23.0,21.0,32.0,16.0,20.0
산지천갤러리,제주특별자치도 제주시 중앙로3길 36 ,문화시설,인문(문화/예술/역사),문화시설,미술관/화랑,503.0,6.0,43.0,9.0,5.0,9.0,6.0,6.0,5.0,3.0
산지해장국,제주특별자치도 제주시 임항로 34 ,음식점,음식,음식점,한식,322.0,6.0,27.0,2.0,0.0,1.0,4.0,9.0,4.0,7.0
산천단곰솔,제주특별자치도 제주시 516로 3041-24 (아라일동),관광지,자연,관광자원,희귀동.식물,528.0,6.0,60.0,14.0,6.0,6.0,7.0,8.0,5.0,14.0
산포식당,제주특별자치도 서귀포시 성산읍 서성일로 1134 ,음식점,음식,음식점,한식,312.0,6.0,26.0,4.0,4.0,6.0,5.0,2.0,2.0,3.0
삼다닷컴,제주특별자치도 제주시 연삼로 295-1 (도남동),쇼핑,쇼핑,쇼핑,전문매장/상가,258.0,6.0,21.0,4.0,2.0,4.0,3.0,3.0,1.0,4.0
삼다도횟집,제주특별자치도 제주시 서해안로 572 ,음식점,음식,음식점,한식,647.0,6.0,62.0,9.0,9.0,6.0,8.0,15.0,7.0,8.0
삼다정,제주특별자치도 제주시 노연로 80 1층,음식점,음식,음식점,한식,541.0,6.0,40.0,5.0,5.0,4.0,11.0,7.0,3.0,5.0
삼매봉,제주특별자치도 서귀포시 서홍동 820-2,관광지,인문(문화/예술/역사),휴양관광지,공원,630.0,6.0,61.0,9.0,8.0,13.0,5.0,6.0,10.0,10.0
삼무국수,제주특별자치도 제주시 삼무로3길 46-1 (연동),음식점,음식,음식점,한식,484.0,6.0,43.0,7.0,3.0,7.0,6.0,11.0,3.0,6.0
삼보식당,제주특별자치도 서귀포시 중정로 25 (서귀동) ,음식점,음식,음식점,한식,223.0,6.0,32.0,3.0,4.0,9.0,2.0,6.0,5.0,3.0
삼성혈해물탕,제주특별자치도 제주시 선덕로5길 20 ,음식점,음식,음식점,한식,501.0,6.0,53.0,5.0,13.0,9.0,12.0,6.0,4.0,4.0
삼양해수욕장,제주특별자치도 제주시 삼양이동 ,관광지,자연,자연관광지,해수욕장,3979.0,6.0,389.0,67.0,55.0,64.0,63.0,47.0,50.0,43.0
삼양해안도로,제주특별자치도 제주시 삼양삼동 2582-1 ,관광지,자연,자연관광지,자연생태관광지,481.0,6.0,51.0,5.0,10.0,9.0,9.0,6.0,6.0,6.0
삼일해장국,제주특별자치도 제주시 하귀9길 14 ,음식점,음식,음식점,한식,311.0,6.0,19.0,3.0,1.0,5.0,2.0,0.0,4.0,4.0
새별오름,제주특별자치도 제주시 애월읍 봉성리 산 59-8 ,관광지,자연,자연관광지,산,40734.0,6.0,2469.0,356.0,357.0,350.0,422.0,381.0,265.0,338.0
새빌,제주특별자치도 제주시 애월읍 평화로 1529 ,음식점,음식,음식점,카페/전통찻집,652.0,6.0,39.0,5.0,7.0,2.0,6.0,8.0,8.0,3.0
생각하는정원,제주특별자치도 제주시 한경면 녹차분재로 675 ,쇼핑,쇼핑,쇼핑,사후면세점,4446.0,6.0,425.0,76.0,51.0,56.0,72.0,62.0,45.0,63.0
생원전복,제주특별자치도 서귀포시 안덕면 산방로 7 ,음식점,음식,음식점,한식,282.0,6.0,24.0,3.0,1.0,2.0,6.0,3.0,4.0,5.0
샤오츠,제주특별자치도 서귀포시 성산등용로17번길 55 제주 성산 리치유 클래시아 상가 102호,음식점,음식,음식점,중식,224.0,6.0,26.0,5.0,2.0,5.0,4.0,2.0,5.0,3.0
샤이니숲길,제주특별자치도 제주시 조천읍 교래리 719-10,관광지,자연,자연관광지,산,2174.0,6.0,234.0,36.0,35.0,38.0,32.0,39.0,26.0,28.0
서건도,제주특별자치도 서귀포시 강정동 ,관광지,자연,자연관광지,섬,2003.0,6.0,176.0,30.0,29.0,23.0,26.0,20.0,23.0,25.0
서귀다원,제주특별자치도 서귀포시 516로 717 (상효동),관광지,인문(문화/예술/역사),산업관광지,기타,4111.0,6.0,288.0,42.0,34.0,30.0,51.0,56.0,37.0,38.0
서귀본향당,제주특별자치도 서귀포시 이중섭로 23-11 (서귀동),관광지,인문(문화/예술/역사),역사관광지,유적지/사적지,783.0,6.0,65.0,10.0,12.0,7.0,9.0,7.0,14.0,6.0
서귀포귤림성,제주특별자치도 서귀포시 일주동로 8941 ,숙박,숙박,숙박시설,펜션,352.0,6.0,20.0,1.0,3.0,7.0,3.0,3.0,2.0,1.0
서귀포치유의숲,제주특별자치도 서귀포시 산록남로 2271 (호근동),관광지,인문(문화/예술/역사),휴양관광지,헬스투어,11271.0,6.0,1457.0,196.0,178.0,205.0,243.0,251.0,189.0,195.0
서귀포KAL호텔,제주특별자치도 서귀포시 칠십리로 242 ,숙박,숙박,숙박시설,관광호텔,866.0,6.0,68.0,7.0,13.0,18.0,12.0,7.0,8.0,3.0
서귀포매일올레시장,제주특별자치도 서귀포시 중앙로62번길 18 ,쇼핑,쇼핑,쇼핑,상설시장,15106.0,6.0,1095.0,162.0,154.0,139.0,179.0,179.0,135.0,147.0
서귀포시립기당미술관,제주특별자치도 서귀포시 남성중로153번길 15 ,문화시설,인문(문화/예술/역사),문화시설,미술관/화랑,1077.0,6.0,138.0,30.0,16.0,23.0,19.0,21.0,18.0,11.0
서귀포예술의전당,제주특별자치도 서귀포시 태평로 270 (서홍동) ,문화시설,인문(문화/예술/역사),문화시설,공연장,6869.0,6.0,637.0,92.0,96.0,147.0,87.0,90.0,69.0,56.0
서귀포자연휴양림,제주특별자치도 서귀포시 1100로 882 ,관광지,자연,자연관광지,자연휴양림,2851.0,6.0,267.0,34.0,23.0,39.0,39.0,55.0,35.0,42.0
서귀포잠수함,제주특별자치도 서귀포시 남성중로 40 ,관광지,인문(문화/예술/역사),휴양관광지,유람선/잠수함관광,1510.0,6.0,18.0,1.0,1.0,4.0,6.0,3.0,2.0,1.0
서귀포천문과학문화관,제주특별자치도 서귀포시 1100로 506-1 천문과학문화관 ,문화시설,인문(문화/예술/역사),문화시설,전시관,2235.0,6.0,124.0,19.0,21.0,20.0,20.0,19.0,11.0,14.0
서귀포칠십리시공원,제주특별자치도 서귀포시 현청로 41-19 ,관광지,자연,자연관광지,수목원,3056.0,6.0,234.0,30.0,24.0,34.0,44.0,41.0,29.0,32.0
서귀포항,제주특별자치도 서귀포시 칠십리로72번길 14 (서귀동),관광지,자연,자연관광지,항구/포구,2308.0,6.0,184.0,28.0,22.0,27.0,32.0,35.0,17.0,23.0
서귀포해안,제주특별자치도 서귀포시 남성로128번길 13 (서홍동) ,관광지,자연,자연관광지,해안절경,444.0,6.0,42.0,9.0,5.0,6.0,6.0,7.0,2.0,7.0
서귀피안베이커리,제주특별자치도 서귀포시 신양로122번길 17 ,음식점,음식,음식점,카페/전통찻집,1076.0,6.0,37.0,3.0,3.0,7.0,3.0,6.0,8.0,7.0
서문공설시장,제주특별자치도 제주시 서문로4길 13-2 ,쇼핑,쇼핑,쇼핑,상설시장,846.0,6.0,79.0,13.0,9.0,16.0,14.0,10.0,6.0,11.0
서복전시관,제주특별자치도 서귀포시 칠십리로 156-8 (서귀동),문화시설,인문(문화/예술/역사),문화시설,전시관,2202.0,6.0,182.0,25.0,15.0,35.0,34.0,27.0,18.0,28.0
서프라이즈테마파크,제주특별자치도 제주시 조천읍 남조로 2243 ,관광지,인문(문화/예술/역사),휴양관광지,테마공원,1994.0,6.0,146.0,35.0,15.0,21.0,30.0,16.0,15.0,14.0
서홍정원,제주특별자치도 서귀포시 솜반천로55번길 12-8 ,음식점,음식,음식점,카페/전통찻집,254.0,6.0,24.0,5.0,3.0,0.0,4.0,2.0,7.0,3.0
선운정사,제주특별자치도 제주시 애월읍 구몰동길 65 ,관광지,인문(문화/예술/역사),역사관광지,사찰,2945.0,6.0,221.0,39.0,27.0,28.0,45.0,37.0,15.0,30.0
선흘곶,제주특별자치도 제주시 조천읍 동백로 102 ,음식점,음식,음식점,한식,292.0,6.0,21.0,4.0,3.0,1.0,4.0,6.0,3.0,0.0
섬소나이,제주특별자치도 제주시 우도해안길 814 ,음식점,음식,음식점,중식,628.0,6.0,52.0,6.0,8.0,5.0,9.0,11.0,10.0,3.0
섭지코지,제주특별자치도 서귀포시 성산읍 섭지코지로 107 ,관광지,자연,자연관광지,해안절경,37459.0,6.0,2816.0,437.0,370.0,348.0,531.0,495.0,280.0,355.0
섭지코지로,제주특별자치도 서귀포시 성산읍 섭지코지로 43 ,음식점,음식,음식점,한식,395.0,6.0,32.0,5.0,2.0,4.0,10.0,5.0,5.0,1.0
섯알오름,제주특별자치도 서귀포시 대정읍 상모리 1618 ,관광지,자연,자연관광지,산,1894.0,6.0,128.0,25.0,18.0,15.0,25.0,14.0,16.0,15.0
성김대건신부표착기념관,제주특별자치도 제주시 한경면 용수1길 108 ,문화시설,인문(문화/예술/역사),역사관광지,종교성지,1418.0,6.0,165.0,29.0,23.0,26.0,21.0,24.0,18.0,24.0
성미가든,제주특별자치도 제주시 조천읍 교래1길 2 ,음식점,음식,음식점,한식,436.0,6.0,29.0,2.0,4.0,5.0,6.0,5.0,1.0,6.0
성불오름,제주특별자치도 제주시 구좌읍 중산간동로 2532 ,관광지,자연,자연관광지,산,835.0,6.0,78.0,4.0,11.0,8.0,17.0,20.0,7.0,11.0
성산일출봉,제주특별자치도 서귀포시 성산읍 일출로 284-12 ,관광지,자연,자연관광지,산,92012.0,6.0,7911.0,1189.0,1117.0,1161.0,1595.0,1360.0,681.0,808.0
성산해오름식당,제주특별자치도 서귀포시 성산읍 일출로 260 ,음식점,음식,음식점,한식,741.0,6.0,49.0,7.0,7.0,9.0,6.0,8.0,7.0,5.0
성산흑돼지두루치기,제주특별자치도 서귀포시 한도로 255 ,음식점,음식,음식점,한식,497.0,6.0,39.0,3.0,3.0,10.0,5.0,6.0,9.0,3.0
성읍녹차마을,제주특별자치도 서귀포시 중산간동로 4778 녹차가공공장 ,관광지,인문(문화/예술/역사),체험관광지,농.산.어촌 체험,1271.0,6.0,141.0,25.0,12.0,20.0,26.0,22.0,14.0,22.0
성읍랜드,제주특별자치도 서귀포시 표선면 번영로 2650 ,관광지,인문(문화/예술/역사),휴양관광지,테마공원,1912.0,6.0,197.0,29.0,31.0,28.0,33.0,34.0,20.0,22.0
성읍민속마을,제주특별자치도 서귀포시 표선면 성읍정의현로 19 ,관광지,인문(문화/예술/역사),역사관광지,민속마을,8542.0,6.0,586.0,73.0,105.0,80.0,114.0,98.0,51.0,65.0
성읍승마장,제주특별자치도 서귀포시 표선면 번영로 2650 ,레포츠,레포츠,육상 레포츠,승마,714.0,6.0,70.0,16.0,7.0,15.0,11.0,9.0,6.0,6.0
성읍칠십리식당,제주특별자치도 서귀포시 표선면 성읍정의현로 74 ,음식점,음식,음식점,한식,468.0,6.0,46.0,7.0,6.0,9.0,5.0,8.0,10.0,1.0
성이시돌목장,제주특별자치도 제주시 한림읍 산록남로 53 ,관광지,인문(문화/예술/역사),체험관광지,농.산.어촌 체험,11292.0,6.0,918.0,148.0,124.0,133.0,156.0,130.0,124.0,103.0
세계술박물관,제주특별자치도 서귀포시 표선면 한마음초등로 431 ,문화시설,인문(문화/예술/역사),문화시설,박물관,782.0,6.0,53.0,11.0,2.0,10.0,12.0,9.0,5.0,4.0
세계자동차&피아노박물관,제주특별자치도 서귀포시 안덕면 중산간서로 1610 ,문화시설,인문(문화/예술/역사),문화시설,박물관,2649.0,6.0,256.0,50.0,32.0,31.0,54.0,34.0,26.0,29.0
세계조가비박물관,제주특별자치도 서귀포시 태평로 284 ,문화시설,인문(문화/예술/역사),문화시설,박물관,832.0,6.0,79.0,14.0,12.0,13.0,11.0,8.0,8.0,13.0
세화해변,제주특별자치도 제주시 구좌읍 세화길 (구좌읍),관광지,자연,자연관광지,해수욕장,11079.0,6.0,1097.0,150.0,145.0,164.0,209.0,195.0,117.0,117.0
소남머리,제주특별자치도 서귀포시 칠십리로 145 (서귀동) ,관광지,자연,자연관광지,해안절경,535.0,6.0,57.0,8.0,9.0,6.0,10.0,8.0,5.0,11.0
소노벨제주,제주특별자치도 제주시 신북로 577 대명리조트 ,숙박,숙박,숙박시설,콘도미니엄,805.0,6.0,77.0,10.0,13.0,9.0,8.0,16.0,8.0,13.0
소노캄제주,제주특별자치도 서귀포시 표선면 일주동로 6347-17 ,숙박,인문(문화/예술/역사),휴양관광지,관광단지,1885.0,6.0,179.0,20.0,30.0,34.0,34.0,22.0,26.0,13.0
소라횟집,제주특별자치도 제주시 구좌읍 해맞이해안로 1240-3 ,음식점,음식,음식점,한식,426.0,6.0,35.0,6.0,8.0,3.0,4.0,7.0,4.0,3.0
소랑호젠,제주특별자치도 서귀포시 남원읍 태위로 545 ,숙박,숙박,숙박시설,펜션,417.0,6.0,51.0,2.0,7.0,6.0,11.0,14.0,3.0,8.0
소심한책방,제주특별자치도 제주시 구좌읍 종달동길 29-6 (구좌읍),쇼핑,인문(문화/예술/역사),문화시설,대형서점,669.0,6.0,38.0,5.0,4.0,8.0,8.0,5.0,1.0,7.0
소인국테마파크,제주특별자치도 서귀포시 안덕면 중산간서로 1878 ,관광지,인문(문화/예술/역사),휴양관광지,테마공원,3988.0,6.0,326.0,61.0,45.0,47.0,63.0,50.0,27.0,33.0
소정방폭포,제주특별자치도 서귀포시 칠십리로214번길 17-17 (동홍동) ,관광지,자연,자연관광지,폭포,1705.0,6.0,160.0,31.0,16.0,23.0,25.0,34.0,12.0,19.0
소천지,제주특별자치도 서귀포시 보목동 1400 (보목동),관광지,자연,자연관광지,해안절경,4918.0,6.0,385.0,63.0,76.0,45.0,76.0,42.0,51.0,32.0
손맛촌,제주특별자치도 제주시 조천읍 비자림로 661 ,음식점,음식,음식점,한식,290.0,6.0,24.0,4.0,2.0,2.0,3.0,4.0,5.0,4.0
손지오름,제주특별자치도 제주시 구좌읍 종달리 산 52,관광지,자연,자연관광지,산,913.0,6.0,68.0,5.0,11.0,10.0,12.0,10.0,9.0,11.0
솔동산고기국수,제주특별자치도 서귀포시 부두로 23 유림갈비 ,음식점,음식,음식점,한식,197.0,6.0,30.0,1.0,7.0,1.0,3.0,9.0,7.0,2.0
송당나무,제주특별자치도 제주시 구좌읍 송당5길 68-140 ,음식점,음식,음식점,카페/전통찻집,612.0,6.0,57.0,7.0,7.0,9.0,8.0,8.0,8.0,10.0
송당승마장,제주특별자치도 제주시 구좌읍 번영로 2015 ,레포츠,레포츠,육상 레포츠,승마,2610.0,6.0,237.0,34.0,27.0,44.0,36.0,34.0,29.0,33.0
송악산,제주특별자치도 서귀포시 대정읍 송악관광로 (상모리),관광지,자연,자연관광지,산,9965.0,6.0,797.0,129.0,102.0,111.0,157.0,120.0,67.0,111.0
송악산진지동굴,제주특별자치도 서귀포시 대정읍 상모리 238 ,관광지,자연,자연관광지,동굴,2483.0,6.0,246.0,53.0,16.0,40.0,48.0,33.0,26.0,30.0
송악산둘레길,제주특별자치도 서귀포시 대정읍 상모리 245,관광지,레포츠,육상 레포츠,트래킹,18146.0,6.0,399.0,48.0,56.0,50.0,57.0,68.0,49.0,71.0
송악카트체험장,제주특별자치도 서귀포시 대정읍 송악관광로 404 ,레포츠,레포츠,육상 레포츠,카트,540.0,6.0,50.0,8.0,6.0,5.0,8.0,14.0,3.0,6.0
쇠소깍,제주특별자치도 서귀포시 쇠소깍로 128 (하효동),관광지,자연,자연관광지,계곡,38097.0,6.0,2926.0,404.0,433.0,376.0,507.0,446.0,371.0,389.0
쇠와꽃승마장,제주특별자치도 서귀포시 성산읍 섭지코지로25번길 88-17 ,레포츠,레포츠,육상 레포츠,승마,1147.0,6.0,120.0,24.0,14.0,11.0,18.0,17.0,19.0,17.0
수다뜰,제주특별자치도 제주시 명림로 164 ,음식점,음식,음식점,한식,259.0,6.0,34.0,4.0,5.0,5.0,8.0,4.0,3.0,5.0
수목원테마파크,제주특별자치도 제주시 은수길 69 ,관광지,인문(문화/예술/역사),휴양관광지,테마공원,3236.0,6.0,248.0,34.0,36.0,41.0,45.0,41.0,28.0,23.0
수악,제주특별자치도 서귀포시 남원읍 516로 1042 ,관광지,자연,자연관광지,산,641.0,6.0,46.0,7.0,3.0,5.0,12.0,3.0,5.0,11.0
수애기베이커리,제주특별자치도 서귀포시 동일하모로98번길 48-59 ,음식점,음식,음식점,카페/전통찻집,312.0,6.0,34.0,4.0,3.0,4.0,6.0,6.0,9.0,2.0
수월봉,제주특별자치도 제주시 한경면 고산리 3760 ,관광지,자연,자연관광지,산,12795.0,6.0,1033.0,140.0,154.0,167.0,190.0,156.0,106.0,120.0
순두부엔짬뽕,제주특별자치도 제주시 통물길 30 ,음식점,음식,음식점,한식,330.0,6.0,20.0,3.0,3.0,2.0,4.0,1.0,5.0,2.0
순례자의교회,제주특별자치도 제주시 한경면 일주서로 3960-24 ,관광지,인문(문화/예술/역사),역사관광지,종교성지,2494.0,6.0,178.0,16.0,27.0,27.0,35.0,20.0,34.0,19.0
순옥이네명가,제주특별자치도 제주시 도공로 8 ,음식점,음식,음식점,한식,2476.0,6.0,266.0,40.0,27.0,35.0,65.0,47.0,25.0,27.0
술다끄는집,제주특별자치도 서귀포시 성읍정의현로56번길 5 ,문화시설,인문(문화/예술/역사),체험관광지,이색체험,299.0,6.0,28.0,3.0,9.0,2.0,7.0,6.0,1.0,0.0
술도가제주바당,제주특별자치도 제주시 구좌읍 한동로 27 1층,음식점,음식,음식점,한식,631.0,6.0,49.0,5.0,12.0,5.0,14.0,6.0,1.0,6.0
쉬리의언덕,제주특별자치도 서귀포시 색달동 3093-1,관광지,자연,자연관광지,자연생태관광지,1722.0,6.0,153.0,22.0,24.0,28.0,20.0,26.0,17.0,16.0
스누피가든,제주특별자치도 제주시 구좌읍 금백조로 930 스누피 공원,관광지,인문(문화/예술/역사),휴양관광지,테마공원,4482.0,6.0,465.0,67.0,62.0,76.0,93.0,91.0,33.0,43.0
스모크하우스인구억,제주특별자치도 서귀포시 보성구억로 223 ,음식점,음식,음식점,서양식,264.0,6.0,33.0,5.0,4.0,6.0,7.0,4.0,5.0,2.0
스카이온파이브다이닝,제주특별자치도 서귀포시 안덕면 신화역사로304번길 38 ,음식점,음식,음식점,이색음식점,1118.0,6.0,98.0,15.0,18.0,19.0,14.0,15.0,9.0,8.0
스타빌,제주특별자치도 서귀포시 광평로 34-154 ,레포츠,레포츠,육상 레포츠,"야영장,오토캠핑장",910.0,6.0,93.0,14.0,16.0,9.0,16.0,14.0,7.0,17.0
스테이위드커피,제주특별자치도 제주시 해안마을5길 29 ,음식점,음식,음식점,카페/전통찻집,274.0,6.0,15.0,4.0,1.0,2.0,3.0,2.0,2.0,1.0
스팅그레이,제주특별자치도 제주시 대한로 860-41 ,음식점,음식,음식점,카페/전통찻집,261.0,6.0,28.0,4.0,3.0,4.0,4.0,3.0,6.0,4.0
시골길,제주특별자치도 제주시 연동13길 9 ,음식점,음식,음식점,한식,228.0,6.0,27.0,0.0,8.0,2.0,5.0,2.0,4.0,6.0
시스터필드,제주특별자치도 서귀포시 월드컵로 8 ,음식점,음식,음식점,카페/전통찻집,266.0,6.0,33.0,3.0,3.0,5.0,5.0,6.0,6.0,5.0
신도포구,제주특별자치도 서귀포시 대정읍 신도리 3046-2 ,관광지,자연,자연관광지,항구/포구,569.0,6.0,63.0,18.0,2.0,8.0,11.0,9.0,6.0,9.0
신라스테이제주,제주특별자치도 제주시 노연로 100 ,숙박,숙박,숙박시설,관광호텔,638.0,6.0,56.0,6.0,8.0,6.0,10.0,16.0,4.0,6.0
신비의도로,제주특별자치도 제주시 노형동 ,관광지,인문(문화/예술/역사),체험관광지,이색체험,4799.0,6.0,438.0,50.0,57.0,65.0,80.0,79.0,55.0,52.0
신산공원,제주특별자치도 제주시 신산로 92-12 (일도이동),관광지,인문(문화/예술/역사),휴양관광지,공원,1336.0,6.0,117.0,21.0,10.0,11.0,19.0,23.0,20.0,13.0
신설오름,제주특별자치도 제주시 고마로17길 2 (일도이동),음식점,음식,음식점,한식,844.0,6.0,64.0,4.0,11.0,6.0,15.0,15.0,6.0,7.0
신양섭지해수욕장,제주특별자치도 서귀포시 성산읍 섭지코지로 107 ,관광지,자연,자연관광지,해수욕장,2736.0,6.0,388.0,56.0,58.0,54.0,72.0,57.0,46.0,45.0
신의한모,제주특별자치도 제주시 하귀14길 11-1 ,음식점,음식,음식점,한식,325.0,6.0,46.0,8.0,3.0,4.0,14.0,9.0,1.0,7.0
신창풍차해안도로,제주특별자치도 제주시 한경면 신창리 1322-1 ,관광지,자연,자연관광지,자연생태관광지,8862.0,6.0,568.0,95.0,73.0,68.0,100.0,97.0,63.0,72.0
신천리벽화마을,제주특별자치도 서귀포시 성산읍 신천리 478-1,관광지,인문(문화/예술/역사),체험관광지,이색체험,757.0,6.0,74.0,8.0,5.0,13.0,11.0,19.0,8.0,10.0
신풍리밭담길,제주특별자치도 서귀포시 성산읍 신풍하동로 39 ,레포츠,인문(문화/예술/역사),체험관광지,이색거리,745.0,6.0,86.0,15.0,13.0,12.0,12.0,20.0,7.0,7.0
신화워터파크,제주특별자치도 서귀포시 신화역사로304번길 38 ,관광지,인문(문화/예술/역사),산업관광지,기타,2330.0,6.0,317.0,57.0,42.0,45.0,71.0,42.0,16.0,44.0
신화테마파크,제주특별자치도 서귀포시 안덕면 신화역사로304번길 98 ,관광지,인문(문화/예술/역사),산업관광지,기타,3802.0,6.0,350.0,61.0,48.0,52.0,66.0,71.0,21.0,31.0
심바카레,제주특별자치도 제주시 애월읍 애월로 87-16 ,음식점,음식,음식점,일식,238.0,6.0,27.0,4.0,5.0,0.0,3.0,7.0,5.0,3.0
싱계물공원,제주특별자치도 제주시 한경면 신창리 1322-1 ,관광지,자연,자연관광지,자연생태관광지,4067.0,6.0,317.0,52.0,53.0,47.0,41.0,49.0,32.0,43.0
쌍둥이횟집본점,제주특별자치도 서귀포시 중정로62번길 14 (서귀동),음식점,음식,음식점,한식,630.0,6.0,58.0,8.0,4.0,3.0,14.0,17.0,8.0,4.0
쌍용굴,제주특별자치도 제주시 한림읍 한림로 300 ,관광지,자연,자연관광지,동굴,1406.0,6.0,163.0,29.0,29.0,14.0,27.0,28.0,18.0,18.0
썬셋클리프,제주특별자치도 제주시 애월로1길 19-8 ,음식점,음식,음식점,카페/전통찻집,224.0,6.0,30.0,5.0,1.0,1.0,6.0,3.0,10.0,4.0
씨리얼,제주특별자치도 제주시 한림읍 명랑로 26 ,음식점,음식,음식점,카페/전통찻집,146.0,6.0,11.0,2.0,2.0,2.0,2.0,0.0,1.0,2.0
씨오르리조트,제주특별자치도 서귀포시 이어도로 989 ,숙박,인문(문화/예술/역사),휴양관광지,관광단지,393.0,6.0,48.0,6.0,8.0,4.0,14.0,11.0,5.0,0.0
아끈다랑쉬,제주특별자치도 제주시 구좌읍 세화리 2593 ,관광지,자연,자연관광지,산,1979.0,6.0,140.0,23.0,13.0,18.0,23.0,21.0,22.0,20.0
아날로그감귤밭,제주특별자치도 제주시 해안마을8길 46 (해안동),관광지,인문(문화/예술/역사),체험관광지,농.산.어촌 체험,2457.0,6.0,138.0,28.0,16.0,23.0,20.0,19.0,15.0,17.0
아뜰리에안,제주특별자치도 서귀포시 막숙포로 166 ,음식점,음식,음식점,카페/전통찻집,152.0,6.0,15.0,1.0,2.0,1.0,4.0,3.0,2.0,2.0
아라리오뮤지엄동문모텔2,제주특별자치도 제주시 산지로 23 ,문화시설,인문(문화/예술/역사),문화시설,미술관/화랑,445.0,6.0,49.0,5.0,7.0,10.0,5.0,8.0,5.0,9.0
아라리오뮤지엄탑동시네마,제주특별자치도 제주시 탑동로 14 ,문화시설,인문(문화/예술/역사),문화시설,미술관/화랑,1003.0,6.0,101.0,17.0,8.0,11.0,14.0,19.0,13.0,19.0
아름다운리조트,제주특별자치도 서귀포시 성산읍 해맞이해안로 2644 ,숙박,숙박,숙박시설,콘도미니엄,422.0,6.0,44.0,4.0,9.0,12.0,8.0,5.0,1.0,5.0
아리,제주특별자치도 서귀포시 홍중로 99 1층,음식점,음식,음식점,일식,208.0,6.0,17.0,2.0,4.0,2.0,3.0,2.0,3.0,1.0
아부오름,제주특별자치도 제주시 구좌읍 금백조로 (구좌읍),관광지,자연,자연관광지,산,9135.0,6.0,686.0,101.0,95.0,95.0,139.0,103.0,80.0,73.0
아일랜드팩토리풍류,제주특별자치도 제주시 관덕로8길 31 ,음식점,음식,음식점,카페/전통찻집,244.0,6.0,24.0,6.0,1.0,2.0,4.0,8.0,2.0,1.0
아줄레주,제주특별자치도 서귀포시 신풍하동로19번길 59 ,음식점,음식,음식점,카페/전통찻집,355.0,6.0,42.0,5.0,5.0,1.0,10.0,8.0,6.0,7.0
아침미소목장,제주특별자치도 제주시 첨단동길 160-20 (월평동),관광지,인문(문화/예술/역사),산업관광지,기타,2825.0,6.0,240.0,38.0,46.0,18.0,42.0,38.0,31.0,27.0
아침의향기,제주특별자치도 서귀포시 색달중앙로 122 ,숙박,숙박,숙박시설,펜션,244.0,6.0,16.0,3.0,6.0,3.0,1.0,0.0,3.0,0.0
아쿠아플라넷제주,제주특별자치도 서귀포시 성산읍 섭지코지로 95 ,문화시설,인문(문화/예술/역사),휴양관광지,테마공원,14454.0,6.0,1067.0,158.0,138.0,166.0,223.0,190.0,92.0,100.0
아프리카박물관,제주특별자치도 서귀포시 이어도로 49 (대포동),문화시설,인문(문화/예술/역사),문화시설,박물관,1902.0,6.0,203.0,26.0,34.0,30.0,28.0,34.0,12.0,39.0
안거리밖거리,제주특별자치도 서귀포시 솔동산로 6-1 ,음식점,음식,음식점,한식,606.0,6.0,57.0,9.0,8.0,12.0,7.0,10.0,3.0,8.0
안덕계곡,제주특별자치도 서귀포시 안덕면 일주서로 1524 ,관광지,자연,자연관광지,계곡,4621.0,6.0,438.0,76.0,44.0,61.0,79.0,74.0,46.0,58.0
안돌오름,제주특별자치도 제주시 구좌읍 송당리 산 66-2 ,관광지,자연,자연관광지,산,3390.0,6.0,179.0,20.0,23.0,36.0,36.0,33.0,17.0,14.0
알프스승마장포니,제주특별자치도 서귀포시 표선면 서성일로 73 ,레포츠,레포츠,육상 레포츠,승마,549.0,6.0,64.0,10.0,4.0,9.0,7.0,11.0,10.0,13.0
앙뚜아네트용담점,제주특별자치도 제주시 서해안로 671 ,음식점,음식,음식점,카페/전통찻집,161.0,6.0,18.0,1.0,2.0,3.0,2.0,5.0,4.0,1.0
앞뱅디식당,제주특별자치도 제주시 선덕로 26 ,음식점,음식,음식점,한식,603.0,6.0,54.0,6.0,5.0,3.0,17.0,14.0,6.0,3.0
애월우니담,제주특별자치도 제주시 고내로13길 107 2층,음식점,음식,음식점,한식,323.0,6.0,47.0,5.0,4.0,10.0,9.0,4.0,9.0,6.0
애월더선셋,제주특별자치도 제주시 일주서로 6111 ,음식점,음식,음식점,카페/전통찻집,1163.0,6.0,96.0,14.0,7.0,14.0,22.0,21.0,8.0,10.0
애월빵공장앤카페,제주특별자치도 제주시 애월읍 금성5길 42-15 ,음식점,음식,음식점,카페/전통찻집,409.0,6.0,39.0,6.0,7.0,7.0,1.0,4.0,7.0,7.0
야자수식당,제주특별자치도 제주시 한림읍 한림로 300 ,음식점,음식,음식점,한식,329.0,6.0,25.0,4.0,3.0,1.0,7.0,7.0,2.0,1.0
야크마을,제주특별자치도 서귀포시 색달중앙로 162 ,숙박,숙박,숙박시설,콘도미니엄,1558.0,6.0,251.0,26.0,21.0,46.0,62.0,48.0,29.0,19.0
약천사,제주특별자치도 서귀포시 이어도로 293-28 (대포동),관광지,인문(문화/예술/역사),역사관광지,사찰,4177.0,6.0,439.0,70.0,66.0,59.0,79.0,64.0,50.0,51.0
양가형제,제주특별자치도 제주시 청수동8길 3 ,음식점,음식,음식점,서양식,1204.0,6.0,113.0,17.0,14.0,13.0,25.0,22.0,10.0,12.0
어머니닭집,제주특별자치도 서귀포시 고성오조로 13 어머니밥집 ,음식점,음식,음식점,한식,262.0,6.0,31.0,8.0,6.0,5.0,8.0,3.0,1.0,0.0
어머니의뜻을담다단지,제주특별자치도 제주시 하귀2길 66 1층,음식점,음식,음식점,한식,491.0,6.0,16.0,2.0,2.0,1.0,4.0,1.0,2.0,4.0
어머니의뜻을담다단지,제주특별자치도 제주시 하귀2길 66 1층,음식점,음식,음식점,한식,491.0,6.0,24.0,3.0,2.0,6.0,1.0,6.0,3.0,3.0
어승생,제주특별자치도 제주시 해안동 산220-12 (일대),관광지,자연,자연관광지,산,6592.0,6.0,205.0,29.0,25.0,28.0,46.0,35.0,24.0,18.0
어영공원,제주특별자치도 제주시 서해안로 451 (용담삼동) ,관광지,인문(문화/예술/역사),휴양관광지,공원,1250.0,6.0,94.0,10.0,15.0,14.0,16.0,10.0,19.0,10.0
어우늘,제주특별자치도 제주시 연북로 222 ,음식점,음식,음식점,한식,409.0,6.0,43.0,5.0,6.0,5.0,11.0,7.0,6.0,3.0
엉덩물계곡,제주특별자치도 서귀포시 중문관광로 192 (중문동),관광지,자연,자연관광지,계곡,5162.0,6.0,258.0,35.0,22.0,47.0,39.0,44.0,42.0,29.0
엉또폭포,제주특별자치도 서귀포시 엉또로 104 (강정동) ,관광지,자연,자연관광지,폭포,4123.0,6.0,451.0,71.0,70.0,55.0,86.0,77.0,36.0,56.0
엉알해안,제주특별자치도 제주시 한경면 고산리 3671-1,관광지,자연,자연관광지,해안절경,1576.0,6.0,105.0,13.0,20.0,8.0,17.0,16.0,11.0,20.0
엉알해안산책로,제주특별자치도 제주시 한경면 노을해안로 1143 ,관광지,자연,자연관광지,해안절경,2032.0,6.0,136.0,15.0,20.0,14.0,24.0,28.0,20.0,15.0
에버리스골프리조트,제주특별자치도 제주시 애월읍 평화로 1693-75 ,레포츠,레포츠,육상 레포츠,골프,440.0,6.0,33.0,5.0,5.0,3.0,4.0,3.0,9.0,4.0
에오마르,제주특별자치도 제주시 선사로8길 13-6 (삼양일동),음식점,음식,음식점,카페/전통찻집,268.0,6.0,23.0,3.0,2.0,3.0,6.0,2.0,6.0,1.0
에코그린리조트,제주특별자치도 제주시 한림읍 귀덕6길 94 ,관광지,인문(문화/예술/역사),휴양관광지,관광단지,405.0,6.0,43.0,9.0,5.0,0.0,4.0,14.0,8.0,3.0
에코랜드테마파크,제주특별자치도 제주시 조천읍 번영로 1278-169 ,관광지,인문(문화/예술/역사),휴양관광지,테마공원,14927.0,6.0,999.0,165.0,122.0,146.0,228.0,163.0,82.0,93.0
엠버리조트,제주특별자치도 제주시 1100로 2671-51 (노형동),숙박,숙박,숙박시설,게스트하우스,47.0,6.0,3.0,0.0,0.0,0.0,2.0,0.0,1.0,0.0
여미지식물원,제주특별자치도 서귀포시 중문관광로 93 (색달동),관광지,자연,자연관광지,수목원,11337.0,6.0,668.0,104.0,114.0,77.0,112.0,102.0,66.0,93.0
연대포구,제주특별자치도 제주시 연대마을길 34-10 (외도이동),관광지,자연,자연관광지,항구/포구,428.0,6.0,40.0,6.0,2.0,4.0,9.0,8.0,8.0,3.0
연미정,제주특별자치도 제주시 세평항로 14 ,음식점,음식,음식점,한식,451.0,6.0,43.0,2.0,8.0,3.0,14.0,5.0,8.0,3.0
연북정,제주특별자치도 제주시 조천읍 조천리 ,관광지,인문(문화/예술/역사),역사관광지,유적지/사적지,927.0,6.0,110.0,16.0,19.0,16.0,21.0,17.0,9.0,12.0
연정식당,제주특별자치도 제주시 신광로10길 29 ,음식점,음식,음식점,한식,322.0,6.0,28.0,0.0,5.0,3.0,7.0,4.0,5.0,4.0
연화못,제주특별자치도 제주시 애월읍 하가로 (애월읍),관광지,자연,자연관광지,호수,1051.0,6.0,116.0,21.0,14.0,18.0,20.0,16.0,9.0,18.0
연화키친,제주특별자치도 제주시 상가로 51 ,음식점,음식,음식점,한식,286.0,6.0,27.0,7.0,3.0,3.0,7.0,5.0,1.0,1.0
영주말가든,제주특별자치도 제주시 연북로 196 ,음식점,음식,음식점,한식,286.0,6.0,26.0,2.0,1.0,2.0,4.0,8.0,4.0,5.0
영주산,제주특별자치도 서귀포시 표선면 서성일로 73-51 ,관광지,자연,자연관광지,산,1314.0,6.0,177.0,18.0,29.0,23.0,29.0,38.0,15.0,25.0
예술공간이아,제주특별자치도 제주시 중앙로14길 21 ,문화시설,인문(문화/예술/역사),체험관광지,이색체험,571.0,6.0,44.0,5.0,5.0,9.0,8.0,8.0,4.0,5.0
예이츠산장,제주특별자치도 서귀포시 남원읍 516로 918 ,숙박,숙박,숙박시설,펜션,394.0,6.0,36.0,9.0,2.0,6.0,7.0,7.0,2.0,3.0
오는정김밥,제주특별자치도 서귀포시 동문동로 2 ,음식점,음식,음식점,한식,954.0,6.0,95.0,20.0,19.0,12.0,19.0,12.0,5.0,8.0
오드랑베이커리,제주특별자치도 제주시 조함해안로 552-3 ,음식점,음식,음식점,카페/전통찻집,331.0,6.0,30.0,5.0,5.0,3.0,6.0,4.0,5.0,2.0
오라디오라,제주특별자치도 서귀포시 사계로114번길 54-102 ,음식점,음식,음식점,카페/전통찻집,269.0,6.0,35.0,5.0,3.0,3.0,8.0,3.0,6.0,7.0
오라숲소리,제주특별자치도 제주시 오라로 80 ,음식점,음식,음식점,한식,598.0,6.0,39.0,7.0,5.0,3.0,11.0,7.0,4.0,2.0
오백나한,제주특별자치도 서귀포시 영실로 (하원동),관광지,자연,자연관광지,산,567.0,6.0,55.0,5.0,9.0,9.0,12.0,6.0,8.0,6.0
오설록티뮤지엄,제주특별자치도 서귀포시 안덕면 신화역사로 15 ,문화시설,인문(문화/예술/역사),문화시설,전시관,27291.0,6.0,5961.0,873.0,945.0,817.0,907.0,955.0,700.0,764.0
오조포구,제주특별자치도 서귀포시 성산읍 오조로80번길 47 ,관광지,자연,자연관광지,항구/포구,1290.0,6.0,122.0,19.0,15.0,14.0,26.0,18.0,15.0,15.0
오조해녀의집,제주특별자치도 서귀포시 성산읍 한도로 141-13 ,음식점,음식,음식점,한식,372.0,6.0,30.0,4.0,6.0,2.0,7.0,2.0,4.0,5.0
오현단,제주특별자치도 제주시 오현길 61 (이도일동),관광지,인문(문화/예술/역사),역사관광지,유적지/사적지,836.0,6.0,92.0,15.0,17.0,12.0,14.0,9.0,11.0,14.0
옥돔마을,제주특별자치도 서귀포시 남원읍 남태해안로 509 ,음식점,음식,음식점,한식,928.0,6.0,67.0,12.0,8.0,15.0,14.0,6.0,5.0,7.0
옥돔식당,제주특별자치도 서귀포시 대정읍 신영로36번길 62 ,음식점,음식,음식점,한식,621.0,6.0,66.0,4.0,12.0,8.0,10.0,21.0,9.0,2.0
온오프,제주특별자치도 제주시 우도면 우도해안길 876 ,음식점,음식,음식점,한식,218.0,6.0,27.0,3.0,7.0,2.0,4.0,6.0,2.0,3.0
올디벗구디,제주특별자치도 서귀포시 일주서로 330 ,음식점,음식,음식점,카페/전통찻집,164.0,6.0,15.0,2.0,1.0,2.0,3.0,1.0,2.0,4.0
올래국수,제주특별자치도 제주시 귀아랑길 24 ,음식점,음식,음식점,한식,2835.0,6.0,247.0,40.0,30.0,38.0,50.0,43.0,18.0,28.0
올티스,제주특별자치도 제주시 조천읍 거문오름길 (23-58) ,음식점,음식,음식점,카페/전통찻집,292.0,6.0,38.0,11.0,4.0,3.0,2.0,3.0,12.0,3.0
옷귀마테마타운,제주특별자치도 서귀포시 남원읍 서성로 955-117 ,레포츠,레포츠,육상 레포츠,승마,921.0,6.0,74.0,19.0,15.0,10.0,9.0,6.0,6.0,9.0
옹포별장가든,제주특별자치도 제주시 한림읍 한림상로 24 ,음식점,음식,음식점,한식,314.0,6.0,24.0,3.0,3.0,1.0,3.0,5.0,3.0,6.0
와르다레스토랑,제주특별자치도 제주시 관덕로8길 24-1 단독,음식점,음식,음식점,서양식,326.0,6.0,29.0,6.0,2.0,4.0,3.0,5.0,4.0,5.0
와이리조트제주,제주특별자치도 서귀포시 안덕면 화순중앙로124번길 75 ,숙박,인문(문화/예술/역사),휴양관광지,관광단지,428.0,6.0,43.0,6.0,5.0,5.0,7.0,7.0,3.0,10.0
와토커피,제주특별자치도 서귀포시 동일하모로 238 ,음식점,음식,음식점,카페/전통찻집,293.0,6.0,28.0,3.0,1.0,1.0,3.0,8.0,7.0,5.0
왈종미술관,제주특별자치도 서귀포시 칠십리로214번길 30 (동홍동),문화시설,인문(문화/예술/역사),문화시설,미술관/화랑,1195.0,6.0,77.0,8.0,12.0,13.0,14.0,10.0,10.0,10.0
왕이메오름,제주특별자치도 서귀포시 안덕면 광평리 산 79,관광지,자연,자연관광지,산,2261.0,6.0,160.0,29.0,17.0,20.0,33.0,19.0,21.0,21.0
외도339,제주특별자치도 제주시 일주서로 7345 ,음식점,음식,음식점,카페/전통찻집,334.0,6.0,27.0,5.0,2.0,2.0,6.0,6.0,5.0,1.0
외돌개,제주특별자치도 서귀포시 서흥동 791,관광지,자연,관광자원,기암괴석,8990.0,6.0,630.0,104.0,104.0,83.0,109.0,84.0,60.0,86.0
용꽈배기,제주특별자치도 제주시 수덕5길 85-7 ,음식점,음식,음식점,한식,186.0,6.0,29.0,4.0,5.0,2.0,7.0,2.0,7.0,2.0
용눈이오름,제주특별자치도 제주시 구좌읍 종달논길 ,관광지,자연,자연관광지,산,10449.0,6.0,617.0,113.0,68.0,91.0,105.0,101.0,64.0,75.0
용담레포츠공원,제주특별자치도 제주시 서해안로 580 (용담삼동) ,관광지,인문(문화/예술/역사),휴양관광지,공원,1821.0,6.0,177.0,17.0,27.0,24.0,30.0,25.0,30.0,24.0
용두암,제주특별자치도 제주시 용두암길 (제주올레길17코스),관광지,자연,자연관광지,해안절경,16135.0,6.0,1522.0,242.0,198.0,250.0,278.0,221.0,161.0,172.0
용두암바당회국수,제주특별자치도 제주시 서해안로 614 ,음식점,음식,음식점,한식,357.0,6.0,37.0,1.0,4.0,7.0,7.0,3.0,6.0,9.0
용머리해안,제주특별자치도 서귀포시 안덕면 사계리 118-3 ,관광지,자연,자연관광지,해안절경,48526.0,6.0,4102.0,595.0,583.0,665.0,674.0,565.0,524.0,496.0
용수항,제주특별자치도 제주시 한경면 용수리 4234-4 ,관광지,자연,자연관광지,항구/포구,443.0,6.0,34.0,6.0,3.0,6.0,5.0,3.0,6.0,5.0
용연,제주특별자치도 제주시 용담일동 2581-4,관광지,자연,자연관광지,계곡,4859.0,6.0,479.0,66.0,58.0,58.0,98.0,88.0,57.0,54.0
용이식당,제주특별자치도 서귀포시 중앙로79번길 9 ,음식점,음식,음식점,한식,235.0,6.0,26.0,6.0,1.0,5.0,4.0,3.0,5.0,2.0
용출횟집,제주특별자치도 제주시 서해안로 660 ,음식점,음식,음식점,한식,130.0,6.0,8.0,1.0,1.0,2.0,1.0,2.0,0.0,1.0
우도등대,제주특별자치도 제주시 우도면 우도봉길 105 (우도면) 부근,관광지,자연,자연관광지,등대,1336.0,6.0,138.0,28.0,17.0,20.0,37.0,17.0,12.0,7.0
우도,제주특별자치도 제주시 삼양고수물길 1 ,관광지,자연,자연관광지,섬,75874.0,6.0,6603.0,980.0,949.0,952.0,1203.0,1013.0,686.0,820.0
우도잠수함,제주특별자치도 서귀포시 성산읍 성산등용로 112-7 ,관광지,인문(문화/예술/역사),휴양관광지,유람선/잠수함관광,3184.0,6.0,266.0,33.0,38.0,46.0,36.0,42.0,29.0,42.0
우도짜장맨,제주특별자치도 제주시 우도면 우도해안길 1132 ,음식점,음식,음식점,중식,416.0,6.0,55.0,7.0,8.0,3.0,9.0,12.0,10.0,6.0
우도해녀식당,제주특별자치도 제주시 우도면 우도해안길 440 ,음식점,음식,음식점,한식,403.0,6.0,77.0,10.0,16.0,9.0,12.0,8.0,13.0,9.0
우무,제주특별자치도 제주시 한림로 542-1 ,음식점,음식,음식점,카페/전통찻집,1349.0,6.0,117.0,13.0,12.0,13.0,20.0,27.0,16.0,16.0
우유부단,제주특별자치도 제주시 금악동길 38 ,음식점,음식,음식점,카페/전통찻집,1404.0,6.0,133.0,19.0,19.0,21.0,25.0,22.0,11.0,16.0
우진해장국,제주특별자치도 제주시 서사로 11 ,음식점,음식,음식점,한식,2273.0,6.0,195.0,27.0,31.0,18.0,31.0,33.0,26.0,29.0
울트라마린,제주특별자치도 제주시 일주서로 4611 ,음식점,음식,음식점,카페/전통찻집,505.0,6.0,68.0,15.0,7.0,9.0,11.0,13.0,10.0,3.0
웃세오름,제주특별자치도 제주시 애월읍 광령리 산183-1,관광지,자연,자연관광지,산,934.0,6.0,41.0,4.0,5.0,6.0,8.0,5.0,8.0,5.0
웃세오름,제주특별자치도 제주시 애월읍 광령리 산183-1,관광지,자연,자연관광지,산,934.0,6.0,23.0,8.0,0.0,4.0,1.0,8.0,1.0,1.0
원앤온리,제주특별자치도 서귀포시 산방로 141 원앤온리 ,음식점,음식,음식점,카페/전통찻집,484.0,6.0,41.0,4.0,8.0,2.0,8.0,8.0,5.0,6.0
월령선인장군락지,제주특별자치도 제주시 한림읍 월령3길 27-4 ,관광지,자연,자연관광지,자연생태관광지,5452.0,6.0,475.0,76.0,63.0,62.0,89.0,70.0,52.0,63.0
월령포구,제주특별자치도 제주시 한림읍 월령리 317-1 ,관광지,자연,자연관광지,항구/포구,670.0,6.0,74.0,17.0,8.0,8.0,7.0,6.0,18.0,10.0
월정리갈비밥,제주특별자치도 제주시 구좌읍 월정7길 46 ,음식점,음식,음식점,한식,382.0,6.0,46.0,4.0,6.0,7.0,7.0,5.0,14.0,3.0
월정리해변,제주특별자치도 제주시 구좌읍 해맞이해안로 480-1 ,관광지,자연,자연관광지,해수욕장,14585.0,6.0,1295.0,202.0,164.0,210.0,233.0,218.0,143.0,125.0
월정리해안도로,제주특별자치도 제주시 구좌읍 월정리 652-4 ,관광지,자연,자연관광지,자연생태관광지,1135.0,6.0,96.0,10.0,13.0,12.0,19.0,16.0,12.0,14.0
월평포구,제주특별자치도 서귀포시 말질로 462 (월평동),관광지,자연,자연관광지,항구/포구,951.0,6.0,110.0,20.0,11.0,18.0,14.0,18.0,14.0,15.0
웬드구니,제주특별자치도 서귀포시 안덕면 사계신항로 1 ,음식점,음식,음식점,카페/전통찻집,2531.0,6.0,293.0,39.0,39.0,37.0,38.0,58.0,42.0,40.0
위미항,제주특별자치도 서귀포시 남원읍 위미중앙로196번길 6-13 ,관광지,자연,자연관광지,항구/포구,1353.0,6.0,113.0,22.0,14.0,9.0,19.0,12.0,15.0,22.0
윈드1947카트테마파크,제주특별자치도 서귀포시 토평공단로 78-27 ,레포츠,레포츠,육상 레포츠,카트,3930.0,6.0,338.0,48.0,43.0,51.0,77.0,47.0,29.0,43.0
윈드스톤,제주특별자치도 제주시 애월읍 광성로 272 ,음식점,음식,음식점,카페/전통찻집,76.0,6.0,11.0,3.0,1.0,2.0,3.0,0.0,1.0,1.0
윌라라,제주특별자치도 서귀포시 성산읍 성산중앙로 33 ,음식점,음식,음식점,서양식,258.0,6.0,28.0,1.0,4.0,2.0,10.0,4.0,5.0,2.0
유동커피,제주특별자치도 서귀포시 태평로 406-1 ,음식점,음식,음식점,카페/전통찻집,1978.0,6.0,209.0,22.0,29.0,30.0,43.0,33.0,29.0,23.0
유민미술관,제주특별자치도 서귀포시 성산읍 고성리 21 ,문화시설,인문(문화/예술/역사),문화시설,미술관/화랑,4937.0,6.0,259.0,43.0,36.0,41.0,38.0,34.0,31.0,36.0
유수암캠핑장,제주특별자치도 제주시 애월읍 하소로 684-25 ,레포츠,레포츠,육상 레포츠,"야영장,오토캠핑장",361.0,6.0,26.0,0.0,6.0,2.0,4.0,7.0,5.0,2.0
은혜전복,제주특별자치도 제주시 애월읍 애월로1길 24-3 ,음식점,음식,음식점,한식,185.0,6.0,20.0,5.0,2.0,2.0,5.0,1.0,2.0,3.0
은희네해장국,제주특별자치도 제주시 고마로13길 8 ,음식점,음식,음식점,한식,551.0,6.0,51.0,10.0,7.0,4.0,7.0,9.0,4.0,10.0
이너프,제주특별자치도 제주시 애월읍 고성8길 33 ,음식점,음식,음식점,카페/전통찻집,206.0,6.0,24.0,6.0,1.0,4.0,2.0,4.0,5.0,2.0
이상한나라의앨리스,제주특별자치도 서귀포시 안덕면 중산간서로 1881 ,관광지,인문(문화/예술/역사),체험관광지,이색체험,2759.0,6.0,233.0,37.0,28.0,29.0,43.0,32.0,29.0,35.0
이스트포레스트,제주특별자치도 제주시 구좌읍 종달로1길 26-1 ,음식점,음식,음식점,서양식,300.0,6.0,26.0,3.0,3.0,7.0,5.0,4.0,2.0,2.0
이승이오름,제주특별자치도 서귀포시 남원읍 신례천로 267-110 ,관광지,자연,자연관광지,산,2016.0,6.0,184.0,26.0,20.0,32.0,36.0,25.0,23.0,22.0
이어도식당,제주특별자치도 서귀포시 성읍정의현로22번길 14 ,음식점,음식,음식점,한식,490.0,6.0,55.0,8.0,6.0,12.0,5.0,17.0,5.0,2.0
이제주숍,제주특별자치도 제주시 연삼로 473 (이도이동),쇼핑,쇼핑,쇼핑,특산물판매점,851.0,6.0,60.0,9.0,8.0,9.0,17.0,8.0,6.0,3.0
이중섭거주지,제주특별자치도 서귀포시 이중섭로 29 (서귀동),관광지,인문(문화/예술/역사),역사관광지,유적지/사적지,2522.0,6.0,184.0,23.0,20.0,35.0,27.0,26.0,23.0,30.0
이중섭미술관,제주특별자치도 서귀포시 이중섭로 27-3 (서귀동),문화시설,인문(문화/예술/역사),문화시설,기념관,4201.0,6.0,294.0,37.0,62.0,37.0,50.0,37.0,32.0,39.0
이춘옥원조고등어쌈밥,제주특별자치도 제주시 애월읍 일주서로 7213 ,음식점,음식,음식점,한식,424.0,6.0,57.0,9.0,9.0,5.0,10.0,12.0,4.0,8.0
이호테우말등대,제주특별자치도 제주시 이호일동 375-43 ,관광지,자연,자연관광지,등대,5223.0,6.0,467.0,73.0,69.0,45.0,87.0,84.0,54.0,55.0
인그리드,제주특별자치도 제주시 서해안로 64 ,음식점,음식,음식점,카페/전통찻집,232.0,6.0,19.0,2.0,5.0,4.0,1.0,2.0,5.0,0.0
인디언키친,제주특별자치도 제주시 애월읍 애원로 191 ,음식점,음식,음식점,이색음식점,868.0,6.0,93.0,14.0,20.0,9.0,14.0,13.0,11.0,12.0
인카페온더비치,제주특별자치도 제주시 해맞이해안로 943 ,음식점,음식,음식점,카페/전통찻집,285.0,6.0,27.0,1.0,6.0,4.0,3.0,5.0,6.0,2.0
일출랜드,제주특별자치도 서귀포시 성산읍 중산간동로 4150-30 ,관광지,인문(문화/예술/역사),휴양관광지,공원,4391.0,6.0,337.0,72.0,47.0,41.0,58.0,44.0,25.0,50.0
일통이반,제주특별자치도 제주시 중앙로2길 25 (삼도이동),음식점,음식,음식점,한식,457.0,6.0,66.0,11.0,6.0,11.0,9.0,8.0,8.0,13.0
잇칸시타,제주특별자치도 제주시 신엄안2길 54-1 ,음식점,음식,음식점,일식,359.0,6.0,34.0,6.0,6.0,3.0,2.0,4.0,8.0,5.0
자구내포구,제주특별자치도 제주시 한경면 노을해안로 1161 ,관광지,자연,자연관광지,항구/포구,1316.0,6.0,90.0,14.0,17.0,10.0,14.0,10.0,13.0,12.0
자리돔횟집,제주특별자치도 서귀포시 동홍동로 7 자리돔횟집 ,음식점,음식,음식점,한식,415.0,6.0,54.0,6.0,11.0,10.0,12.0,6.0,8.0,1.0
잔물결,제주특별자치도 제주시 금능길 58-1 1층,음식점,음식,음식점,카페/전통찻집,259.0,6.0,22.0,0.0,8.0,1.0,5.0,1.0,6.0,1.0
장생의숲길,제주특별자치도 제주시 명림로 584 (봉개동) ,관광지,자연,자연관광지,자연휴양림,1756.0,6.0,162.0,27.0,22.0,17.0,30.0,25.0,20.0,21.0
장수해장국,제주특별자치도 서귀포시 천제연로 152 ,음식점,음식,음식점,한식,141.0,6.0,19.0,1.0,4.0,4.0,2.0,3.0,2.0,3.0
장인의집,제주특별자치도 제주시 애월로19길 31 ,음식점,음식,음식점,한식,264.0,6.0,21.0,7.0,1.0,2.0,5.0,2.0,3.0,1.0
저지오름,제주특별자치도 제주시 한경면 중산간서로 ,관광지,자연,자연관광지,산,1323.0,6.0,97.0,15.0,12.0,14.0,13.0,17.0,13.0,13.0
절부암,제주특별자치도 제주시 한경면 용수리 4241-5,관광지,자연,관광자원,기암괴석,520.0,6.0,45.0,8.0,2.0,7.0,6.0,6.0,12.0,4.0
점보빌리지,제주특별자치도 서귀포시 안덕면 평화로319번길 31-11 (안덕면),관광지,인문(문화/예술/역사),문화시설,공연장,1541.0,6.0,136.0,28.0,11.0,27.0,26.0,20.0,10.0,14.0
정물오름,제주특별자치도 제주시 한림읍 금악리 산52-1,관광지,자연,자연관광지,산,1006.0,6.0,69.0,11.0,9.0,12.0,9.0,16.0,2.0,10.0
정방폭포,제주특별자치도 서귀포시 칠십리로214번길 37 ,관광지,자연,자연관광지,폭포,24044.0,6.0,2271.0,340.0,361.0,324.0,418.0,361.0,205.0,262.0
정의향교,제주특별자치도 서귀포시 표선면 성읍서문로 14 ,관광지,인문(문화/예술/역사),역사관광지,유적지/사적지,562.0,6.0,61.0,10.0,8.0,7.0,10.0,17.0,4.0,5.0
제레미,제주특별자치도 제주시 애월로 106-1 ,음식점,음식,음식점,카페/전통찻집,262.0,6.0,28.0,3.0,4.0,5.0,4.0,4.0,3.0,5.0
제스토리,제주특별자치도 서귀포시 막숙포로 60 ,쇼핑,쇼핑,쇼핑,특산물판매점,453.0,6.0,45.0,9.0,6.0,7.0,7.0,9.0,1.0,6.0
제일토산품,제주특별자치도 제주시 관덕로 24 ,쇼핑,쇼핑,쇼핑,특산물판매점,490.0,6.0,44.0,5.0,6.0,6.0,7.0,4.0,9.0,7.0
제주메이플호텔,제주특별자치도 제주시 원노형3길 41 메이플호텔 ,숙박,숙박,숙박시설,관광호텔,166.0,6.0,18.0,2.0,5.0,0.0,3.0,1.0,3.0,4.0
제주보성시장,제주특별자치도 제주시 동광로1길 32 ,쇼핑,쇼핑,쇼핑,상설시장,661.0,6.0,47.0,7.0,5.0,6.0,13.0,2.0,6.0,8.0
제주삼양동유적,제주특별자치도 제주시 선사로2길 13 ,관광지,인문(문화/예술/역사),역사관광지,유적지/사적지,1196.0,6.0,120.0,19.0,13.0,16.0,15.0,30.0,15.0,12.0
제주세계자연유산센터,제주특별자치도 제주시 조천읍 선교로 569-36 ,문화시설,인문(문화/예술/역사),문화시설,기념관,2993.0,6.0,311.0,40.0,42.0,48.0,69.0,52.0,31.0,29.0
제주센트럴파크,제주특별자치도 제주시 조천읍 비자림로 606 ,관광지,인문(문화/예술/역사),휴양관광지,테마공원,2173.0,6.0,162.0,21.0,26.0,24.0,37.0,31.0,12.0,11.0
제주오리엔탈호텔,제주특별자치도 제주시 탑동로 47 ,숙박,숙박,숙박시설,관광호텔,234.0,6.0,30.0,4.0,5.0,2.0,7.0,3.0,7.0,2.0
제주유리의성,제주특별자치도 제주시 한경면 녹차분재로 462 ,관광지,인문(문화/예술/역사),휴양관광지,테마공원,4234.0,6.0,302.0,39.0,41.0,50.0,57.0,46.0,30.0,39.0
제주중앙지하상가,제주특별자치도 제주시 중앙로 60 ,쇼핑,쇼핑,쇼핑,전문매장/상가,1359.0,6.0,135.0,15.0,26.0,17.0,30.0,22.0,10.0,15.0
제주추사관,제주특별자치도 서귀포시 대정읍 추사로 44 ,문화시설,인문(문화/예술/역사),문화시설,전시관,2635.0,6.0,193.0,25.0,23.0,37.0,31.0,31.0,21.0,25.0
제주펄관광호텔,제주특별자치도 제주시 신대로20길 49 (연동),숙박,숙박,숙박시설,관광호텔,213.0,6.0,26.0,3.0,4.0,4.0,4.0,2.0,2.0,7.0
제주항공우주호텔,제주특별자치도 서귀포시 녹차분재로 216 제주항공우주호텔 ,숙박,숙박,숙박시설,관광호텔,274.0,6.0,17.0,6.0,3.0,5.0,2.0,0.0,0.0,1.0
제주901,제주특별자치도 제주시 1100로 2977-10 ,숙박,숙박,숙박시설,민박,1429.0,6.0,124.0,17.0,22.0,23.0,27.0,16.0,7.0,12.0
제주개생활연구소,제주특별자치도 제주시 녹차분재로 502 ,음식점,음식,음식점,카페/전통찻집,411.0,6.0,38.0,6.0,4.0,6.0,1.0,6.0,8.0,7.0
제주공룡랜드,제주특별자치도 제주시 애월읍 광령평화2길 1 ,관광지,인문(문화/예술/역사),휴양관광지,테마공원,2609.0,6.0,224.0,36.0,39.0,22.0,45.0,33.0,25.0,24.0
제주곶자왈도립공원,제주특별자치도 서귀포시 에듀시티로 178 ,관광지,자연,자연관광지,도립공원,4018.0,6.0,398.0,72.0,48.0,58.0,79.0,50.0,33.0,58.0
제주관덕정분식,제주특별자치도 제주시 관덕로8길 7-9 ,음식점,음식,음식점,한식,265.0,6.0,30.0,3.0,6.0,2.0,1.0,8.0,6.0,4.0
제주교육박물관,제주특별자치도 제주시 오복4길 25 (이도이동),문화시설,인문(문화/예술/역사),문화시설,박물관,1023.0,6.0,103.0,20.0,18.0,16.0,22.0,8.0,6.0,13.0
제주국제평화센터,제주특별자치도 서귀포시 중문관광로 227-24 (중문동),문화시설,인문(문화/예술/역사),문화시설,전시관,645.0,6.0,64.0,10.0,9.0,13.0,13.0,10.0,4.0,5.0
제주그림카페,제주특별자치도 서귀포시 녹차분재로 218 제주항공우주박물관 4층,음식점,음식,음식점,카페/전통찻집,999.0,6.0,113.0,22.0,17.0,12.0,15.0,21.0,12.0,14.0
제주돌문화공원,제주특별자치도 제주시 조천읍 남조로 2023 ,문화시설,인문(문화/예술/역사),문화시설,박물관,10123.0,6.0,731.0,117.0,96.0,90.0,117.0,153.0,88.0,70.0
제주돌창고,제주특별자치도 제주시 한경면 조수7길 8 ,음식점,음식,음식점,카페/전통찻집,620.0,6.0,63.0,11.0,9.0,8.0,14.0,12.0,6.0,3.0
제주동백수목원,제주특별자치도 서귀포시 남원읍 태위로 (288) ,관광지,자연,자연관광지,수목원,14183.0,6.0,255.0,39.0,33.0,29.0,48.0,34.0,29.0,43.0
제주뚝배기,제주특별자치도 서귀포시 성산읍 일출로 255 ,음식점,음식,음식점,한식,459.0,6.0,54.0,4.0,7.0,8.0,15.0,15.0,2.0,3.0
제주러브랜드,제주특별자치도 제주시 1100로 2894-72 (연동),관광지,인문(문화/예술/역사),휴양관광지,테마공원,4360.0,6.0,451.0,68.0,52.0,76.0,75.0,58.0,71.0,51.0
제주레일바이크,제주특별자치도 제주시 구좌읍 용눈이오름로 641 ,레포츠,레포츠,육상 레포츠,트래킹,9852.0,6.0,752.0,117.0,104.0,107.0,143.0,117.0,81.0,83.0
제주로얄호텔,제주특별자치도 제주시 신대로12길 45 ,숙박,숙박,숙박시설,관광호텔,98.0,6.0,11.0,3.0,1.0,0.0,2.0,1.0,2.0,2.0
제주명가두루치기,제주특별자치도 서귀포시 태평로 495 ,음식점,음식,음식점,한식,473.0,6.0,45.0,6.0,7.0,4.0,9.0,9.0,6.0,4.0
제주목관아,제주특별자치도 제주시 관덕로 25 (삼도이동),관광지,인문(문화/예술/역사),역사관광지,고궁,2575.0,6.0,193.0,30.0,27.0,42.0,26.0,24.0,20.0,24.0
제주목화휴양펜션,제주특별자치도 서귀포시 남원읍 태위로 485 ,숙박,숙박,숙박시설,펜션,294.0,6.0,16.0,1.0,2.0,1.0,5.0,2.0,3.0,2.0
제주미향,제주특별자치도 서귀포시 천제연로 99 ,음식점,음식,음식점,한식,856.0,6.0,74.0,10.0,10.0,12.0,12.0,14.0,2.0,14.0
제주민속식품,제주특별자치도 제주시 구좌읍 번영로 2178 ,쇼핑,쇼핑,쇼핑,전문매장/상가,258.0,6.0,20.0,2.0,5.0,1.0,7.0,5.0,0.0,0.0
제주민속촌,제주특별자치도 서귀포시 표선면 민속해안로 631-34 ,문화시설,인문(문화/예술/역사),역사관광지,민속마을,4966.0,6.0,438.0,54.0,70.0,57.0,82.0,73.0,46.0,56.0
제주바다체험장,제주특별자치도 제주시 구좌읍 일주동로 1777 ,관광지,인문(문화/예술/역사),체험관광지,농.산.어촌 체험,1227.0,6.0,134.0,23.0,17.0,24.0,23.0,9.0,18.0,20.0
제주베스트힐,제주특별자치도 제주시 조천읍 남조로 2109-36 ,레포츠,레포츠,육상 레포츠,"야영장,오토캠핑장",385.0,6.0,33.0,5.0,4.0,5.0,3.0,7.0,3.0,6.0
제주별빛누리공원,제주특별자치도 제주시 선돌목동길 60 (오등동) ,관광지,인문(문화/예술/역사),휴양관광지,공원,1639.0,6.0,124.0,20.0,21.0,15.0,25.0,21.0,11.0,11.0
제주빅볼랜드,제주특별자치도 제주시 구좌읍 송당리 산164-4,레포츠,레포츠,복합 레포츠,복합 레포츠,3658.0,6.0,494.0,94.0,60.0,65.0,95.0,66.0,40.0,74.0
제주삼다국수,제주특별자치도 서귀포시 김정문화로 59-1 ,음식점,음식,음식점,한식,214.0,6.0,21.0,1.0,4.0,1.0,6.0,4.0,4.0,1.0
제주성지,제주특별자치도 제주시 오현길 61 (이도일동),관광지,인문(문화/예술/역사),역사관광지,성,603.0,6.0,64.0,9.0,13.0,11.0,7.0,8.0,8.0,8.0
제주승마공원,제주특별자치도 제주시 애월읍 녹고메길 152-1 (애월읍),레포츠,레포츠,육상 레포츠,승마,1826.0,6.0,214.0,35.0,38.0,36.0,28.0,32.0,25.0,20.0
제주시새우리,제주특별자치도 제주시 무근성7길 24 ,음식점,음식,음식점,한식,148.0,6.0,20.0,2.0,2.0,4.0,4.0,5.0,1.0,2.0
제주아이브리조트,제주특별자치도 서귀포시 산록남로 1966-34 (영남동),관광지,인문(문화/예술/역사),휴양관광지,관광단지,709.0,6.0,57.0,11.0,11.0,11.0,6.0,8.0,3.0,7.0
제주아트서커스,제주특별자치도 서귀포시 안덕면 동광로 214 ,문화시설,인문(문화/예술/역사),문화시설,공연장,9898.0,6.0,587.0,97.0,91.0,85.0,81.0,94.0,67.0,72.0
제주아트센터,제주특별자치도 제주시 오남로 231 제주아트센터 ,문화시설,인문(문화/예술/역사),문화시설,공연장,675.0,6.0,76.0,14.0,5.0,8.0,9.0,14.0,11.0,15.0
제주안전체험관,제주특별자치도 제주시 애월읍 평화로 1885 ,관광지,인문(문화/예술/역사),체험관광지,이색체험,2271.0,6.0,155.0,31.0,22.0,16.0,34.0,23.0,20.0,9.0
제주양떼목장,제주특별자치도 제주시 애월읍 도치돌길 289-13 ,관광지,인문(문화/예술/역사),체험관광지,농.산.어촌 체험,1043.0,6.0,101.0,11.0,15.0,11.0,16.0,16.0,10.0,22.0
제주에가면,제주특별자치도 제주시 탑동로 119 ,음식점,음식,음식점,한식,99.0,6.0,11.0,0.0,4.0,1.0,1.0,3.0,1.0,1.0
제주엠리조트,제주특별자치도 서귀포시 중산간서로157번길 28-6 제주M리조트 ,숙박,숙박,숙박시설,관광호텔,202.0,6.0,16.0,3.0,2.0,2.0,4.0,1.0,2.0,2.0
제주유리박물관,제주특별자치도 서귀포시 중산간서로 1403 (상예동),문화시설,인문(문화/예술/역사),문화시설,박물관,1687.0,6.0,160.0,26.0,19.0,32.0,34.0,19.0,6.0,24.0
제주절물자연휴양림,제주특별자치도 제주시 명림로 584 ,관광지,자연,자연관광지,자연휴양림,14568.0,6.0,749.0,94.0,98.0,103.0,135.0,125.0,96.0,98.0
제주제트,제주특별자치도 서귀포시 대포로 172-5 (대포동),레포츠,레포츠,레포츠소개,수상레포츠,1213.0,6.0,133.0,14.0,13.0,23.0,30.0,30.0,11.0,12.0
제주팔레스호텔,제주특별자치도 제주시 탑동로 9 ,숙박,숙박,숙박시설,관광호텔,248.0,6.0,24.0,5.0,5.0,3.0,3.0,4.0,1.0,3.0
제주펜션향림원,제주특별자치도 서귀포시 칠십리로394번길 8-3 ,숙박,숙박,숙박시설,펜션,229.0,6.0,12.0,2.0,2.0,2.0,0.0,0.0,2.0,4.0
제주플래티늄카라반,제주특별자치도 제주시 애월읍 하귀미수포길 5-8 ,레포츠,레포츠,육상 레포츠,"야영장,오토캠핑장",428.0,6.0,27.0,3.0,5.0,5.0,5.0,2.0,3.0,4.0
제주항공우주박물관,제주특별자치도 서귀포시 안덕면 녹차분재로 218 ,문화시설,인문(문화/예술/역사),문화시설,박물관,3775.0,6.0,300.0,42.0,47.0,54.0,60.0,42.0,26.0,29.0
제주항일기념관,제주특별자치도 제주시 조천읍 신북로 303 ,문화시설,인문(문화/예술/역사),문화시설,기념관,918.0,6.0,93.0,15.0,16.0,7.0,28.0,10.0,4.0,13.0
제주해물밥,제주특별자치도 제주시 월대3길 14-6 ,음식점,음식,음식점,한식,632.0,6.0,81.0,7.0,10.0,9.0,15.0,10.0,19.0,11.0
제주해양동물박물관,제주특별자치도 서귀포시 성산읍 서성일로 689-21 ,문화시설,인문(문화/예술/역사),문화시설,박물관,2617.0,6.0,231.0,27.0,34.0,32.0,54.0,43.0,17.0,24.0
제주해양레저,제주특별자치도 서귀포시 중문관광로 192 ,레포츠,레포츠,복합 레포츠,복합 레포츠,1164.0,6.0,196.0,32.0,29.0,25.0,29.0,34.0,23.0,24.0
제주향교,제주특별자치도 제주시 서문로 43 (용담일동),관광지,인문(문화/예술/역사),역사관광지,유적지/사적지,773.0,6.0,68.0,12.0,6.0,11.0,11.0,13.0,7.0,8.0
제주허브동산,제주특별자치도 서귀포시 표선면 돈오름로 170 ,관광지,인문(문화/예술/역사),산업관광지,기타,3429.0,6.0,257.0,45.0,34.0,31.0,44.0,49.0,24.0,30.0
제주현대미술관,제주특별자치도 제주시 한경면 저지14길 35 ,문화시설,인문(문화/예술/역사),문화시설,미술관/화랑,4648.0,6.0,374.0,50.0,53.0,51.0,73.0,60.0,40.0,47.0
제주힐링명상센터,제주특별자치도 제주시 애월읍 어음13길 196 ,관광지,인문(문화/예술/역사),체험관광지,이색체험,2763.0,6.0,223.0,43.0,26.0,36.0,32.0,43.0,18.0,25.0
제지기오름,제주특별자치도 서귀포시 보목동 275-1 (일대),관광지,자연,자연관광지,산,988.0,6.0,93.0,17.0,11.0,10.0,12.0,19.0,10.0,14.0
젠하이드어웨이,제주특별자치도 서귀포시 안덕면 사계남로 186-8 ,음식점,음식,음식점,카페/전통찻집,2976.0,6.0,343.0,45.0,45.0,50.0,50.0,65.0,41.0,47.0
조랑말체험공원,제주특별자치도 서귀포시 표선면 녹산로 381-15 ,관광지,인문(문화/예술/역사),체험관광지,이색체험,1821.0,6.0,132.0,20.0,26.0,17.0,30.0,18.0,10.0,11.0
조안베어뮤지엄,제주특별자치도 서귀포시 대포로 113 (대포동),문화시설,인문(문화/예술/역사),문화시설,박물관,804.0,6.0,62.0,10.0,13.0,7.0,15.0,12.0,1.0,4.0
조천만세동산,제주특별자치도 제주시 조천읍 조천리 1142-1,관광지,인문(문화/예술/역사),역사관광지,유적지/사적지,1237.0,6.0,139.0,20.0,19.0,14.0,37.0,18.0,9.0,22.0
조천함덕해안도로,제주특별자치도 제주시 조천읍 조함해안로 525 ,관광지,자연,자연관광지,자연생태관광지,1614.0,6.0,111.0,21.0,17.0,16.0,20.0,18.0,13.0,6.0
족은노꼬메오름,제주특별자치도 제주시 애월읍 산록서로 482-34 ,레포츠,레포츠,육상 레포츠,트래킹,933.0,6.0,82.0,8.0,13.0,10.0,9.0,12.0,13.0,17.0
종달리해안도로,제주특별자치도 제주시 구좌읍 종달리 ,관광지,자연,자연관광지,자연생태관광지,1858.0,6.0,193.0,24.0,16.0,42.0,36.0,31.0,20.0,24.0
종달리수국길,제주특별자치도 제주시 구좌읍 종달리 112-4 ,관광지,자연,자연관광지,자연생태관광지,4291.0,6.0,1194.0,147.0,154.0,145.0,170.0,171.0,229.0,178.0
종달리해변,제주특별자치도 제주시 구좌읍 종달리 565-72,관광지,자연,자연관광지,해수욕장,1097.0,6.0,132.0,21.0,19.0,14.0,17.0,20.0,18.0,23.0
종달해녀의집,제주특별자치도 제주시 구좌읍 해맞이해안로 2276 ,음식점,음식,음식점,한식,370.0,6.0,44.0,6.0,5.0,7.0,10.0,4.0,7.0,5.0
주상절리대,제주특별자치도 서귀포시 이어도로 36-30 (중문동),관광지,자연,자연관광지,해안절경,39913.0,6.0,3130.0,460.0,451.0,467.0,657.0,505.0,249.0,341.0
죽성고을,제주특별자치도 제주시 한북로 176 ,음식점,음식,음식점,한식,212.0,6.0,23.0,6.0,4.0,3.0,5.0,3.0,2.0,0.0
중문모메든식당,제주특별자치도 서귀포시 일주서로 508 ,음식점,음식,음식점,한식,248.0,6.0,20.0,2.0,2.0,6.0,3.0,3.0,1.0,3.0
중문관광단지,제주특별자치도 서귀포시 중문관광로 38 (중문관광단지안내소),관광지,인문(문화/예술/역사),휴양관광지,관광단지,7359.0,6.0,492.0,81.0,52.0,85.0,95.0,71.0,51.0,57.0
중문미로파크,제주특별자치도 서귀포시 상예동 3592-5 ,관광지,인문(문화/예술/역사),휴양관광지,테마공원,2467.0,6.0,210.0,22.0,32.0,32.0,33.0,31.0,22.0,38.0
중문색달해수욕장,제주특별자치도 서귀포시 색달동 ,관광지,자연,자연관광지,해수욕장,12171.0,6.0,1540.0,194.0,238.0,202.0,259.0,269.0,186.0,192.0
중문수두리보말칼국수,제주특별자치도 서귀포시 천제연로 192 (중문동),음식점,음식,음식점,한식,1050.0,6.0,98.0,8.0,13.0,19.0,22.0,15.0,12.0,9.0
중문승마공원,제주특별자치도 서귀포시 대포동 2270 ,레포츠,레포츠,육상 레포츠,승마,675.0,6.0,62.0,10.0,7.0,7.0,14.0,5.0,8.0,11.0
중문향토오일시장,제주특별자치도 서귀포시 천제연로188번길 12 ,쇼핑,쇼핑,쇼핑,5일장,3142.0,6.0,228.0,33.0,24.0,38.0,34.0,40.0,29.0,30.0
지미봉,제주특별자치도 제주시 구좌읍 종달리 산3-1,관광지,자연,자연관광지,산,1897.0,6.0,110.0,13.0,12.0,20.0,22.0,18.0,10.0,15.0
지오아라,제주특별자치도 서귀포시 안덕면 사계로114번길 54-86 ,음식점,음식,음식점,카페/전통찻집,2509.0,6.0,283.0,34.0,39.0,38.0,39.0,55.0,38.0,40.0
진주식당,제주특별자치도 서귀포시 태평로 353 ,음식점,음식,음식점,한식,224.0,6.0,17.0,0.0,2.0,2.0,5.0,3.0,5.0,0.0
짬뽕에취한날,제주특별자치도 제주시 귀아랑2길 4 (연동),음식점,음식,음식점,중식,343.0,6.0,28.0,8.0,5.0,3.0,3.0,4.0,2.0,3.0
차귀도,제주특별자치도 제주시 한경면 고락로 200-52 ,관광지,자연,자연관광지,섬,4269.0,6.0,349.0,41.0,41.0,58.0,74.0,55.0,40.0,40.0
차귀도요트,제주특별자치도 제주시 한경면 한경해안로 156 ,레포츠,레포츠,수상 레포츠,요트,611.0,6.0,59.0,11.0,6.0,8.0,9.0,9.0,10.0,6.0
차귀도유람선,제주특별자치도 제주시 한경면 노을해안로 1160 ,관광지,인문(문화/예술/역사),휴양관광지,유람선/잠수함관광,2279.0,6.0,344.0,25.0,29.0,41.0,68.0,81.0,50.0,50.0
착한집,제주특별자치도 제주시 서광로 98 (오라삼동),음식점,음식,음식점,한식,227.0,6.0,22.0,3.0,2.0,3.0,6.0,2.0,5.0,1.0
참맛나김밥,제주특별자치도 제주시 한라대학로 31 ,음식점,음식,음식점,한식,240.0,6.0,24.0,3.0,3.0,4.0,1.0,4.0,5.0,4.0
채훈이네해장국,제주특별자치도 제주시 한림읍 한림상로 29 ,음식점,음식,음식점,한식,349.0,6.0,43.0,2.0,4.0,1.0,14.0,6.0,12.0,4.0
천아오름,제주특별자치도 제주시 애월읍 산록서로 678-207 ,관광지,자연,자연관광지,산,548.0,6.0,48.0,6.0,7.0,9.0,5.0,11.0,6.0,4.0
천왕사,제주특별자치도 제주시 1100로 2528-111 (노형동) ,관광지,인문(문화/예술/역사),역사관광지,사찰,2561.0,6.0,146.0,21.0,15.0,18.0,29.0,25.0,20.0,18.0
천제연토속음식점,제주특별자치도 서귀포시 천제연로 45 ,음식점,음식,음식점,한식,383.0,6.0,38.0,11.0,3.0,3.0,7.0,4.0,9.0,1.0
천제연폭포,제주특별자치도 서귀포시 천제연로 132 (중문동),관광지,자연,자연관광지,폭포,15638.0,6.0,1477.0,223.0,250.0,162.0,253.0,220.0,179.0,190.0
천지연폭포,제주특별자치도 서귀포시 천지동 667-7,관광지,자연,자연관광지,폭포,45349.0,6.0,4199.0,590.0,590.0,567.0,788.0,695.0,477.0,492.0
철가방을든해녀,제주특별자치도 서귀포시 마라로 85 ,음식점,음식,음식점,중식,301.0,6.0,31.0,6.0,2.0,1.0,6.0,6.0,5.0,5.0
청수곶자왈,제주특별자치도 제주시 한경면 연명로 348 ,관광지,자연,자연관광지,산,1526.0,6.0,222.0,39.0,33.0,45.0,30.0,34.0,22.0,19.0
청운식당,제주특별자치도 서귀포시 성산읍 일출로 285 ,음식점,음식,음식점,한식,284.0,6.0,24.0,2.0,3.0,2.0,4.0,8.0,5.0,0.0
청재설헌,제주특별자치도 서귀포시 인정오름로 135-18 ,숙박,숙박,숙박시설,펜션,439.0,6.0,37.0,7.0,1.0,8.0,5.0,6.0,4.0,6.0
청춘부부,제주특별자치도 서귀포시 추사로38번길 181 ,음식점,음식,음식점,카페/전통찻집,240.0,6.0,31.0,13.0,4.0,4.0,4.0,2.0,2.0,2.0
초콜릿박물관,제주특별자치도 서귀포시 대정읍 일주서로3000번길 144 ,문화시설,인문(문화/예술/역사),문화시설,박물관,3175.0,6.0,229.0,33.0,33.0,35.0,51.0,38.0,23.0,16.0
추자도,제주특별자치도 제주시 추자면 추자도,관광지,자연,자연관광지,섬,5463.0,6.0,217.0,36.0,29.0,45.0,37.0,29.0,20.0,21.0
추자도등대,제주특별자치도 제주시 추자면 영흥4길 43 (추자면),관광지,자연,자연관광지,등대,319.0,6.0,24.0,4.0,2.0,4.0,1.0,2.0,10.0,1.0
취다선리조트,제주특별자치도 서귀포시 성산읍 해맞이해안로 2688 ,숙박,숙박,숙박시설,게스트하우스,1342.0,6.0,119.0,22.0,15.0,16.0,26.0,15.0,10.0,15.0
칠분의오,제주특별자치도 제주시 해맞이해안로 650-20 ,음식점,음식,음식점,서양식,292.0,6.0,26.0,3.0,5.0,2.0,8.0,2.0,1.0,5.0
카고크루즈,제주특별자치도 제주시 탑동로 43 ,음식점,음식,음식점,서양식,141.0,6.0,14.0,4.0,0.0,4.0,0.0,1.0,3.0,2.0
카멜리아힐,제주특별자치도 서귀포시 안덕면 병악로 166 ,관광지,자연,자연관광지,수목원,24856.0,6.0,1403.0,204.0,177.0,211.0,285.0,228.0,128.0,170.0
카이로스,제주특별자치도 제주시 애월읍 장유길 49-43 ,숙박,숙박,숙박시설,펜션,385.0,6.0,37.0,8.0,3.0,2.0,11.0,6.0,5.0,2.0
카페글렌코,제주특별자치도 제주시 비자림로 1202 ,음식점,음식,음식점,카페/전통찻집,491.0,6.0,46.0,4.0,5.0,2.0,6.0,19.0,6.0,4.0
카페동백,제주특별자치도 제주시 동백로 68 ,음식점,음식,음식점,카페/전통찻집,501.0,6.0,56.0,8.0,14.0,4.0,3.0,14.0,4.0,9.0
카페라라라,제주특별자치도 제주시 해맞이해안로 1430 ,음식점,음식,음식점,카페/전통찻집,184.0,6.0,18.0,2.0,4.0,1.0,2.0,5.0,4.0,0.0
카페아오오,제주특별자치도 서귀포시 성산읍 환해장성로 75 ,음식점,음식,음식점,카페/전통찻집,277.0,6.0,23.0,2.0,2.0,4.0,4.0,6.0,4.0,1.0
카페갤러리,제주특별자치도 제주시 남조로 1717-24 ,음식점,음식,음식점,카페/전통찻집,355.0,6.0,38.0,4.0,3.0,7.0,6.0,7.0,4.0,7.0
카페더라이트,제주특별자치도 서귀포시 한도로 269 ,음식점,음식,음식점,카페/전통찻집,200.0,6.0,24.0,3.0,4.0,4.0,2.0,6.0,4.0,1.0
카페리,제주특별자치도 제주시 구좌읍 평대2길 39 ,음식점,음식,음식점,카페/전통찻집,306.0,6.0,39.0,9.0,3.0,3.0,4.0,8.0,6.0,6.0
카페보롬왓,제주특별자치도 서귀포시 번영로 2350-104 ,음식점,음식,음식점,카페/전통찻집,1045.0,6.0,104.0,14.0,16.0,13.0,16.0,21.0,11.0,13.0
카페숑,제주특별자치도 서귀포시 공천포로 91 ,음식점,음식,음식점,카페/전통찻집,621.0,6.0,65.0,7.0,9.0,9.0,10.0,13.0,10.0,7.0
카페유주,제주특별자치도 제주시 한림상로 17 ,음식점,음식,음식점,카페/전통찻집,290.0,6.0,18.0,1.0,3.0,1.0,2.0,2.0,2.0,7.0
카페코지,제주특별자치도 서귀포시 성산읍 한도로 200 ,음식점,음식,음식점,카페/전통찻집,466.0,6.0,45.0,5.0,7.0,4.0,9.0,12.0,6.0,2.0
카페콜라,제주특별자치도 제주시 일주서로 5857 ,음식점,음식,음식점,카페/전통찻집,620.0,6.0,59.0,6.0,10.0,6.0,12.0,7.0,9.0,9.0
카페텐저린,제주특별자치도 서귀포시 이어도로 880 ,음식점,음식,음식점,카페/전통찻집,206.0,6.0,21.0,0.0,2.0,2.0,6.0,4.0,4.0,3.0
카페한라산,제주특별자치도 제주시 면수1길 48 ,음식점,음식,음식점,카페/전통찻집,308.0,6.0,30.0,5.0,4.0,5.0,8.0,4.0,4.0,0.0
캐릭파크,제주특별자치도 제주시 조천읍 선교로 264 ,문화시설,인문(문화/예술/역사),문화시설,전시관,764.0,6.0,52.0,11.0,8.0,4.0,11.0,10.0,6.0,2.0
캔디원,제주특별자치도 제주시 조천읍 선교로 384 ,관광지,인문(문화/예술/역사),체험관광지,이색체험,1066.0,6.0,108.0,22.0,12.0,20.0,12.0,19.0,8.0,15.0
캠파제주,제주특별자치도 서귀포시 516로 574-23 (상효동),레포츠,레포츠,육상 레포츠,"야영장,오토캠핑장",340.0,6.0,26.0,1.0,6.0,5.0,2.0,4.0,7.0,1.0
커피스케치,제주특별자치도 서귀포시 사계남로216번길 24-32 네덜란드엿보기전시관 ,음식점,음식,음식점,카페/전통찻집,205.0,6.0,27.0,4.0,1.0,3.0,5.0,2.0,4.0,8.0
커피템플,제주특별자치도 제주시 영평길 269 (월평동),음식점,음식,음식점,카페/전통찻집,592.0,6.0,83.0,12.0,12.0,10.0,15.0,14.0,12.0,8.0
컴플리트커피,제주특별자치도 제주시 노형6길 21 1층,음식점,음식,음식점,카페/전통찻집,206.0,6.0,14.0,2.0,1.0,3.0,1.0,2.0,4.0,1.0
켄싱턴리조트서귀포,제주특별자치도 서귀포시 이어도로 684 ,숙박,인문(문화/예술/역사),휴양관광지,관광단지,431.0,6.0,43.0,2.0,8.0,9.0,6.0,6.0,6.0,6.0
코델리아리조트,제주특별자치도 서귀포시 성산읍 일주동로4120번길 23-20 ,관광지,인문(문화/예술/역사),휴양관광지,관광단지,383.0,6.0,32.0,4.0,4.0,5.0,6.0,5.0,2.0,6.0
코코리파이프,제주특별자치도 제주시 하귀6길 22 ,음식점,음식,음식점,서양식,237.0,6.0,21.0,3.0,3.0,1.0,4.0,3.0,2.0,5.0
코코마마,제주특별자치도 서귀포시 성산읍 일출로 258-11 ,음식점,음식,음식점,서양식,447.0,6.0,43.0,7.0,9.0,4.0,9.0,7.0,2.0,5.0
코코메아,제주특별자치도 제주시 판포중길 31 ,음식점,음식,음식점,카페/전통찻집,238.0,6.0,27.0,4.0,3.0,7.0,5.0,3.0,4.0,1.0
크라운돼지,제주특별자치도 제주시 상가목장길 84 ,음식점,음식,음식점,한식,241.0,6.0,19.0,5.0,5.0,3.0,3.0,1.0,1.0,1.0
킴스캐빈,제주특별자치도 서귀포시 성산읍 시흥상동로53번길 88-54 ,숙박,숙박,숙박시설,펜션,262.0,6.0,26.0,3.0,5.0,3.0,6.0,3.0,5.0,1.0
타무라,제주특별자치도 제주시 중산간동로 670 1층,음식점,음식,음식점,이색음식점,295.0,6.0,29.0,6.0,5.0,4.0,6.0,0.0,3.0,5.0
타임스탬프,제주특별자치도 제주시 조천읍 신북로 92-1 1층,음식점,음식,음식점,카페/전통찻집,256.0,6.0,21.0,1.0,3.0,2.0,3.0,7.0,2.0,3.0
태광식당,제주특별자치도 제주시 탑동로 144 (용담일동),음식점,음식,음식점,한식,354.0,6.0,29.0,6.0,0.0,4.0,5.0,3.0,5.0,6.0
태웃개,제주특별자치도 서귀포시 남원읍 태위로398번길 57 ,관광지,자연,자연관광지,항구/포구,947.0,6.0,90.0,14.0,13.0,12.0,13.0,10.0,15.0,13.0
털보네장원랜드,제주특별자치도 제주시 1100로 3001 ,음식점,음식,음식점,일식,284.0,6.0,28.0,5.0,2.0,4.0,2.0,1.0,6.0,8.0
테디베어뮤지엄제주,제주특별자치도 서귀포시 중문관광로110번길 31 (색달동),문화시설,인문(문화/예술/역사),문화시설,박물관,3128.0,6.0,230.0,28.0,26.0,30.0,55.0,26.0,31.0,34.0
토끼와거북이,"제주특별자치도 제주시 서해안로 498-6 (용담삼동,블루문)",음식점,음식,음식점,한식,1697.0,6.0,114.0,16.0,14.0,22.0,21.0,22.0,8.0,11.0
토스카나호텔,제주특별자치도 서귀포시 용흥로66번길 158-7 토스카나 가족호텔 ,숙박,숙박,숙박시설,관광호텔,446.0,6.0,34.0,6.0,9.0,2.0,7.0,5.0,2.0,3.0
토이파크,제주특별자치도 서귀포시 안덕면 동광로 267-7 ,관광지,인문(문화/예술/역사),문화시설,박물관,1141.0,6.0,89.0,13.0,12.0,10.0,24.0,6.0,11.0,13.0
톰톰카레,제주특별자치도 제주시 해맞이해안로 1112 ,음식점,음식,음식점,이색음식점,417.0,6.0,44.0,8.0,5.0,9.0,6.0,9.0,5.0,2.0
트라이브,제주특별자치도 제주시 애월로 11 ,음식점,음식,음식점,카페/전통찻집,329.0,6.0,28.0,2.0,4.0,4.0,5.0,2.0,8.0,3.0
틸다하우스,제주특별자치도 제주시 중산간서로 3367-1 ,숙박,숙박,숙박시설,펜션,1053.0,6.0,116.0,16.0,11.0,16.0,21.0,17.0,18.0,17.0
파더스가든,제주특별자치도 서귀포시 안덕면 병악로 44-33 ,관광지,자연,자연관광지,수목원,775.0,6.0,63.0,12.0,5.0,9.0,9.0,14.0,7.0,7.0
판포포구,제주특별자치도 제주시 한경면 판포리 2877-3 ,관광지,자연,자연관광지,항구/포구,5424.0,6.0,784.0,118.0,128.0,122.0,123.0,106.0,77.0,110.0
팜밸리리조트,제주특별자치도 서귀포시 중산간서로 193 (강정동),숙박,인문(문화/예술/역사),휴양관광지,관광단지,204.0,6.0,18.0,3.0,3.0,6.0,1.0,2.0,1.0,2.0
팜핑제주,제주특별자치도 서귀포시 중산간서로400번길 105 (도순동),레포츠,레포츠,육상 레포츠,"야영장,오토캠핑장",184.0,6.0,17.0,6.0,2.0,1.0,5.0,2.0,1.0,0.0
팰롱팰롱빛나는,제주특별자치도 제주시 애월읍 애월해안로 474 ,쇼핑,쇼핑,쇼핑,특산물판매점,463.0,6.0,43.0,2.0,6.0,11.0,7.0,7.0,4.0,6.0
페를로,제주특별자치도 서귀포시 덕수회관로74번길 33 ,음식점,음식,음식점,서양식,382.0,6.0,34.0,3.0,3.0,7.0,6.0,5.0,9.0,1.0
펜션연리,제주특별자치도 서귀포시 논짓물로 50 (하예동),숙박,숙박,숙박시설,게스트하우스,132.0,6.0,16.0,1.0,1.0,3.0,1.0,4.0,3.0,3.0
펠리스타운,제주특별자치도 서귀포시 성산읍 시흥하동로50번길 23 ,숙박,숙박,숙박시설,유스호스텔,152.0,6.0,18.0,2.0,3.0,1.0,4.0,2.0,2.0,4.0
평대해변,제주특별자치도 제주시 구좌읍 평대리 1994-20 ,관광지,자연,자연관광지,해수욕장,1199.0,6.0,154.0,25.0,18.0,21.0,28.0,23.0,20.0,19.0
평화통일불사리탑,제주특별자치도 제주시 조천읍 일주동로 884 (조천읍),관광지,인문(문화/예술/역사),역사관광지,사찰,1216.0,6.0,109.0,23.0,12.0,7.0,15.0,10.0,16.0,26.0
포도원흑돼지,제주특별자치도 제주시 1100로 3155 ,음식점,음식,음식점,한식,428.0,6.0,52.0,8.0,4.0,7.0,10.0,6.0,7.0,10.0
포도호텔,제주특별자치도 서귀포시 안덕면 산록남로 863 ,숙박,숙박,숙박시설,모텔,1269.0,6.0,96.0,10.0,21.0,11.0,18.0,15.0,8.0,13.0
포레스트사파리,제주특별자치도 제주시 조천읍 선교로 474-1 ,관광지,인문(문화/예술/역사),휴양관광지,테마공원,972.0,6.0,95.0,18.0,11.0,14.0,14.0,9.0,11.0,18.0
풀베개,제주특별자치도 서귀포시 화순서서로 492-4 ,음식점,음식,음식점,카페/전통찻집,326.0,6.0,31.0,1.0,7.0,4.0,4.0,6.0,3.0,6.0
풍림다방송당점,제주특별자치도 제주시 중산간동로 2267-4 ,음식점,음식,음식점,카페/전통찻집,391.0,6.0,35.0,5.0,3.0,5.0,5.0,9.0,3.0,5.0
플레이스캠프제주,제주특별자치도 서귀포시 성산읍 동류암로 20 ,숙박,숙박,숙박시설,콘도미니엄,543.0,6.0,59.0,13.0,12.0,9.0,4.0,12.0,2.0,7.0
피규어뮤지엄제주,제주특별자치도 서귀포시 안덕면 한창로 243 ,쇼핑,쇼핑,쇼핑,사후면세점,1661.0,6.0,171.0,41.0,26.0,15.0,24.0,28.0,19.0,18.0
피어22,제주특별자치도 제주시 금능7길 22 금능어촌계복지회관 ,음식점,음식,음식점,서양식,833.0,6.0,71.0,7.0,14.0,9.0,13.0,17.0,5.0,6.0
하고수동해변,제주특별자치도 제주시 우도면 연평리 ,관광지,자연,자연관광지,해수욕장,1368.0,6.0,183.0,26.0,27.0,33.0,31.0,28.0,17.0,21.0
하노이안브라더스,제주특별자치도 제주시 천수동로 1 (건입동) ,음식점,음식,음식점,이색음식점,312.0,6.0,24.0,3.0,4.0,2.0,3.0,7.0,2.0,3.0
하니크라운호텔,제주특별자치도 제주시 삼성로 10 ,숙박,숙박,숙박시설,관광호텔,342.0,6.0,29.0,2.0,2.0,7.0,4.0,5.0,7.0,2.0
하도해변,제주특별자치도 제주시 구좌읍 해맞이해안로 1973 ,관광지,자연,자연관광지,해수욕장,1968.0,6.0,194.0,30.0,23.0,19.0,48.0,25.0,19.0,30.0
하르방짬뽕,제주특별자치도 제주시 하귀동남4길 4 ,음식점,음식,음식점,중식,225.0,6.0,26.0,5.0,1.0,5.0,3.0,4.0,4.0,4.0
하멜기념비,제주특별자치도 서귀포시 안덕면 사계리 112-3 ,관광지,인문(문화/예술/역사),건축/조형물,기념탑/기념비/전망대,1119.0,6.0,103.0,14.0,9.0,13.0,20.0,18.0,12.0,17.0
하얀언덕,제주특별자치도 서귀포시 표선면 민속해안로 351 ,숙박,숙박,숙박시설,펜션,202.0,6.0,20.0,1.0,4.0,1.0,4.0,3.0,4.0,3.0
하우스레서피,제주특별자치도 제주시 한림읍 일주서로 5892 ,음식점,음식,음식점,카페/전통찻집,224.0,6.0,32.0,8.0,4.0,3.0,6.0,6.0,3.0,2.0
하하호호,제주특별자치도 제주시 우도해안길 532 ,음식점,음식,음식점,서양식,982.0,6.0,129.0,13.0,33.0,20.0,22.0,22.0,8.0,11.0
한국야구명예전당,제주특별자치도 서귀포시 중산간서로 97-1 (강정동),문화시설,인문(문화/예술/역사),문화시설,전시관,2112.0,6.0,172.0,29.0,31.0,29.0,29.0,17.0,14.0,23.0
한담해변,제주특별자치도 제주시 애월읍 애월로1길 26-4 ,관광지,자연,자연관광지,해수욕장,2485.0,6.0,210.0,23.0,18.0,30.0,38.0,45.0,23.0,33.0
한라생태숲,제주특별자치도 제주시 516로 2596 ,관광지,자연,자연관광지,수목원,3045.0,6.0,219.0,28.0,25.0,32.0,41.0,40.0,30.0,23.0
한라수목원,제주특별자치도 제주시 수목원길 72 (연동),관광지,자연,자연관광지,수목원,5036.0,6.0,386.0,56.0,58.0,44.0,73.0,64.0,50.0,41.0
한라식당,제주특별자치도 제주시 광양9길 19 ,음식점,음식,음식점,한식,223.0,6.0,28.0,2.0,6.0,5.0,3.0,6.0,4.0,2.0
한림공원,제주특별자치도 제주시 한림읍 한림로 300 ,관광지,인문(문화/예술/역사),휴양관광지,공원,8246.0,6.0,677.0,108.0,88.0,95.0,132.0,118.0,60.0,76.0
한림매일시장,제주특별자치도 제주시 한림읍 한림로 687 ,쇼핑,쇼핑,쇼핑,상설시장,1035.0,6.0,90.0,12.0,7.0,12.0,16.0,11.0,19.0,13.0
한림항,제주특별자치도 제주시 한림읍 한림해안로 192 ,관광지,자연,자연관광지,항구/포구,3006.0,6.0,280.0,48.0,37.0,32.0,44.0,45.0,36.0,38.0
한성식당,제주특별자치도 서귀포시 성산읍 일출로 287 ,음식점,음식,음식점,한식,233.0,6.0,20.0,1.0,3.0,0.0,4.0,6.0,3.0,3.0
한화리조트제주,제주특별자치도 제주시 명림로 575-107 ,숙박,인문(문화/예술/역사),휴양관광지,관광단지,1786.0,6.0,123.0,22.0,14.0,18.0,17.0,15.0,19.0,18.0
함덕민속오일시장,제주특별자치도 제주시 조천읍 함덕16길 15-13 ,쇼핑,쇼핑,쇼핑,5일장,1374.0,6.0,138.0,20.0,20.0,14.0,26.0,27.0,15.0,16.0
함덕삼다펜션,제주특별자치도 제주시 조천읍 조함해안로 488 ,숙박,숙박,숙박시설,펜션,688.0,6.0,69.0,15.0,10.0,9.0,5.0,12.0,7.0,11.0
함덕잠수함,제주특별자치도 제주시 조천읍 조함해안로 378 ,관광지,인문(문화/예술/역사),휴양관광지,유람선/잠수함관광,1403.0,6.0,185.0,27.0,23.0,32.0,28.0,34.0,22.0,19.0
해녀박물관,제주특별자치도 제주시 구좌읍 해녀박물관길 26 ,문화시설,인문(문화/예술/역사),문화시설,박물관,4791.0,6.0,391.0,61.0,63.0,61.0,70.0,60.0,35.0,41.0
해녀세자매,제주특별자치도 제주시 한림읍 한림로3길 10-11 ,음식점,음식,음식점,한식,805.0,6.0,69.0,7.0,7.0,5.0,15.0,11.0,17.0,7.0
해녀의부엌북촌점,제주특별자치도 제주시 북촌9길 31 북촌리어촌계 ,음식점,음식,음식점,한식,575.0,6.0,85.0,11.0,12.0,15.0,15.0,12.0,7.0,13.0
해맞이해안로,제주특별자치도 제주시 구좌읍 김녕리 ,관광지,자연,자연관광지,자연생태관광지,1205.0,6.0,110.0,15.0,17.0,11.0,23.0,12.0,17.0,15.0
해성도뚜리,제주특별자치도 제주시 애월읍 애월해안로 682 ,음식점,음식,음식점,한식,317.0,6.0,39.0,9.0,5.0,3.0,4.0,5.0,7.0,6.0
해왓,제주특별자치도 서귀포시 성산읍 신고로 30-1 ,음식점,음식,음식점,한식,280.0,6.0,40.0,3.0,6.0,13.0,6.0,1.0,8.0,3.0
해주소반,"제주특별자치도 서귀포시 글로벌에듀로 370 이노에듀파크 105호, 106호",음식점,음식,음식점,한식,236.0,6.0,16.0,2.0,4.0,2.0,2.0,1.0,4.0,1.0
해품은체험농장,제주특별자치도 서귀포시 성산읍 서성일로 1078-14 ,관광지,인문(문화/예술/역사),산업관광지,기타,609.0,6.0,36.0,4.0,7.0,6.0,6.0,2.0,7.0,4.0
허니문하우스,제주특별자치도 서귀포시 칠십리로 228-13 ,음식점,음식,음식점,카페/전통찻집,953.0,6.0,98.0,9.0,12.0,8.0,24.0,19.0,9.0,17.0
헌마공신김만일기념관,제주특별자치도 서귀포시 서성로 919 ,문화시설,인문(문화/예술/역사),문화시설,기념관,421.0,6.0,31.0,6.0,7.0,2.0,4.0,2.0,5.0,5.0
헬로키티아일랜드,제주특별자치도 서귀포시 안덕면 한창로 340 ,문화시설,인문(문화/예술/역사),문화시설,전시관,7036.0,6.0,650.0,104.0,87.0,104.0,121.0,100.0,64.0,70.0
협재굴,제주특별자치도 제주시 한림읍 한림로 300 (한림읍),관광지,자연,자연관광지,동굴,3351.0,6.0,354.0,56.0,51.0,48.0,52.0,67.0,45.0,35.0
협재신국수,제주특별자치도 제주시 명재로 17 ,음식점,음식,음식점,한식,211.0,6.0,22.0,0.0,6.0,1.0,4.0,7.0,2.0,2.0
협재온다정,제주특별자치도 제주시 한림로 381-4 ,음식점,음식,음식점,한식,219.0,6.0,16.0,1.0,1.0,3.0,4.0,3.0,1.0,3.0
협재포구,제주특별자치도 제주시 한림읍 협재리 ,관광지,자연,자연관광지,항구/포구,727.0,6.0,72.0,13.0,9.0,11.0,14.0,5.0,12.0,8.0
협재해녀의집,제주특별자치도 제주시 한림읍 협재3길 19 ,음식점,음식,음식점,한식,948.0,6.0,102.0,9.0,15.0,13.0,23.0,21.0,13.0,8.0
협재해물라면오빠네,제주특별자치도 제주시 한림로 475 바다방면 1층,음식점,음식,음식점,한식,380.0,6.0,36.0,4.0,5.0,6.0,2.0,10.0,4.0,5.0
협재해수욕장,제주특별자치도 제주시 한림읍 한림로 329-10 ,관광지,자연,자연관광지,해수욕장,33373.0,6.0,4290.0,650.0,593.0,621.0,754.0,724.0,431.0,517.0
형돈,제주특별자치도 제주시 구남로 22 ,음식점,음식,음식점,한식,182.0,6.0,17.0,1.0,4.0,3.0,3.0,1.0,4.0,1.0
형제섬,제주특별자치도 서귀포시 안덕면 사계리 산44,관광지,자연,자연관광지,섬,2050.0,6.0,254.0,33.0,28.0,61.0,42.0,43.0,21.0,26.0
형제해안도로,제주특별자치도 서귀포시 안덕면 사계리 3682 ,관광지,자연,자연관광지,자연생태관광지,1084.0,6.0,84.0,14.0,12.0,8.0,18.0,6.0,10.0,16.0
호텔리젠트마린,제주특별자치도 제주시 서부두2길 20 (건입동),숙박,숙박,숙박시설,모텔,261.0,6.0,24.0,5.0,4.0,0.0,7.0,4.0,4.0,0.0
호텔서귀피안,제주특별자치도 서귀포시 보목로64번길 178 (보목동),숙박,숙박,숙박시설,게스트하우스,147.0,6.0,17.0,0.0,2.0,1.0,2.0,5.0,3.0,4.0
호텔앨리스앤트렁크,제주특별자치도 제주시 연동12길 4 ,숙박,숙박,숙박시설,관광호텔,62.0,6.0,5.0,0.0,0.0,1.0,0.0,3.0,0.0,1.0
호텔레오,제주특별자치도 제주시 삼무로 14 (연동),숙박,숙박,숙박시설,관광호텔,285.0,6.0,29.0,4.0,5.0,2.0,7.0,2.0,7.0,2.0
호텔제이엠,제주특별자치도 제주시 삼무로1길 10-7 ,숙박,숙박,숙박시설,모텔,116.0,6.0,8.0,1.0,1.0,3.0,1.0,0.0,1.0,1.0
호텔컬리넌제주,제주특별자치도 제주시 사장1길 26 (연동) ,숙박,숙박,숙박시설,관광호텔,90.0,6.0,6.0,0.0,0.0,1.0,3.0,0.0,2.0,0.0
혼인지,제주특별자치도 서귀포시 성산읍 혼인지로 39-22 (성산읍),관광지,자연,자연관광지,자연생태관광지,3739.0,6.0,1042.0,123.0,157.0,118.0,160.0,160.0,144.0,180.0
화조원,제주특별자치도 제주시 애월읍 애원로 804 ,관광지,인문(문화/예술/역사),휴양관광지,테마공원,1388.0,6.0,146.0,34.0,19.0,23.0,28.0,22.0,9.0,11.0
환상숲곶자왈공원,제주특별자치도 제주시 한경면 저지리 2848-2 ,관광지,자연,자연관광지,자연휴양림,6303.0,6.0,527.0,87.0,72.0,67.0,96.0,87.0,62.0,56.0
황금어장,제주특별자치도 제주시 사장길 14 (연동),음식점,음식,음식점,한식,1169.0,6.0,37.0,18.0,4.0,4.0,3.0,2.0,3.0,3.0
황금어장,제주특별자치도 제주시 사장길 14 (연동),음식점,음식,음식점,한식,1169.0,6.0,72.0,16.0,11.0,10.0,10.0,12.0,7.0,6.0
황우지해안열두굴,제주특별자치도 서귀포시 남성로 93 (서홍동),관광지,자연,자연관광지,동굴,1220.0,6.0,117.0,23.0,8.0,15.0,23.0,17.0,21.0,10.0
회양과국수군,제주특별자치도 제주시 우도면 우도해안길270 1층 2호 ,음식점,음식,음식점,한식,262.0,6.0,23.0,0.0,4.0,6.0,4.0,3.0,0.0,6.0
효명사,제주특별자치도 서귀포시 516로 815-41 효명사 ,관광지,인문(문화/예술/역사),역사관광지,사찰,673.0,6.0,75.0,9.0,6.0,14.0,8.0,16.0,10.0,12.0
훈남횟집,제주특별자치도 제주시 함덕13길 7 1층,음식점,음식,음식점,한식,383.0,6.0,35.0,3.0,3.0,6.0,4.0,11.0,5.0,3.0
훈데르트바서파크,제주특별자치도 제주시 우도면 우도해안길 32-24 ,문화시설,인문(문화/예술/역사),문화시설,전시관,1666.0,6.0,143.0,27.0,19.0,15.0,29.0,18.0,21.0,14.0
휘닉스제주섭지코지,제주특별자치도 서귀포시 성산읍 섭지코지로 107 ,숙박,숙박,숙박시설,콘도미니엄,2850.0,6.0,319.0,43.0,48.0,45.0,66.0,51.0,28.0,38.0
휴림,제주특별자치도 제주시 애월읍 광령남서길 40 ,관광지,인문(문화/예술/역사),휴양관광지,테마공원,1637.0,6.0,189.0,32.0,31.0,21.0,27.0,37.0,30.0,11.0
휴애리자연생활공원,제주특별자치도 서귀포시 남원읍 신례동로 256 ,관광지,인문(문화/예술/역사),휴양관광지,공원,13757.0,6.0,1024.0,140.0,223.0,191.0,134.0,148.0,87.0,101.0
휴일로,제주특별자치도 서귀포시 안덕면 난드르로 49-65 ,음식점,음식,음식점,카페/전통찻집,158.0,6.0,13.0,2.0,2.0,2.0,1.0,2.0,2.0,2.0
흑돈향,제주특별자치도 서귀포시 태평로 58 ,음식점,음식,음식점,한식,218.0,6.0,19.0,4.0,3.0,2.0,2.0,6.0,1.0,1.0
흑돼지거리,제주특별자치도 제주시 일도일동 ,관광지,인문(문화/예술/역사),체험관광지,이색거리,924.0,6.0,86.0,10.0,10.0,11.0,18.0,9.0,16.0,12.0
흑돼지구이집하영,제주특별자치도 서귀포시 천제연로 101 ,음식점,음식,음식점,한식,1117.0,6.0,104.0,10.0,11.0,20.0,18.0,10.0,13.0,22.0
흑한우명품관,제주특별자치도 서귀포시 일주동로 8421 ,음식점,음식,음식점,한식,715.0,6.0,57.0,9.0,8.0,10.0,5.0,15.0,4.0,6.0
1100고지습지,제주특별자치도 서귀포시 1100로 1555 ,관광지,자연,자연관광지,자연생태관광지,14221.0,6.0,370.0,55.0,59.0,51.0,55.0,60.0,39.0,51.0
5.16도로숲터널,제주특별자치도 서귀포시 남원읍 신례천로 267-110 ,관광지,인문(문화/예술/역사),건축/조형물,터널,1772.0,6.0,143.0,24.0,20.0,14.0,34.0,14.0,16.0,21.0
513텐동,제주특별자치도 제주시 테우해안로 46 2층,음식점,음식,음식점,일식,409.0,6.0,48.0,13.0,5.0,5.0,4.0,12.0,5.0,4.0
73st,제주특별자치도 제주시 해안마을길 73 ,음식점,음식,음식점,카페/전통찻집,219.0,6.0,19.0,2.0,2.0,4.0,4.0,5.0,1.0,1.0
9.81파크,제주특별자치도 제주시 애월읍 천덕로 880-24 ,레포츠,레포츠,육상 레포츠,카트,5731.0,6.0,490.0,71.0,96.0,76.0,84.0,57.0,55.0,51.0
BK호텔제주,제주특별자치도 서귀포시 칠십리로91번길 12 (서귀동) ,숙박,숙박,숙박시설,관광호텔,142.0,6.0,9.0,2.0,0.0,1.0,1.0,2.0,1.0,2.0
