관광지명,주소,주소_시,장소 카테고리,대분류,중분류,소분류,총 방문자수,기준월,월별 방문자수,월요일방문자수,화요일방문자수,수요일방문자수,목요일방문자수,금요일방문자수,토요일방문자수,일요일방문자수,정보,위도,경도
가파도,제주특별자치도 서귀포시 대정읍 가파로 ,서귀포시,관광지,자연,자연관광지,섬,12905.0,9.0,349.0,38.0,56.0,56.0,54.0,51.0,51.0,43.0,"'가파도'은/는 제주특별자치도 서귀포시 대정읍 가파로 에 위치한 관광지로, 관광지에 속하며, 대분류: 자연, 중분류: 자연관광지, 소분류: 섬입니다. 해당 관광지는 기준월(9.0) 동안 총 12905.0명의 방문자를 기록했습니다. 12월 한 달 동안 349.0명이 방문했습니다. 요일별 방문자수는 월요일 38.0명, 화요일 56.0명, 수요일 56.0명, 목요일 54.0명, 금요일 51.0명, 토요일 51.0명, 일요일 43.0명입니다.",33.1697336,126.271453
갈중이,제주특별자치도 서귀포시 사계남로216번길 24-61 갈중이 ,서귀포시,관광지,인문(문화/예술/역사),체험관광지,전통체험,500.0,9.0,38.0,12.0,10.0,3.0,2.0,3.0,5.0,3.0,"'갈중이'은/는 제주특별자치도 서귀포시 사계남로216번길 24-61 갈중이 에 위치한 관광지로, 관광지에 속하며, 대분류: 인문(문화/예술/역사), 중분류: 체험관광지, 소분류: 전통체험입니다. 해당 관광지는 기준월(9.0) 동안 총 500.0명의 방문자를 기록했습니다. 12월 한 달 동안 38.0명이 방문했습니다. 요일별 방문자수는 월요일 12.0명, 화요일 10.0명, 수요일 3.0명, 목요일 2.0명, 금요일 3.0명, 토요일 5.0명, 일요일 3.0명입니다.",33.2350546,126.3136741
감수굴밭담길,제주특별자치도 제주시 구좌읍 평대7길 34 ,제주시,관광지,인문(문화/예술/역사),체험관광지,농.산.어촌 체험,551.0,9.0,41.0,6.0,8.0,4.0,5.0,7.0,7.0,4.0,"'감수굴밭담길'은/는 제주특별자치도 제주시 구좌읍 평대7길 34 에 위치한 관광지로, 관광지에 속하며, 대분류: 인문(문화/예술/역사), 중분류: 체험관광지, 소분류: 농.산.어촌 체험입니다. 해당 관광지는 기준월(9.0) 동안 총 551.0명의 방문자를 기록했습니다. 12월 한 달 동안 41.0명이 방문했습니다. 요일별 방문자수는 월요일 6.0명, 화요일 8.0명, 수요일 4.0명, 목요일 5.0명, 금요일 7.0명, 토요일 7.0명, 일요일 4.0명입니다.",33.5310269077995,126.843267842652
검멀레해변,제주특별자치도 제주시 우도면 우도해안길 (우도면),제주시,관광지,자연,자연관광지,해수욕장,3355.0,9.0,249.0,38.0,36.0,37.0,39.0,42.0,30.0,27.0,"'검멀레해변'은/는 제주특별자치도 제주시 우도면 우도해안길 (우도면)에 위치한 관광지로, 관광지에 속하며, 대분류: 자연, 중분류: 자연관광지, 소분류: 해수욕장입니다. 해당 관광지는 기준월(9.0) 동안 총 3355.0명의 방문자를 기록했습니다. 12월 한 달 동안 249.0명이 방문했습니다. 요일별 방문자수는 월요일 38.0명, 화요일 36.0명, 수요일 37.0명, 목요일 39.0명, 금요일 42.0명, 토요일 30.0명, 일요일 27.0명입니다.",33.5065528,126.9549021
곽지해수욕장,제주특별자치도 제주시 애월읍 곽지리 1565 ,제주시,관광지,자연,자연관광지,해수욕장,11572.0,9.0,834.0,144.0,134.0,105.0,96.0,121.0,123.0,111.0,"'곽지해수욕장'은/는 제주특별자치도 제주시 애월읍 곽지리 1565 에 위치한 관광지로, 관광지에 속하며, 대분류: 자연, 중분류: 자연관광지, 소분류: 해수욕장입니다. 해당 관광지는 기준월(9.0) 동안 총 11572.0명의 방문자를 기록했습니다. 12월 한 달 동안 834.0명이 방문했습니다. 요일별 방문자수는 월요일 144.0명, 화요일 134.0명, 수요일 105.0명, 목요일 96.0명, 금요일 121.0명, 토요일 123.0명, 일요일 111.0명입니다.",33.45329040000001,126.3212801
관음사야영장,제주특별자치도 제주시 산록북로 588 (오등동),제주시,레포츠,레포츠,육상 레포츠,"야영장,오토캠핑장",1369.0,9.0,119.0,14.0,16.0,14.0,10.0,22.0,24.0,19.0,"'관음사야영장'은/는 제주특별자치도 제주시 산록북로 588 (오등동)에 위치한 관광지로, 레포츠에 속하며, 대분류: 레포츠, 중분류: 육상 레포츠, 소분류: 야영장,오토캠핑장입니다. 해당 관광지는 기준월(9.0) 동안 총 1369.0명의 방문자를 기록했습니다. 12월 한 달 동안 119.0명이 방문했습니다. 요일별 방문자수는 월요일 14.0명, 화요일 16.0명, 수요일 14.0명, 목요일 10.0명, 금요일 22.0명, 토요일 24.0명, 일요일 19.0명입니다.",33.4216134051671,126.549757591879
광치기해변,제주특별자치도 서귀포시 성산읍 고성리 ,서귀포시,관광지,자연,자연관광지,해수욕장,10642.0,9.0,606.0,76.0,88.0,114.0,67.0,106.0,85.0,70.0,"'광치기해변'은/는 제주특별자치도 서귀포시 성산읍 고성리 에 위치한 관광지로, 관광지에 속하며, 대분류: 자연, 중분류: 자연관광지, 소분류: 해수욕장입니다. 해당 관광지는 기준월(9.0) 동안 총 10642.0명의 방문자를 기록했습니다. 12월 한 달 동안 606.0명이 방문했습니다. 요일별 방문자수는 월요일 76.0명, 화요일 88.0명, 수요일 114.0명, 목요일 67.0명, 금요일 106.0명, 토요일 85.0명, 일요일 70.0명입니다.",33.4370258,126.9224025
구엄포구,제주특별자치도 제주시 애월읍 구엄리 607-5 일대 ,제주시,관광지,자연,자연관광지,항구/포구,563.0,9.0,47.0,5.0,8.0,11.0,5.0,6.0,6.0,6.0,"'구엄포구'은/는 제주특별자치도 제주시 애월읍 구엄리 607-5 일대 에 위치한 관광지로, 관광지에 속하며, 대분류: 자연, 중분류: 자연관광지, 소분류: 항구/포구입니다. 해당 관광지는 기준월(9.0) 동안 총 563.0명의 방문자를 기록했습니다. 12월 한 달 동안 47.0명이 방문했습니다. 요일별 방문자수는 월요일 5.0명, 화요일 8.0명, 수요일 11.0명, 목요일 5.0명, 금요일 6.0명, 토요일 6.0명, 일요일 6.0명입니다.",33.4791227,126.3813732
귤빛캠핑장,제주특별자치도 제주시 조천읍 함와로 428 ,제주시,레포츠,레포츠,육상 레포츠,"야영장,오토캠핑장",808.0,9.0,58.0,16.0,7.0,9.0,3.0,11.0,7.0,5.0,"'귤빛캠핑장'은/는 제주특별자치도 제주시 조천읍 함와로 428 에 위치한 관광지로, 레포츠에 속하며, 대분류: 레포츠, 중분류: 육상 레포츠, 소분류: 야영장,오토캠핑장입니다. 해당 관광지는 기준월(9.0) 동안 총 808.0명의 방문자를 기록했습니다. 12월 한 달 동안 58.0명이 방문했습니다. 요일별 방문자수는 월요일 16.0명, 화요일 7.0명, 수요일 9.0명, 목요일 3.0명, 금요일 11.0명, 토요일 7.0명, 일요일 5.0명입니다.",33.5042988,126.6740979
금능포구,제주특별자치도 제주시 한림읍 금능리 ,제주시,관광지,인문(문화/예술/역사),체험관광지,농.산.어촌 체험,457.0,9.0,39.0,10.0,8.0,7.0,1.0,9.0,3.0,1.0,"'금능포구'은/는 제주특별자치도 제주시 한림읍 금능리 에 위치한 관광지로, 관광지에 속하며, 대분류: 인문(문화/예술/역사), 중분류: 체험관광지, 소분류: 농.산.어촌 체험입니다. 해당 관광지는 기준월(9.0) 동안 총 457.0명의 방문자를 기록했습니다. 12월 한 달 동안 39.0명이 방문했습니다. 요일별 방문자수는 월요일 10.0명, 화요일 8.0명, 수요일 7.0명, 목요일 1.0명, 금요일 9.0명, 토요일 3.0명, 일요일 1.0명입니다.",33.3700283,126.2392054
금능해수욕장,제주특별자치도 제주시 한림읍 금능길 119-10 ,제주시,관광지,자연,자연관광지,해수욕장,13346.0,9.0,1279.0,148.0,188.0,174.0,167.0,211.0,235.0,156.0,"'금능해수욕장'은/는 제주특별자치도 제주시 한림읍 금능길 119-10 에 위치한 관광지로, 관광지에 속하며, 대분류: 자연, 중분류: 자연관광지, 소분류: 해수욕장입니다. 해당 관광지는 기준월(9.0) 동안 총 13346.0명의 방문자를 기록했습니다. 12월 한 달 동안 1279.0명이 방문했습니다. 요일별 방문자수는 월요일 148.0명, 화요일 188.0명, 수요일 174.0명, 목요일 167.0명, 금요일 211.0명, 토요일 235.0명, 일요일 156.0명입니다.",33.3911311,126.2362647
김녕요트투어,제주특별자치도 제주시 구좌읍 구좌해안로 229-16 ,제주시,레포츠,레포츠,수상 레포츠,요트,1566.0,9.0,166.0,22.0,16.0,31.0,27.0,28.0,22.0,20.0,"'김녕요트투어'은/는 제주특별자치도 제주시 구좌읍 구좌해안로 229-16 에 위치한 관광지로, 레포츠에 속하며, 대분류: 레포츠, 중분류: 수상 레포츠, 소분류: 요트입니다. 해당 관광지는 기준월(9.0) 동안 총 1566.0명의 방문자를 기록했습니다. 12월 한 달 동안 166.0명이 방문했습니다. 요일별 방문자수는 월요일 22.0명, 화요일 16.0명, 수요일 31.0명, 목요일 27.0명, 금요일 28.0명, 토요일 22.0명, 일요일 20.0명입니다.",33.5579617,126.7367958
내창트레킹,제주특별자치도 서귀포시 남원읍 하례중앙로 95 ,서귀포시,레포츠,레포츠,육상 레포츠,트래킹,923.0,9.0,51.0,7.0,9.0,7.0,7.0,8.0,6.0,7.0,"'내창트레킹'은/는 제주특별자치도 서귀포시 남원읍 하례중앙로 95 에 위치한 관광지로, 레포츠에 속하며, 대분류: 레포츠, 중분류: 육상 레포츠, 소분류: 트래킹입니다. 해당 관광지는 기준월(9.0) 동안 총 923.0명의 방문자를 기록했습니다. 12월 한 달 동안 51.0명이 방문했습니다. 요일별 방문자수는 월요일 7.0명, 화요일 9.0명, 수요일 7.0명, 목요일 7.0명, 금요일 8.0명, 토요일 6.0명, 일요일 7.0명입니다.",33.2692431,126.6254292
노리매공원,제주특별자치도 서귀포시 대정읍 중산간서로 2260-15 ,서귀포시,관광지,인문(문화/예술/역사),휴양관광지,공원,3274.0,9.0,173.0,18.0,30.0,30.0,21.0,28.0,18.0,28.0,"'노리매공원'은/는 제주특별자치도 서귀포시 대정읍 중산간서로 2260-15 에 위치한 관광지로, 관광지에 속하며, 대분류: 인문(문화/예술/역사), 중분류: 휴양관광지, 소분류: 공원입니다. 해당 관광지는 기준월(9.0) 동안 총 3274.0명의 방문자를 기록했습니다. 12월 한 달 동안 173.0명이 방문했습니다. 요일별 방문자수는 월요일 18.0명, 화요일 30.0명, 수요일 30.0명, 목요일 21.0명, 금요일 28.0명, 토요일 18.0명, 일요일 28.0명입니다.",33.2831505,126.2873239
논짓물,제주특별자치도 서귀포시 예래해안로 253 (하예동),서귀포시,관광지,자연,자연관광지,해수욕장,7654.0,9.0,298.0,40.0,32.0,34.0,31.0,58.0,57.0,46.0,"'논짓물'은/는 제주특별자치도 서귀포시 예래해안로 253 (하예동)에 위치한 관광지로, 관광지에 속하며, 대분류: 자연, 중분류: 자연관광지, 소분류: 해수욕장입니다. 해당 관광지는 기준월(9.0) 동안 총 7654.0명의 방문자를 기록했습니다. 12월 한 달 동안 298.0명이 방문했습니다. 요일별 방문자수는 월요일 40.0명, 화요일 32.0명, 수요일 34.0명, 목요일 31.0명, 금요일 58.0명, 토요일 57.0명, 일요일 46.0명입니다.",33.2399183,126.3797536
누웨마루거리,제주특별자치도 제주시 신광로 47 (연동) ,제주시,관광지,인문(문화/예술/역사),체험관광지,이색거리,2082.0,9.0,183.0,34.0,30.0,20.0,29.0,26.0,24.0,20.0,"'누웨마루거리'은/는 제주특별자치도 제주시 신광로 47 (연동) 에 위치한 관광지로, 관광지에 속하며, 대분류: 인문(문화/예술/역사), 중분류: 체험관광지, 소분류: 이색거리입니다. 해당 관광지는 기준월(9.0) 동안 총 2082.0명의 방문자를 기록했습니다. 12월 한 달 동안 183.0명이 방문했습니다. 요일별 방문자수는 월요일 34.0명, 화요일 30.0명, 수요일 20.0명, 목요일 29.0명, 금요일 26.0명, 토요일 24.0명, 일요일 20.0명입니다.",33.4877543819398,126.490293916618
다려도,제주특별자치도 제주시 조천읍 북촌리 산 89,제주시,관광지,자연,자연관광지,섬,696.0,9.0,43.0,9.0,8.0,11.0,3.0,6.0,3.0,3.0,"'다려도'은/는 제주특별자치도 제주시 조천읍 북촌리 산 89에 위치한 관광지로, 관광지에 속하며, 대분류: 자연, 중분류: 자연관광지, 소분류: 섬입니다. 해당 관광지는 기준월(9.0) 동안 총 696.0명의 방문자를 기록했습니다. 12월 한 달 동안 43.0명이 방문했습니다. 요일별 방문자수는 월요일 9.0명, 화요일 8.0명, 수요일 11.0명, 목요일 3.0명, 금요일 6.0명, 토요일 3.0명, 일요일 3.0명입니다.",33.5374849,126.6939218
대평포구,제주특별자치도 서귀포시 안덕면 창천리 914-5 ,서귀포시,관광지,자연,자연관광지,항구/포구,1424.0,9.0,109.0,12.0,19.0,17.0,5.0,27.0,18.0,11.0,"'대평포구'은/는 제주특별자치도 서귀포시 안덕면 창천리 914-5 에 위치한 관광지로, 관광지에 속하며, 대분류: 자연, 중분류: 자연관광지, 소분류: 항구/포구입니다. 해당 관광지는 기준월(9.0) 동안 총 1424.0명의 방문자를 기록했습니다. 12월 한 달 동안 109.0명이 방문했습니다. 요일별 방문자수는 월요일 12.0명, 화요일 19.0명, 수요일 17.0명, 목요일 5.0명, 금요일 27.0명, 토요일 18.0명, 일요일 11.0명입니다.",33.2594294,126.3576754
대포포구,제주특별자치도 서귀포시 대포로 172-8 (대포동),서귀포시,관광지,자연,자연관광지,항구/포구,585.0,9.0,52.0,7.0,9.0,5.0,5.0,15.0,7.0,4.0,"'대포포구'은/는 제주특별자치도 서귀포시 대포로 172-8 (대포동)에 위치한 관광지로, 관광지에 속하며, 대분류: 자연, 중분류: 자연관광지, 소분류: 항구/포구입니다. 해당 관광지는 기준월(9.0) 동안 총 585.0명의 방문자를 기록했습니다. 12월 한 달 동안 52.0명이 방문했습니다. 요일별 방문자수는 월요일 7.0명, 화요일 9.0명, 수요일 5.0명, 목요일 5.0명, 금요일 15.0명, 토요일 7.0명, 일요일 4.0명입니다.",33.2423126,126.4345568
도두항,제주특별자치도 제주시 도공로 2 (도두일동),제주시,관광지,자연,자연관광지,항구/포구,960.0,9.0,74.0,7.0,9.0,12.0,12.0,16.0,9.0,9.0,"'도두항'은/는 제주특별자치도 제주시 도공로 2 (도두일동)에 위치한 관광지로, 관광지에 속하며, 대분류: 자연, 중분류: 자연관광지, 소분류: 항구/포구입니다. 해당 관광지는 기준월(9.0) 동안 총 960.0명의 방문자를 기록했습니다. 12월 한 달 동안 74.0명이 방문했습니다. 요일별 방문자수는 월요일 7.0명, 화요일 9.0명, 수요일 12.0명, 목요일 12.0명, 금요일 16.0명, 토요일 9.0명, 일요일 9.0명입니다.",33.5060695,126.4649759
도치돌알파카목장,제주특별자치도 제주시 애월읍 도치돌길 293 ,제주시,관광지,인문(문화/예술/역사),체험관광지,농.산.어촌 체험,1675.0,9.0,107.0,20.0,14.0,13.0,12.0,23.0,13.0,12.0,"'도치돌알파카목장'은/는 제주특별자치도 제주시 애월읍 도치돌길 293 에 위치한 관광지로, 관광지에 속하며, 대분류: 인문(문화/예술/역사), 중분류: 체험관광지, 소분류: 농.산.어촌 체험입니다. 해당 관광지는 기준월(9.0) 동안 총 1675.0명의 방문자를 기록했습니다. 12월 한 달 동안 107.0명이 방문했습니다. 요일별 방문자수는 월요일 20.0명, 화요일 14.0명, 수요일 13.0명, 목요일 12.0명, 금요일 23.0명, 토요일 13.0명, 일요일 12.0명입니다.",33.4099506881118,126.36573023443
돈내코,제주특별자치도 서귀포시 돈내코로 137 ,서귀포시,관광지,자연,자연관광지,계곡,6251.0,9.0,560.0,80.0,74.0,66.0,57.0,95.0,100.0,88.0,"'돈내코'은/는 제주특별자치도 서귀포시 돈내코로 137 에 위치한 관광지로, 관광지에 속하며, 대분류: 자연, 중분류: 자연관광지, 소분류: 계곡입니다. 해당 관광지는 기준월(9.0) 동안 총 6251.0명의 방문자를 기록했습니다. 12월 한 달 동안 560.0명이 방문했습니다. 요일별 방문자수는 월요일 80.0명, 화요일 74.0명, 수요일 66.0명, 목요일 57.0명, 금요일 95.0명, 토요일 100.0명, 일요일 88.0명입니다.",33.3510774,126.620716
동일리포구,제주특별자치도 서귀포시 대정읍 동일하모로98번길 14-32 ,서귀포시,관광지,자연,자연관광지,항구/포구,478.0,9.0,48.0,4.0,7.0,12.0,3.0,8.0,7.0,7.0,"'동일리포구'은/는 제주특별자치도 서귀포시 대정읍 동일하모로98번길 14-32 에 위치한 관광지로, 관광지에 속하며, 대분류: 자연, 중분류: 자연관광지, 소분류: 항구/포구입니다. 해당 관광지는 기준월(9.0) 동안 총 478.0명의 방문자를 기록했습니다. 12월 한 달 동안 48.0명이 방문했습니다. 요일별 방문자수는 월요일 4.0명, 화요일 7.0명, 수요일 12.0명, 목요일 3.0명, 금요일 8.0명, 토요일 7.0명, 일요일 7.0명입니다.",33.247276,126.2475706
두맹이골목,제주특별자치도 제주시 일도이동 1006-11,제주시,관광지,인문(문화/예술/역사),체험관광지,이색거리,741.0,9.0,45.0,4.0,14.0,6.0,5.0,7.0,2.0,7.0,"'두맹이골목'은/는 제주특별자치도 제주시 일도이동 1006-11에 위치한 관광지로, 관광지에 속하며, 대분류: 인문(문화/예술/역사), 중분류: 체험관광지, 소분류: 이색거리입니다. 해당 관광지는 기준월(9.0) 동안 총 741.0명의 방문자를 기록했습니다. 12월 한 달 동안 45.0명이 방문했습니다. 요일별 방문자수는 월요일 4.0명, 화요일 14.0명, 수요일 6.0명, 목요일 5.0명, 금요일 7.0명, 토요일 2.0명, 일요일 7.0명입니다.",33.5120308,126.5349279
마라도,제주특별자치도 서귀포시 대정읍 마라로101번길 46 ,서귀포시,관광지,자연,자연관광지,섬,6306.0,9.0,658.0,74.0,97.0,84.0,89.0,109.0,109.0,96.0,"'마라도'은/는 제주특별자치도 서귀포시 대정읍 마라로101번길 46 에 위치한 관광지로, 관광지에 속하며, 대분류: 자연, 중분류: 자연관광지, 소분류: 섬입니다. 해당 관광지는 기준월(9.0) 동안 총 6306.0명의 방문자를 기록했습니다. 12월 한 달 동안 658.0명이 방문했습니다. 요일별 방문자수는 월요일 74.0명, 화요일 97.0명, 수요일 84.0명, 목요일 89.0명, 금요일 109.0명, 토요일 109.0명, 일요일 96.0명입니다.",33.1186178022129,126.267092741572
맥파이브루어리,제주특별자치도 제주시 동회천1길 23 (회천동),제주시,관광지,인문(문화/예술/역사),산업관광지,식음료,823.0,9.0,53.0,7.0,7.0,8.0,8.0,6.0,7.0,10.0,"'맥파이브루어리'은/는 제주특별자치도 제주시 동회천1길 23 (회천동)에 위치한 관광지로, 관광지에 속하며, 대분류: 인문(문화/예술/역사), 중분류: 산업관광지, 소분류: 식음료입니다. 해당 관광지는 기준월(9.0) 동안 총 823.0명의 방문자를 기록했습니다. 12월 한 달 동안 53.0명이 방문했습니다. 요일별 방문자수는 월요일 7.0명, 화요일 7.0명, 수요일 8.0명, 목요일 8.0명, 금요일 6.0명, 토요일 7.0명, 일요일 10.0명입니다.",33.503206117821,126.61717764321
머체왓숲길,제주특별자치도 서귀포시 남원읍 서성로 755 ,서귀포시,레포츠,레포츠,육상 레포츠,트래킹,5344.0,9.0,311.0,58.0,50.0,50.0,31.0,43.0,48.0,31.0,"'머체왓숲길'은/는 제주특별자치도 서귀포시 남원읍 서성로 755 에 위치한 관광지로, 레포츠에 속하며, 대분류: 레포츠, 중분류: 육상 레포츠, 소분류: 트래킹입니다. 해당 관광지는 기준월(9.0) 동안 총 5344.0명의 방문자를 기록했습니다. 12월 한 달 동안 311.0명이 방문했습니다. 요일별 방문자수는 월요일 58.0명, 화요일 50.0명, 수요일 50.0명, 목요일 31.0명, 금요일 43.0명, 토요일 48.0명, 일요일 31.0명입니다.",33.31887750000001,126.6742738
무수천,제주특별자치도 제주시 애월읍 무수천길 (애월읍) 일대,제주시,관광지,자연,자연관광지,계곡,814.0,9.0,47.0,10.0,10.0,7.0,5.0,7.0,5.0,3.0,"'무수천'은/는 제주특별자치도 제주시 애월읍 무수천길 (애월읍) 일대에 위치한 관광지로, 관광지에 속하며, 대분류: 자연, 중분류: 자연관광지, 소분류: 계곡입니다. 해당 관광지는 기준월(9.0) 동안 총 814.0명의 방문자를 기록했습니다. 12월 한 달 동안 47.0명이 방문했습니다. 요일별 방문자수는 월요일 10.0명, 화요일 10.0명, 수요일 7.0명, 목요일 5.0명, 금요일 7.0명, 토요일 5.0명, 일요일 3.0명입니다.",33.4633826,126.4445845
물뫼힐링팜,제주특별자치도 제주시 애월읍 예원로 51 ,제주시,관광지,인문(문화/예술/역사),체험관광지,이색체험,987.0,9.0,102.0,18.0,29.0,9.0,8.0,20.0,7.0,11.0,"'물뫼힐링팜'은/는 제주특별자치도 제주시 애월읍 예원로 51 에 위치한 관광지로, 관광지에 속하며, 대분류: 인문(문화/예술/역사), 중분류: 체험관광지, 소분류: 이색체험입니다. 해당 관광지는 기준월(9.0) 동안 총 987.0명의 방문자를 기록했습니다. 12월 한 달 동안 102.0명이 방문했습니다. 요일별 방문자수는 월요일 18.0명, 화요일 29.0명, 수요일 9.0명, 목요일 8.0명, 금요일 20.0명, 토요일 7.0명, 일요일 11.0명입니다.",33.4642593,126.3965364
방선문,제주특별자치도 제주시 오라이동 39-1,제주시,관광지,자연,자연관광지,계곡,623.0,9.0,39.0,4.0,10.0,5.0,2.0,5.0,8.0,5.0,"'방선문'은/는 제주특별자치도 제주시 오라이동 39-1에 위치한 관광지로, 관광지에 속하며, 대분류: 자연, 중분류: 자연관광지, 소분류: 계곡입니다. 해당 관광지는 기준월(9.0) 동안 총 623.0명의 방문자를 기록했습니다. 12월 한 달 동안 39.0명이 방문했습니다. 요일별 방문자수는 월요일 4.0명, 화요일 10.0명, 수요일 5.0명, 목요일 2.0명, 금요일 5.0명, 토요일 8.0명, 일요일 5.0명입니다.",33.4712097,126.5020906
법환포구,제주특별자치도 서귀포시 막숙포로 46 (법환동),서귀포시,관광지,자연,자연관광지,항구/포구,2010.0,9.0,158.0,22.0,21.0,18.0,13.0,30.0,29.0,25.0,"'법환포구'은/는 제주특별자치도 서귀포시 막숙포로 46 (법환동)에 위치한 관광지로, 관광지에 속하며, 대분류: 자연, 중분류: 자연관광지, 소분류: 항구/포구입니다. 해당 관광지는 기준월(9.0) 동안 총 2010.0명의 방문자를 기록했습니다. 12월 한 달 동안 158.0명이 방문했습니다. 요일별 방문자수는 월요일 22.0명, 화요일 21.0명, 수요일 18.0명, 목요일 13.0명, 금요일 30.0명, 토요일 29.0명, 일요일 25.0명입니다.",33.2378108,126.5157218
보목포구,제주특별자치도 서귀포시 보목포로 46 (보목동),서귀포시,관광지,자연,자연관광지,항구/포구,1004.0,9.0,61.0,11.0,9.0,5.0,3.0,11.0,11.0,11.0,"'보목포구'은/는 제주특별자치도 서귀포시 보목포로 46 (보목동)에 위치한 관광지로, 관광지에 속하며, 대분류: 자연, 중분류: 자연관광지, 소분류: 항구/포구입니다. 해당 관광지는 기준월(9.0) 동안 총 1004.0명의 방문자를 기록했습니다. 12월 한 달 동안 61.0명이 방문했습니다. 요일별 방문자수는 월요일 11.0명, 화요일 9.0명, 수요일 5.0명, 목요일 3.0명, 금요일 11.0명, 토요일 11.0명, 일요일 11.0명입니다.",33.2395268,126.6073589
보통청춘기록실청춘사진관,제주특별자치도 제주시 한림읍 일주서로 5867 ,제주시,관광지,인문(문화/예술/역사),체험관광지,이색체험,786.0,9.0,46.0,4.0,6.0,6.0,4.0,7.0,12.0,7.0,"'보통청춘기록실청춘사진관'은/는 제주특별자치도 제주시 한림읍 일주서로 5867 에 위치한 관광지로, 관광지에 속하며, 대분류: 인문(문화/예술/역사), 중분류: 체험관광지, 소분류: 이색체험입니다. 해당 관광지는 기준월(9.0) 동안 총 786.0명의 방문자를 기록했습니다. 12월 한 달 동안 46.0명이 방문했습니다. 요일별 방문자수는 월요일 4.0명, 화요일 6.0명, 수요일 6.0명, 목요일 4.0명, 금요일 7.0명, 토요일 12.0명, 일요일 7.0명입니다.",33.4436616234369,126.293059624787
붉은오름자연휴양림,제주특별자치도 서귀포시 표선면 남조로 1487-73 ,서귀포시,관광지,자연,자연관광지,자연휴양림,3950.0,9.0,525.0,77.0,86.0,79.0,78.0,79.0,66.0,60.0,"'붉은오름자연휴양림'은/는 제주특별자치도 서귀포시 표선면 남조로 1487-73 에 위치한 관광지로, 관광지에 속하며, 대분류: 자연, 중분류: 자연관광지, 소분류: 자연휴양림입니다. 해당 관광지는 기준월(9.0) 동안 총 3950.0명의 방문자를 기록했습니다. 12월 한 달 동안 525.0명이 방문했습니다. 요일별 방문자수는 월요일 77.0명, 화요일 86.0명, 수요일 79.0명, 목요일 78.0명, 금요일 79.0명, 토요일 66.0명, 일요일 60.0명입니다.",33.4014287623403,126.675670597493
비양도,제주특별자치도 제주시 한림읍 한림리 ,제주시,관광지,자연,자연관광지,섬,9499.0,9.0,1176.0,155.0,140.0,155.0,163.0,145.0,242.0,176.0,"'비양도'은/는 제주특별자치도 제주시 한림읍 한림리 에 위치한 관광지로, 관광지에 속하며, 대분류: 자연, 중분류: 자연관광지, 소분류: 섬입니다. 해당 관광지는 기준월(9.0) 동안 총 9499.0명의 방문자를 기록했습니다. 12월 한 달 동안 1176.0명이 방문했습니다. 요일별 방문자수는 월요일 155.0명, 화요일 140.0명, 수요일 155.0명, 목요일 163.0명, 금요일 145.0명, 토요일 242.0명, 일요일 176.0명입니다.",33.3819398,126.2497525
사계해변,제주특별자치도 서귀포시 안덕면 사계리 2147-35,서귀포시,관광지,자연,자연관광지,해수욕장,7256.0,9.0,614.0,72.0,95.0,92.0,74.0,109.0,89.0,83.0,"'사계해변'은/는 제주특별자치도 서귀포시 안덕면 사계리 2147-35에 위치한 관광지로, 관광지에 속하며, 대분류: 자연, 중분류: 자연관광지, 소분류: 해수욕장입니다. 해당 관광지는 기준월(9.0) 동안 총 7256.0명의 방문자를 기록했습니다. 12월 한 달 동안 614.0명이 방문했습니다. 요일별 방문자수는 월요일 72.0명, 화요일 95.0명, 수요일 92.0명, 목요일 74.0명, 금요일 109.0명, 토요일 89.0명, 일요일 83.0명입니다.",33.2281549,126.3083471
사라봉공원,제주특별자치도 제주시 사라봉동길 74 ,제주시,관광지,인문(문화/예술/역사),휴양관광지,공원,1849.0,9.0,113.0,20.0,15.0,13.0,16.0,16.0,11.0,22.0,"'사라봉공원'은/는 제주특별자치도 제주시 사라봉동길 74 에 위치한 관광지로, 관광지에 속하며, 대분류: 인문(문화/예술/역사), 중분류: 휴양관광지, 소분류: 공원입니다. 해당 관광지는 기준월(9.0) 동안 총 1849.0명의 방문자를 기록했습니다. 12월 한 달 동안 113.0명이 방문했습니다. 요일별 방문자수는 월요일 20.0명, 화요일 15.0명, 수요일 13.0명, 목요일 16.0명, 금요일 16.0명, 토요일 11.0명, 일요일 22.0명입니다.",33.5177204,126.5457574
사려니숲길,제주특별자치도 서귀포시 표선면 가시리 붉은오름 입구 ,서귀포시,레포츠,레포츠,육상 레포츠,트래킹,91246.0,9.0,5792.0,890.0,782.0,781.0,759.0,1008.0,856.0,716.0,"'사려니숲길'은/는 제주특별자치도 서귀포시 표선면 가시리 붉은오름 입구 에 위치한 관광지로, 레포츠에 속하며, 대분류: 레포츠, 중분류: 육상 레포츠, 소분류: 트래킹입니다. 해당 관광지는 기준월(9.0) 동안 총 91246.0명의 방문자를 기록했습니다. 12월 한 달 동안 5792.0명이 방문했습니다. 요일별 방문자수는 월요일 890.0명, 화요일 782.0명, 수요일 781.0명, 목요일 759.0명, 금요일 1008.0명, 토요일 856.0명, 일요일 716.0명입니다.",33.4180631,126.6534847
산지천,제주특별자치도 제주시 건입동 ,제주시,관광지,자연,자연관광지,계곡,2021.0,9.0,225.0,23.0,47.0,20.0,30.0,42.0,32.0,31.0,"'산지천'은/는 제주특별자치도 제주시 건입동 에 위치한 관광지로, 관광지에 속하며, 대분류: 자연, 중분류: 자연관광지, 소분류: 계곡입니다. 해당 관광지는 기준월(9.0) 동안 총 2021.0명의 방문자를 기록했습니다. 12월 한 달 동안 225.0명이 방문했습니다. 요일별 방문자수는 월요일 23.0명, 화요일 47.0명, 수요일 20.0명, 목요일 30.0명, 금요일 42.0명, 토요일 32.0명, 일요일 31.0명입니다.",33.5153591,126.5420032
삼매봉,제주특별자치도 서귀포시 서홍동 820-2,서귀포시,관광지,인문(문화/예술/역사),휴양관광지,공원,630.0,9.0,62.0,7.0,16.0,5.0,4.0,6.0,15.0,9.0,"'삼매봉'은/는 제주특별자치도 서귀포시 서홍동 820-2에 위치한 관광지로, 관광지에 속하며, 대분류: 인문(문화/예술/역사), 중분류: 휴양관광지, 소분류: 공원입니다. 해당 관광지는 기준월(9.0) 동안 총 630.0명의 방문자를 기록했습니다. 12월 한 달 동안 62.0명이 방문했습니다. 요일별 방문자수는 월요일 7.0명, 화요일 16.0명, 수요일 5.0명, 목요일 4.0명, 금요일 6.0명, 토요일 15.0명, 일요일 9.0명입니다.",33.2437181,126.5462844
삼양해수욕장,제주특별자치도 제주시 삼양이동 ,제주시,관광지,자연,자연관광지,해수욕장,3979.0,9.0,318.0,49.0,46.0,36.0,35.0,63.0,52.0,37.0,"'삼양해수욕장'은/는 제주특별자치도 제주시 삼양이동 에 위치한 관광지로, 관광지에 속하며, 대분류: 자연, 중분류: 자연관광지, 소분류: 해수욕장입니다. 해당 관광지는 기준월(9.0) 동안 총 3979.0명의 방문자를 기록했습니다. 12월 한 달 동안 318.0명이 방문했습니다. 요일별 방문자수는 월요일 49.0명, 화요일 46.0명, 수요일 36.0명, 목요일 35.0명, 금요일 63.0명, 토요일 52.0명, 일요일 37.0명입니다.",33.5152875,126.5914354
서건도,제주특별자치도 서귀포시 강정동 ,서귀포시,관광지,자연,자연관광지,섬,2003.0,9.0,169.0,20.0,24.0,31.0,19.0,32.0,26.0,17.0,"'서건도'은/는 제주특별자치도 서귀포시 강정동 에 위치한 관광지로, 관광지에 속하며, 대분류: 자연, 중분류: 자연관광지, 소분류: 섬입니다. 해당 관광지는 기준월(9.0) 동안 총 2003.0명의 방문자를 기록했습니다. 12월 한 달 동안 169.0명이 방문했습니다. 요일별 방문자수는 월요일 20.0명, 화요일 24.0명, 수요일 31.0명, 목요일 19.0명, 금요일 32.0명, 토요일 26.0명, 일요일 17.0명입니다.",33.2300776,126.4984926
서귀포치유의숲,제주특별자치도 서귀포시 산록남로 2271 (호근동),서귀포시,관광지,인문(문화/예술/역사),휴양관광지,헬스투어,11271.0,9.0,836.0,94.0,158.0,144.0,101.0,136.0,103.0,100.0,"'서귀포치유의숲'은/는 제주특별자치도 서귀포시 산록남로 2271 (호근동)에 위치한 관광지로, 관광지에 속하며, 대분류: 인문(문화/예술/역사), 중분류: 휴양관광지, 소분류: 헬스투어입니다. 해당 관광지는 기준월(9.0) 동안 총 11271.0명의 방문자를 기록했습니다. 12월 한 달 동안 836.0명이 방문했습니다. 요일별 방문자수는 월요일 94.0명, 화요일 158.0명, 수요일 144.0명, 목요일 101.0명, 금요일 136.0명, 토요일 103.0명, 일요일 100.0명입니다.",33.3025489,126.5245747
서귀포자연휴양림,제주특별자치도 서귀포시 1100로 882 ,서귀포시,관광지,자연,자연관광지,자연휴양림,2851.0,9.0,284.0,37.0,42.0,44.0,42.0,54.0,32.0,33.0,"'서귀포자연휴양림'은/는 제주특별자치도 서귀포시 1100로 882 에 위치한 관광지로, 관광지에 속하며, 대분류: 자연, 중분류: 자연관광지, 소분류: 자연휴양림입니다. 해당 관광지는 기준월(9.0) 동안 총 2851.0명의 방문자를 기록했습니다. 12월 한 달 동안 284.0명이 방문했습니다. 요일별 방문자수는 월요일 37.0명, 화요일 42.0명, 수요일 44.0명, 목요일 42.0명, 금요일 54.0명, 토요일 32.0명, 일요일 33.0명입니다.",33.3107796,126.4597767
서귀포항,제주특별자치도 서귀포시 칠십리로72번길 14 (서귀동),서귀포시,관광지,자연,자연관광지,항구/포구,2308.0,9.0,179.0,20.0,33.0,19.0,17.0,30.0,30.0,30.0,"'서귀포항'은/는 제주특별자치도 서귀포시 칠십리로72번길 14 (서귀동)에 위치한 관광지로, 관광지에 속하며, 대분류: 자연, 중분류: 자연관광지, 소분류: 항구/포구입니다. 해당 관광지는 기준월(9.0) 동안 총 2308.0명의 방문자를 기록했습니다. 12월 한 달 동안 179.0명이 방문했습니다. 요일별 방문자수는 월요일 20.0명, 화요일 33.0명, 수요일 19.0명, 목요일 17.0명, 금요일 30.0명, 토요일 30.0명, 일요일 30.0명입니다.",33.2382947,126.5668633
성읍녹차마을,제주특별자치도 서귀포시 중산간동로 4778 녹차가공공장 ,서귀포시,관광지,인문(문화/예술/역사),체험관광지,농.산.어촌 체험,1271.0,9.0,86.0,11.0,19.0,18.0,3.0,17.0,10.0,8.0,"'성읍녹차마을'은/는 제주특별자치도 서귀포시 중산간동로 4778 녹차가공공장 에 위치한 관광지로, 관광지에 속하며, 대분류: 인문(문화/예술/역사), 중분류: 체험관광지, 소분류: 농.산.어촌 체험입니다. 해당 관광지는 기준월(9.0) 동안 총 1271.0명의 방문자를 기록했습니다. 12월 한 달 동안 86.0명이 방문했습니다. 요일별 방문자수는 월요일 11.0명, 화요일 19.0명, 수요일 18.0명, 목요일 3.0명, 금요일 17.0명, 토요일 10.0명, 일요일 8.0명입니다.",33.3810103,126.7901958
성이시돌목장,제주특별자치도 제주시 한림읍 산록남로 53 ,제주시,관광지,인문(문화/예술/역사),체험관광지,농.산.어촌 체험,11292.0,9.0,1175.0,143.0,145.0,134.0,121.0,149.0,311.0,172.0,"'성이시돌목장'은/는 제주특별자치도 제주시 한림읍 산록남로 53 에 위치한 관광지로, 관광지에 속하며, 대분류: 인문(문화/예술/역사), 중분류: 체험관광지, 소분류: 농.산.어촌 체험입니다. 해당 관광지는 기준월(9.0) 동안 총 11292.0명의 방문자를 기록했습니다. 12월 한 달 동안 1175.0명이 방문했습니다. 요일별 방문자수는 월요일 143.0명, 화요일 145.0명, 수요일 134.0명, 목요일 121.0명, 금요일 149.0명, 토요일 311.0명, 일요일 172.0명입니다.",33.3459727,126.3215552
세화해변,제주특별자치도 제주시 구좌읍 세화길 (구좌읍),제주시,관광지,자연,자연관광지,해수욕장,11079.0,9.0,627.0,96.0,93.0,119.0,89.0,85.0,83.0,62.0,"'세화해변'은/는 제주특별자치도 제주시 구좌읍 세화길 (구좌읍)에 위치한 관광지로, 관광지에 속하며, 대분류: 자연, 중분류: 자연관광지, 소분류: 해수욕장입니다. 해당 관광지는 기준월(9.0) 동안 총 11079.0명의 방문자를 기록했습니다. 12월 한 달 동안 627.0명이 방문했습니다. 요일별 방문자수는 월요일 96.0명, 화요일 93.0명, 수요일 119.0명, 목요일 89.0명, 금요일 85.0명, 토요일 83.0명, 일요일 62.0명입니다.",33.5233947,126.8622722
송악산둘레길,제주특별자치도 서귀포시 대정읍 상모리 245,서귀포시,관광지,레포츠,육상 레포츠,트래킹,18146.0,9.0,2991.0,463.0,311.0,331.0,368.0,592.0,458.0,468.0,"'송악산둘레길'은/는 제주특별자치도 서귀포시 대정읍 상모리 245에 위치한 관광지로, 관광지에 속하며, 대분류: 레포츠, 중분류: 육상 레포츠, 소분류: 트래킹입니다. 해당 관광지는 기준월(9.0) 동안 총 18146.0명의 방문자를 기록했습니다. 12월 한 달 동안 2991.0명이 방문했습니다. 요일별 방문자수는 월요일 463.0명, 화요일 311.0명, 수요일 331.0명, 목요일 368.0명, 금요일 592.0명, 토요일 458.0명, 일요일 468.0명입니다.",33.2077419,126.2909048
송악카트체험장,제주특별자치도 서귀포시 대정읍 송악관광로 404 ,서귀포시,레포츠,레포츠,육상 레포츠,카트,540.0,9.0,38.0,5.0,6.0,5.0,4.0,7.0,6.0,5.0,"'송악카트체험장'은/는 제주특별자치도 서귀포시 대정읍 송악관광로 404 에 위치한 관광지로, 레포츠에 속하며, 대분류: 레포츠, 중분류: 육상 레포츠, 소분류: 카트입니다. 해당 관광지는 기준월(9.0) 동안 총 540.0명의 방문자를 기록했습니다. 12월 한 달 동안 38.0명이 방문했습니다. 요일별 방문자수는 월요일 5.0명, 화요일 6.0명, 수요일 5.0명, 목요일 4.0명, 금요일 7.0명, 토요일 6.0명, 일요일 5.0명입니다.",33.2085318,126.2894054
쇠소깍,제주특별자치도 서귀포시 쇠소깍로 128 (하효동),서귀포시,관광지,자연,자연관광지,계곡,38097.0,9.0,2840.0,366.0,374.0,364.0,378.0,517.0,417.0,424.0,"'쇠소깍'은/는 제주특별자치도 서귀포시 쇠소깍로 128 (하효동)에 위치한 관광지로, 관광지에 속하며, 대분류: 자연, 중분류: 자연관광지, 소분류: 계곡입니다. 해당 관광지는 기준월(9.0) 동안 총 38097.0명의 방문자를 기록했습니다. 12월 한 달 동안 2840.0명이 방문했습니다. 요일별 방문자수는 월요일 366.0명, 화요일 374.0명, 수요일 364.0명, 목요일 378.0명, 금요일 517.0명, 토요일 417.0명, 일요일 424.0명입니다.",33.2522494,126.6230068
술다끄는집,제주특별자치도 서귀포시 성읍정의현로56번길 5 ,서귀포시,문화시설,인문(문화/예술/역사),체험관광지,이색체험,299.0,9.0,16.0,1.0,3.0,3.0,3.0,5.0,1.0,0.0,"'술다끄는집'은/는 제주특별자치도 서귀포시 성읍정의현로56번길 5 에 위치한 관광지로, 문화시설에 속하며, 대분류: 인문(문화/예술/역사), 중분류: 체험관광지, 소분류: 이색체험입니다. 해당 관광지는 기준월(9.0) 동안 총 299.0명의 방문자를 기록했습니다. 12월 한 달 동안 16.0명이 방문했습니다. 요일별 방문자수는 월요일 1.0명, 화요일 3.0명, 수요일 3.0명, 목요일 3.0명, 금요일 5.0명, 토요일 1.0명, 일요일 0.0명입니다.",33.3877472029397,126.801516243792
스타빌,제주특별자치도 서귀포시 광평로 34-154 ,서귀포시,레포츠,레포츠,육상 레포츠,"야영장,오토캠핑장",910.0,9.0,60.0,14.0,8.0,6.0,9.0,8.0,10.0,5.0,"'스타빌'은/는 제주특별자치도 서귀포시 광평로 34-154 에 위치한 관광지로, 레포츠에 속하며, 대분류: 레포츠, 중분류: 육상 레포츠, 소분류: 야영장,오토캠핑장입니다. 해당 관광지는 기준월(9.0) 동안 총 910.0명의 방문자를 기록했습니다. 12월 한 달 동안 60.0명이 방문했습니다. 요일별 방문자수는 월요일 14.0명, 화요일 8.0명, 수요일 6.0명, 목요일 9.0명, 금요일 8.0명, 토요일 10.0명, 일요일 5.0명입니다.",33.3394896,126.3947221
신도포구,제주특별자치도 서귀포시 대정읍 신도리 3046-2 ,서귀포시,관광지,자연,자연관광지,항구/포구,569.0,9.0,38.0,3.0,9.0,4.0,5.0,9.0,4.0,4.0,"'신도포구'은/는 제주특별자치도 서귀포시 대정읍 신도리 3046-2 에 위치한 관광지로, 관광지에 속하며, 대분류: 자연, 중분류: 자연관광지, 소분류: 항구/포구입니다. 해당 관광지는 기준월(9.0) 동안 총 569.0명의 방문자를 기록했습니다. 12월 한 달 동안 38.0명이 방문했습니다. 요일별 방문자수는 월요일 3.0명, 화요일 9.0명, 수요일 4.0명, 목요일 5.0명, 금요일 9.0명, 토요일 4.0명, 일요일 4.0명입니다.",33.2832753,126.1916943
신비의도로,제주특별자치도 제주시 노형동 ,제주시,관광지,인문(문화/예술/역사),체험관광지,이색체험,4799.0,9.0,384.0,39.0,55.0,62.0,59.0,70.0,51.0,48.0,"'신비의도로'은/는 제주특별자치도 제주시 노형동 에 위치한 관광지로, 관광지에 속하며, 대분류: 인문(문화/예술/역사), 중분류: 체험관광지, 소분류: 이색체험입니다. 해당 관광지는 기준월(9.0) 동안 총 4799.0명의 방문자를 기록했습니다. 12월 한 달 동안 384.0명이 방문했습니다. 요일별 방문자수는 월요일 39.0명, 화요일 55.0명, 수요일 62.0명, 목요일 59.0명, 금요일 70.0명, 토요일 51.0명, 일요일 48.0명입니다.",33.4511084,126.4872373
신산공원,제주특별자치도 제주시 신산로 92-12 (일도이동),제주시,관광지,인문(문화/예술/역사),휴양관광지,공원,1336.0,9.0,85.0,14.0,12.0,10.0,14.0,6.0,16.0,13.0,"'신산공원'은/는 제주특별자치도 제주시 신산로 92-12 (일도이동)에 위치한 관광지로, 관광지에 속하며, 대분류: 인문(문화/예술/역사), 중분류: 휴양관광지, 소분류: 공원입니다. 해당 관광지는 기준월(9.0) 동안 총 1336.0명의 방문자를 기록했습니다. 12월 한 달 동안 85.0명이 방문했습니다. 요일별 방문자수는 월요일 14.0명, 화요일 12.0명, 수요일 10.0명, 목요일 14.0명, 금요일 6.0명, 토요일 16.0명, 일요일 13.0명입니다.",33.505296,126.5336622
신양섭지해수욕장,제주특별자치도 서귀포시 성산읍 섭지코지로 107 ,서귀포시,관광지,자연,자연관광지,해수욕장,2736.0,9.0,227.0,28.0,39.0,39.0,23.0,39.0,27.0,32.0,"'신양섭지해수욕장'은/는 제주특별자치도 서귀포시 성산읍 섭지코지로 107 에 위치한 관광지로, 관광지에 속하며, 대분류: 자연, 중분류: 자연관광지, 소분류: 해수욕장입니다. 해당 관광지는 기준월(9.0) 동안 총 2736.0명의 방문자를 기록했습니다. 12월 한 달 동안 227.0명이 방문했습니다. 요일별 방문자수는 월요일 28.0명, 화요일 39.0명, 수요일 39.0명, 목요일 23.0명, 금요일 39.0명, 토요일 27.0명, 일요일 32.0명입니다.",33.4300919,126.9272996
신천리벽화마을,제주특별자치도 서귀포시 성산읍 신천리 478-1,서귀포시,관광지,인문(문화/예술/역사),체험관광지,이색체험,757.0,9.0,43.0,2.0,14.0,6.0,5.0,6.0,7.0,3.0,"'신천리벽화마을'은/는 제주특별자치도 서귀포시 성산읍 신천리 478-1에 위치한 관광지로, 관광지에 속하며, 대분류: 인문(문화/예술/역사), 중분류: 체험관광지, 소분류: 이색체험입니다. 해당 관광지는 기준월(9.0) 동안 총 757.0명의 방문자를 기록했습니다. 12월 한 달 동안 43.0명이 방문했습니다. 요일별 방문자수는 월요일 2.0명, 화요일 14.0명, 수요일 6.0명, 목요일 5.0명, 금요일 6.0명, 토요일 7.0명, 일요일 3.0명입니다.",33.4260423785235,126.926442688389
신풍리밭담길,제주특별자치도 서귀포시 성산읍 신풍하동로 39 ,서귀포시,레포츠,인문(문화/예술/역사),체험관광지,이색거리,745.0,9.0,51.0,4.0,13.0,7.0,7.0,8.0,7.0,5.0,"'신풍리밭담길'은/는 제주특별자치도 서귀포시 성산읍 신풍하동로 39 에 위치한 관광지로, 레포츠에 속하며, 대분류: 인문(문화/예술/역사), 중분류: 체험관광지, 소분류: 이색거리입니다. 해당 관광지는 기준월(9.0) 동안 총 745.0명의 방문자를 기록했습니다. 12월 한 달 동안 51.0명이 방문했습니다. 요일별 방문자수는 월요일 4.0명, 화요일 13.0명, 수요일 7.0명, 목요일 7.0명, 금요일 8.0명, 토요일 7.0명, 일요일 5.0명입니다.",33.3443858510457,126.849580035623
아날로그감귤밭,제주특별자치도 제주시 해안마을8길 46 (해안동),제주시,관광지,인문(문화/예술/역사),체험관광지,농.산.어촌 체험,2457.0,9.0,208.0,29.0,36.0,23.0,30.0,33.0,24.0,33.0,"'아날로그감귤밭'은/는 제주특별자치도 제주시 해안마을8길 46 (해안동)에 위치한 관광지로, 관광지에 속하며, 대분류: 인문(문화/예술/역사), 중분류: 체험관광지, 소분류: 농.산.어촌 체험입니다. 해당 관광지는 기준월(9.0) 동안 총 2457.0명의 방문자를 기록했습니다. 12월 한 달 동안 208.0명이 방문했습니다. 요일별 방문자수는 월요일 29.0명, 화요일 36.0명, 수요일 23.0명, 목요일 30.0명, 금요일 33.0명, 토요일 24.0명, 일요일 33.0명입니다.",33.455681,126.4509292
안덕계곡,제주특별자치도 서귀포시 안덕면 일주서로 1524 ,서귀포시,관광지,자연,자연관광지,계곡,4621.0,9.0,389.0,48.0,58.0,49.0,50.0,65.0,70.0,49.0,"'안덕계곡'은/는 제주특별자치도 서귀포시 안덕면 일주서로 1524 에 위치한 관광지로, 관광지에 속하며, 대분류: 자연, 중분류: 자연관광지, 소분류: 계곡입니다. 해당 관광지는 기준월(9.0) 동안 총 4621.0명의 방문자를 기록했습니다. 12월 한 달 동안 389.0명이 방문했습니다. 요일별 방문자수는 월요일 48.0명, 화요일 58.0명, 수요일 49.0명, 목요일 50.0명, 금요일 65.0명, 토요일 70.0명, 일요일 49.0명입니다.",33.258442,126.3529777
어영공원,제주특별자치도 제주시 서해안로 451 (용담삼동) ,제주시,관광지,인문(문화/예술/역사),휴양관광지,공원,1250.0,9.0,129.0,26.0,20.0,22.0,15.0,21.0,7.0,18.0,"'어영공원'은/는 제주특별자치도 제주시 서해안로 451 (용담삼동) 에 위치한 관광지로, 관광지에 속하며, 대분류: 인문(문화/예술/역사), 중분류: 휴양관광지, 소분류: 공원입니다. 해당 관광지는 기준월(9.0) 동안 총 1250.0명의 방문자를 기록했습니다. 12월 한 달 동안 129.0명이 방문했습니다. 요일별 방문자수는 월요일 26.0명, 화요일 20.0명, 수요일 22.0명, 목요일 15.0명, 금요일 21.0명, 토요일 7.0명, 일요일 18.0명입니다.",33.5177971,126.4877926
엉덩물계곡,제주특별자치도 서귀포시 중문관광로 192 (중문동),서귀포시,관광지,자연,자연관광지,계곡,5162.0,9.0,139.0,20.0,16.0,26.0,15.0,16.0,24.0,22.0,"'엉덩물계곡'은/는 제주특별자치도 서귀포시 중문관광로 192 (중문동)에 위치한 관광지로, 관광지에 속하며, 대분류: 자연, 중분류: 자연관광지, 소분류: 계곡입니다. 해당 관광지는 기준월(9.0) 동안 총 5162.0명의 방문자를 기록했습니다. 12월 한 달 동안 139.0명이 방문했습니다. 요일별 방문자수는 월요일 20.0명, 화요일 16.0명, 수요일 26.0명, 목요일 15.0명, 금요일 16.0명, 토요일 24.0명, 일요일 22.0명입니다.",33.2473317,126.4180777
연대포구,제주특별자치도 제주시 연대마을길 34-10 (외도이동),제주시,관광지,자연,자연관광지,항구/포구,428.0,9.0,35.0,3.0,10.0,4.0,3.0,9.0,6.0,0.0,"'연대포구'은/는 제주특별자치도 제주시 연대마을길 34-10 (외도이동)에 위치한 관광지로, 관광지에 속하며, 대분류: 자연, 중분류: 자연관광지, 소분류: 항구/포구입니다. 해당 관광지는 기준월(9.0) 동안 총 428.0명의 방문자를 기록했습니다. 12월 한 달 동안 35.0명이 방문했습니다. 요일별 방문자수는 월요일 3.0명, 화요일 10.0명, 수요일 4.0명, 목요일 3.0명, 금요일 9.0명, 토요일 6.0명, 일요일 0.0명입니다.",33.4933077,126.4287763
예술공간이아,제주특별자치도 제주시 중앙로14길 21 ,제주시,문화시설,인문(문화/예술/역사),체험관광지,이색체험,571.0,9.0,38.0,6.0,6.0,3.0,3.0,8.0,8.0,4.0,"'예술공간이아'은/는 제주특별자치도 제주시 중앙로14길 21 에 위치한 관광지로, 문화시설에 속하며, 대분류: 인문(문화/예술/역사), 중분류: 체험관광지, 소분류: 이색체험입니다. 해당 관광지는 기준월(9.0) 동안 총 571.0명의 방문자를 기록했습니다. 12월 한 달 동안 38.0명이 방문했습니다. 요일별 방문자수는 월요일 6.0명, 화요일 6.0명, 수요일 3.0명, 목요일 3.0명, 금요일 8.0명, 토요일 8.0명, 일요일 4.0명입니다.",33.5110697247099,126.522361679677
오조포구,제주특별자치도 서귀포시 성산읍 오조로80번길 47 ,서귀포시,관광지,자연,자연관광지,항구/포구,1290.0,9.0,78.0,8.0,7.0,11.0,5.0,22.0,15.0,10.0,"'오조포구'은/는 제주특별자치도 서귀포시 성산읍 오조로80번길 47 에 위치한 관광지로, 관광지에 속하며, 대분류: 자연, 중분류: 자연관광지, 소분류: 항구/포구입니다. 해당 관광지는 기준월(9.0) 동안 총 1290.0명의 방문자를 기록했습니다. 12월 한 달 동안 78.0명이 방문했습니다. 요일별 방문자수는 월요일 8.0명, 화요일 7.0명, 수요일 11.0명, 목요일 5.0명, 금요일 22.0명, 토요일 15.0명, 일요일 10.0명입니다.",33.4605544,126.903981
용담레포츠공원,제주특별자치도 제주시 서해안로 580 (용담삼동) ,제주시,관광지,인문(문화/예술/역사),휴양관광지,공원,1821.0,9.0,138.0,24.0,14.0,22.0,26.0,18.0,22.0,12.0,"'용담레포츠공원'은/는 제주특별자치도 제주시 서해안로 580 (용담삼동) 에 위치한 관광지로, 관광지에 속하며, 대분류: 인문(문화/예술/역사), 중분류: 휴양관광지, 소분류: 공원입니다. 해당 관광지는 기준월(9.0) 동안 총 1821.0명의 방문자를 기록했습니다. 12월 한 달 동안 138.0명이 방문했습니다. 요일별 방문자수는 월요일 24.0명, 화요일 14.0명, 수요일 22.0명, 목요일 26.0명, 금요일 18.0명, 토요일 22.0명, 일요일 12.0명입니다.",33.518341,126.4989767
용수항,제주특별자치도 제주시 한경면 용수리 4234-4 ,제주시,관광지,자연,자연관광지,항구/포구,443.0,9.0,39.0,5.0,6.0,6.0,6.0,5.0,7.0,4.0,"'용수항'은/는 제주특별자치도 제주시 한경면 용수리 4234-4 에 위치한 관광지로, 관광지에 속하며, 대분류: 자연, 중분류: 자연관광지, 소분류: 항구/포구입니다. 해당 관광지는 기준월(9.0) 동안 총 443.0명의 방문자를 기록했습니다. 12월 한 달 동안 39.0명이 방문했습니다. 요일별 방문자수는 월요일 5.0명, 화요일 6.0명, 수요일 6.0명, 목요일 6.0명, 금요일 5.0명, 토요일 7.0명, 일요일 4.0명입니다.",33.3238904,126.1799307
용연,제주특별자치도 제주시 용담일동 2581-4,제주시,관광지,자연,자연관광지,계곡,4859.0,9.0,361.0,49.0,57.0,47.0,49.0,50.0,62.0,47.0,"'용연'은/는 제주특별자치도 제주시 용담일동 2581-4에 위치한 관광지로, 관광지에 속하며, 대분류: 자연, 중분류: 자연관광지, 소분류: 계곡입니다. 해당 관광지는 기준월(9.0) 동안 총 4859.0명의 방문자를 기록했습니다. 12월 한 달 동안 361.0명이 방문했습니다. 요일별 방문자수는 월요일 49.0명, 화요일 57.0명, 수요일 47.0명, 목요일 49.0명, 금요일 50.0명, 토요일 62.0명, 일요일 47.0명입니다.",33.5152142,126.5139637
우도,제주특별자치도 제주시 삼양고수물길 1 ,제주시,관광지,자연,자연관광지,섬,75874.0,9.0,5152.0,858.0,729.0,690.0,666.0,771.0,700.0,738.0,"'우도'은/는 제주특별자치도 제주시 삼양고수물길 1 에 위치한 관광지로, 관광지에 속하며, 대분류: 자연, 중분류: 자연관광지, 소분류: 섬입니다. 해당 관광지는 기준월(9.0) 동안 총 75874.0명의 방문자를 기록했습니다. 12월 한 달 동안 5152.0명이 방문했습니다. 요일별 방문자수는 월요일 858.0명, 화요일 729.0명, 수요일 690.0명, 목요일 666.0명, 금요일 771.0명, 토요일 700.0명, 일요일 738.0명입니다.",33.5194719510559,126.951016739939
우도잠수함,제주특별자치도 서귀포시 성산읍 성산등용로 112-7 ,서귀포시,관광지,인문(문화/예술/역사),휴양관광지,유람선/잠수함관광,3184.0,9.0,221.0,43.0,27.0,31.0,23.0,35.0,34.0,28.0,"'우도잠수함'은/는 제주특별자치도 서귀포시 성산읍 성산등용로 112-7 에 위치한 관광지로, 관광지에 속하며, 대분류: 인문(문화/예술/역사), 중분류: 휴양관광지, 소분류: 유람선/잠수함관광입니다. 해당 관광지는 기준월(9.0) 동안 총 3184.0명의 방문자를 기록했습니다. 12월 한 달 동안 221.0명이 방문했습니다. 요일별 방문자수는 월요일 43.0명, 화요일 27.0명, 수요일 31.0명, 목요일 23.0명, 금요일 35.0명, 토요일 34.0명, 일요일 28.0명입니다.",33.5194719510559,126.951016739939
월령포구,제주특별자치도 제주시 한림읍 월령리 317-1 ,제주시,관광지,자연,자연관광지,항구/포구,670.0,9.0,54.0,6.0,9.0,9.0,7.0,5.0,10.0,8.0,"'월령포구'은/는 제주특별자치도 제주시 한림읍 월령리 317-1 에 위치한 관광지로, 관광지에 속하며, 대분류: 자연, 중분류: 자연관광지, 소분류: 항구/포구입니다. 해당 관광지는 기준월(9.0) 동안 총 670.0명의 방문자를 기록했습니다. 12월 한 달 동안 54.0명이 방문했습니다. 요일별 방문자수는 월요일 6.0명, 화요일 9.0명, 수요일 9.0명, 목요일 7.0명, 금요일 5.0명, 토요일 10.0명, 일요일 8.0명입니다.",33.3764716,126.2852587
월정리해변,제주특별자치도 제주시 구좌읍 해맞이해안로 480-1 ,제주시,관광지,자연,자연관광지,해수욕장,14585.0,9.0,1428.0,223.0,210.0,183.0,198.0,249.0,175.0,190.0,"'월정리해변'은/는 제주특별자치도 제주시 구좌읍 해맞이해안로 480-1 에 위치한 관광지로, 관광지에 속하며, 대분류: 자연, 중분류: 자연관광지, 소분류: 해수욕장입니다. 해당 관광지는 기준월(9.0) 동안 총 14585.0명의 방문자를 기록했습니다. 12월 한 달 동안 1428.0명이 방문했습니다. 요일별 방문자수는 월요일 223.0명, 화요일 210.0명, 수요일 183.0명, 목요일 198.0명, 금요일 249.0명, 토요일 175.0명, 일요일 190.0명입니다.",33.5551118,126.798641
월평포구,제주특별자치도 서귀포시 말질로 462 (월평동),서귀포시,관광지,자연,자연관광지,항구/포구,951.0,9.0,67.0,7.0,9.0,7.0,9.0,13.0,10.0,12.0,"'월평포구'은/는 제주특별자치도 서귀포시 말질로 462 (월평동)에 위치한 관광지로, 관광지에 속하며, 대분류: 자연, 중분류: 자연관광지, 소분류: 항구/포구입니다. 해당 관광지는 기준월(9.0) 동안 총 951.0명의 방문자를 기록했습니다. 12월 한 달 동안 67.0명이 방문했습니다. 요일별 방문자수는 월요일 7.0명, 화요일 9.0명, 수요일 7.0명, 목요일 9.0명, 금요일 13.0명, 토요일 10.0명, 일요일 12.0명입니다.",33.2347976,126.4637715
위미항,제주특별자치도 서귀포시 남원읍 위미중앙로196번길 6-13 ,서귀포시,관광지,자연,자연관광지,항구/포구,1353.0,9.0,86.0,11.0,10.0,11.0,12.0,17.0,13.0,12.0,"'위미항'은/는 제주특별자치도 서귀포시 남원읍 위미중앙로196번길 6-13 에 위치한 관광지로, 관광지에 속하며, 대분류: 자연, 중분류: 자연관광지, 소분류: 항구/포구입니다. 해당 관광지는 기준월(9.0) 동안 총 1353.0명의 방문자를 기록했습니다. 12월 한 달 동안 86.0명이 방문했습니다. 요일별 방문자수는 월요일 11.0명, 화요일 10.0명, 수요일 11.0명, 목요일 12.0명, 금요일 17.0명, 토요일 13.0명, 일요일 12.0명입니다.",33.2709905,126.6637262
윈드1947카트테마파크,제주특별자치도 서귀포시 토평공단로 78-27 ,서귀포시,레포츠,레포츠,육상 레포츠,카트,3930.0,9.0,330.0,44.0,47.0,40.0,47.0,52.0,48.0,52.0,"'윈드1947카트테마파크'은/는 제주특별자치도 서귀포시 토평공단로 78-27 에 위치한 관광지로, 레포츠에 속하며, 대분류: 레포츠, 중분류: 육상 레포츠, 소분류: 카트입니다. 해당 관광지는 기준월(9.0) 동안 총 3930.0명의 방문자를 기록했습니다. 12월 한 달 동안 330.0명이 방문했습니다. 요일별 방문자수는 월요일 44.0명, 화요일 47.0명, 수요일 40.0명, 목요일 47.0명, 금요일 52.0명, 토요일 48.0명, 일요일 52.0명입니다.",33.2895183041826,126.588828203157
유수암캠핑장,제주특별자치도 제주시 애월읍 하소로 684-25 ,제주시,레포츠,레포츠,육상 레포츠,"야영장,오토캠핑장",361.0,9.0,22.0,5.0,5.0,2.0,2.0,3.0,2.0,3.0,"'유수암캠핑장'은/는 제주특별자치도 제주시 애월읍 하소로 684-25 에 위치한 관광지로, 레포츠에 속하며, 대분류: 레포츠, 중분류: 육상 레포츠, 소분류: 야영장,오토캠핑장입니다. 해당 관광지는 기준월(9.0) 동안 총 361.0명의 방문자를 기록했습니다. 12월 한 달 동안 22.0명이 방문했습니다. 요일별 방문자수는 월요일 5.0명, 화요일 5.0명, 수요일 2.0명, 목요일 2.0명, 금요일 3.0명, 토요일 2.0명, 일요일 3.0명입니다.",33.4222271,126.3939006
이상한나라의앨리스,제주특별자치도 서귀포시 안덕면 중산간서로 1881 ,서귀포시,관광지,인문(문화/예술/역사),체험관광지,이색체험,2759.0,9.0,168.0,28.0,26.0,20.0,19.0,19.0,33.0,23.0,"'이상한나라의앨리스'은/는 제주특별자치도 서귀포시 안덕면 중산간서로 1881 에 위치한 관광지로, 관광지에 속하며, 대분류: 인문(문화/예술/역사), 중분류: 체험관광지, 소분류: 이색체험입니다. 해당 관광지는 기준월(9.0) 동안 총 2759.0명의 방문자를 기록했습니다. 12월 한 달 동안 168.0명이 방문했습니다. 요일별 방문자수는 월요일 28.0명, 화요일 26.0명, 수요일 20.0명, 목요일 19.0명, 금요일 19.0명, 토요일 33.0명, 일요일 23.0명입니다.",33.2889423633361,126.321784410657
일출랜드,제주특별자치도 서귀포시 성산읍 중산간동로 4150-30 ,서귀포시,관광지,인문(문화/예술/역사),휴양관광지,공원,4391.0,9.0,389.0,52.0,61.0,45.0,63.0,77.0,42.0,49.0,"'일출랜드'은/는 제주특별자치도 서귀포시 성산읍 중산간동로 4150-30 에 위치한 관광지로, 관광지에 속하며, 대분류: 인문(문화/예술/역사), 중분류: 휴양관광지, 소분류: 공원입니다. 해당 관광지는 기준월(9.0) 동안 총 4391.0명의 방문자를 기록했습니다. 12월 한 달 동안 389.0명이 방문했습니다. 요일별 방문자수는 월요일 52.0명, 화요일 61.0명, 수요일 45.0명, 목요일 63.0명, 금요일 77.0명, 토요일 42.0명, 일요일 49.0명입니다.",33.3831862,126.8418892
자구내포구,제주특별자치도 제주시 한경면 노을해안로 1161 ,제주시,관광지,자연,자연관광지,항구/포구,1316.0,9.0,64.0,6.0,11.0,8.0,9.0,15.0,5.0,10.0,"'자구내포구'은/는 제주특별자치도 제주시 한경면 노을해안로 1161 에 위치한 관광지로, 관광지에 속하며, 대분류: 자연, 중분류: 자연관광지, 소분류: 항구/포구입니다. 해당 관광지는 기준월(9.0) 동안 총 1316.0명의 방문자를 기록했습니다. 12월 한 달 동안 64.0명이 방문했습니다. 요일별 방문자수는 월요일 6.0명, 화요일 11.0명, 수요일 8.0명, 목요일 9.0명, 금요일 15.0명, 토요일 5.0명, 일요일 10.0명입니다.",33.3021091,126.1851714
장생의숲길,제주특별자치도 제주시 명림로 584 (봉개동) ,제주시,관광지,자연,자연관광지,자연휴양림,1756.0,9.0,178.0,22.0,21.0,27.0,21.0,33.0,27.0,27.0,"'장생의숲길'은/는 제주특별자치도 제주시 명림로 584 (봉개동) 에 위치한 관광지로, 관광지에 속하며, 대분류: 자연, 중분류: 자연관광지, 소분류: 자연휴양림입니다. 해당 관광지는 기준월(9.0) 동안 총 1756.0명의 방문자를 기록했습니다. 12월 한 달 동안 178.0명이 방문했습니다. 요일별 방문자수는 월요일 22.0명, 화요일 21.0명, 수요일 27.0명, 목요일 21.0명, 금요일 33.0명, 토요일 27.0명, 일요일 27.0명입니다.",33.440049258236,126.625203614349
제주레일바이크,제주특별자치도 제주시 구좌읍 용눈이오름로 641 ,제주시,레포츠,레포츠,육상 레포츠,트래킹,9852.0,9.0,822.0,133.0,115.0,113.0,102.0,134.0,110.0,115.0,"'제주레일바이크'은/는 제주특별자치도 제주시 구좌읍 용눈이오름로 641 에 위치한 관광지로, 레포츠에 속하며, 대분류: 레포츠, 중분류: 육상 레포츠, 소분류: 트래킹입니다. 해당 관광지는 기준월(9.0) 동안 총 9852.0명의 방문자를 기록했습니다. 12월 한 달 동안 822.0명이 방문했습니다. 요일별 방문자수는 월요일 133.0명, 화요일 115.0명, 수요일 113.0명, 목요일 102.0명, 금요일 134.0명, 토요일 110.0명, 일요일 115.0명입니다.",33.4646218,126.8369517
제주바다체험장,제주특별자치도 제주시 구좌읍 일주동로 1777 ,제주시,관광지,인문(문화/예술/역사),체험관광지,농.산.어촌 체험,1227.0,9.0,58.0,7.0,8.0,7.0,4.0,11.0,8.0,13.0,"'제주바다체험장'은/는 제주특별자치도 제주시 구좌읍 일주동로 1777 에 위치한 관광지로, 관광지에 속하며, 대분류: 인문(문화/예술/역사), 중분류: 체험관광지, 소분류: 농.산.어촌 체험입니다. 해당 관광지는 기준월(9.0) 동안 총 1227.0명의 방문자를 기록했습니다. 12월 한 달 동안 58.0명이 방문했습니다. 요일별 방문자수는 월요일 7.0명, 화요일 8.0명, 수요일 7.0명, 목요일 4.0명, 금요일 11.0명, 토요일 8.0명, 일요일 13.0명입니다.",33.5546738,126.7218438
제주베스트힐,제주특별자치도 제주시 조천읍 남조로 2109-36 ,제주시,레포츠,레포츠,육상 레포츠,"야영장,오토캠핑장",385.0,9.0,21.0,3.0,2.0,3.0,1.0,5.0,4.0,3.0,"'제주베스트힐'은/는 제주특별자치도 제주시 조천읍 남조로 2109-36 에 위치한 관광지로, 레포츠에 속하며, 대분류: 레포츠, 중분류: 육상 레포츠, 소분류: 야영장,오토캠핑장입니다. 해당 관광지는 기준월(9.0) 동안 총 385.0명의 방문자를 기록했습니다. 12월 한 달 동안 21.0명이 방문했습니다. 요일별 방문자수는 월요일 3.0명, 화요일 2.0명, 수요일 3.0명, 목요일 1.0명, 금요일 5.0명, 토요일 4.0명, 일요일 3.0명입니다.",33.4540851,126.6576267
제주별빛누리공원,제주특별자치도 제주시 선돌목동길 60 (오등동) ,제주시,관광지,인문(문화/예술/역사),휴양관광지,공원,1639.0,9.0,132.0,24.0,27.0,14.0,12.0,20.0,22.0,13.0,"'제주별빛누리공원'은/는 제주특별자치도 제주시 선돌목동길 60 (오등동) 에 위치한 관광지로, 관광지에 속하며, 대분류: 인문(문화/예술/역사), 중분류: 휴양관광지, 소분류: 공원입니다. 해당 관광지는 기준월(9.0) 동안 총 1639.0명의 방문자를 기록했습니다. 12월 한 달 동안 132.0명이 방문했습니다. 요일별 방문자수는 월요일 24.0명, 화요일 27.0명, 수요일 14.0명, 목요일 12.0명, 금요일 20.0명, 토요일 22.0명, 일요일 13.0명입니다.",33.4451439,126.5492347
제주안전체험관,제주특별자치도 제주시 애월읍 평화로 1885 ,제주시,관광지,인문(문화/예술/역사),체험관광지,이색체험,2271.0,9.0,264.0,35.0,68.0,35.0,40.0,51.0,12.0,23.0,"'제주안전체험관'은/는 제주특별자치도 제주시 애월읍 평화로 1885 에 위치한 관광지로, 관광지에 속하며, 대분류: 인문(문화/예술/역사), 중분류: 체험관광지, 소분류: 이색체험입니다. 해당 관광지는 기준월(9.0) 동안 총 2271.0명의 방문자를 기록했습니다. 12월 한 달 동안 264.0명이 방문했습니다. 요일별 방문자수는 월요일 35.0명, 화요일 68.0명, 수요일 35.0명, 목요일 40.0명, 금요일 51.0명, 토요일 12.0명, 일요일 23.0명입니다.",33.3942008,126.3737312
제주양떼목장,제주특별자치도 제주시 애월읍 도치돌길 289-13 ,제주시,관광지,인문(문화/예술/역사),체험관광지,농.산.어촌 체험,1043.0,9.0,73.0,2.0,22.0,6.0,5.0,17.0,11.0,10.0,"'제주양떼목장'은/는 제주특별자치도 제주시 애월읍 도치돌길 289-13 에 위치한 관광지로, 관광지에 속하며, 대분류: 인문(문화/예술/역사), 중분류: 체험관광지, 소분류: 농.산.어촌 체험입니다. 해당 관광지는 기준월(9.0) 동안 총 1043.0명의 방문자를 기록했습니다. 12월 한 달 동안 73.0명이 방문했습니다. 요일별 방문자수는 월요일 2.0명, 화요일 22.0명, 수요일 6.0명, 목요일 5.0명, 금요일 17.0명, 토요일 11.0명, 일요일 10.0명입니다.",33.4109424,126.3653661
제주절물자연휴양림,제주특별자치도 제주시 명림로 584 ,제주시,관광지,자연,자연관광지,자연휴양림,14568.0,9.0,2032.0,252.0,263.0,304.0,306.0,337.0,289.0,281.0,"'제주절물자연휴양림'은/는 제주특별자치도 제주시 명림로 584 에 위치한 관광지로, 관광지에 속하며, 대분류: 자연, 중분류: 자연관광지, 소분류: 자연휴양림입니다. 해당 관광지는 기준월(9.0) 동안 총 14568.0명의 방문자를 기록했습니다. 12월 한 달 동안 2032.0명이 방문했습니다. 요일별 방문자수는 월요일 252.0명, 화요일 263.0명, 수요일 304.0명, 목요일 306.0명, 금요일 337.0명, 토요일 289.0명, 일요일 281.0명입니다.",33.4302354,126.6227963
제주제트,제주특별자치도 서귀포시 대포로 172-5 (대포동),서귀포시,레포츠,레포츠,레포츠소개,수상레포츠,1213.0,9.0,88.0,9.0,18.0,9.0,6.0,16.0,14.0,16.0,"'제주제트'은/는 제주특별자치도 서귀포시 대포로 172-5 (대포동)에 위치한 관광지로, 레포츠에 속하며, 대분류: 레포츠, 중분류: 레포츠소개, 소분류: 수상레포츠입니다. 해당 관광지는 기준월(9.0) 동안 총 1213.0명의 방문자를 기록했습니다. 12월 한 달 동안 88.0명이 방문했습니다. 요일별 방문자수는 월요일 9.0명, 화요일 18.0명, 수요일 9.0명, 목요일 6.0명, 금요일 16.0명, 토요일 14.0명, 일요일 16.0명입니다.",33.2384891,126.4394879
제주플래티늄카라반,제주특별자치도 제주시 애월읍 하귀미수포길 5-8 ,제주시,레포츠,레포츠,육상 레포츠,"야영장,오토캠핑장",428.0,9.0,21.0,6.0,2.0,1.0,1.0,6.0,1.0,4.0,"'제주플래티늄카라반'은/는 제주특별자치도 제주시 애월읍 하귀미수포길 5-8 에 위치한 관광지로, 레포츠에 속하며, 대분류: 레포츠, 중분류: 육상 레포츠, 소분류: 야영장,오토캠핑장입니다. 해당 관광지는 기준월(9.0) 동안 총 428.0명의 방문자를 기록했습니다. 12월 한 달 동안 21.0명이 방문했습니다. 요일별 방문자수는 월요일 6.0명, 화요일 2.0명, 수요일 1.0명, 목요일 1.0명, 금요일 6.0명, 토요일 1.0명, 일요일 4.0명입니다.",33.4834503,126.4018565
제주힐링명상센터,제주특별자치도 제주시 애월읍 어음13길 196 ,제주시,관광지,인문(문화/예술/역사),체험관광지,이색체험,2763.0,9.0,220.0,33.0,30.0,33.0,33.0,37.0,22.0,32.0,"'제주힐링명상센터'은/는 제주특별자치도 제주시 애월읍 어음13길 196 에 위치한 관광지로, 관광지에 속하며, 대분류: 인문(문화/예술/역사), 중분류: 체험관광지, 소분류: 이색체험입니다. 해당 관광지는 기준월(9.0) 동안 총 2763.0명의 방문자를 기록했습니다. 12월 한 달 동안 220.0명이 방문했습니다. 요일별 방문자수는 월요일 33.0명, 화요일 30.0명, 수요일 33.0명, 목요일 33.0명, 금요일 37.0명, 토요일 22.0명, 일요일 32.0명입니다.",33.3955297,126.3610931
조랑말체험공원,제주특별자치도 서귀포시 표선면 녹산로 381-15 ,서귀포시,관광지,인문(문화/예술/역사),체험관광지,이색체험,1821.0,9.0,113.0,14.0,22.0,18.0,24.0,16.0,8.0,11.0,"'조랑말체험공원'은/는 제주특별자치도 서귀포시 표선면 녹산로 381-15 에 위치한 관광지로, 관광지에 속하며, 대분류: 인문(문화/예술/역사), 중분류: 체험관광지, 소분류: 이색체험입니다. 해당 관광지는 기준월(9.0) 동안 총 1821.0명의 방문자를 기록했습니다. 12월 한 달 동안 113.0명이 방문했습니다. 요일별 방문자수는 월요일 14.0명, 화요일 22.0명, 수요일 18.0명, 목요일 24.0명, 금요일 16.0명, 토요일 8.0명, 일요일 11.0명입니다.",33.3831928,126.7359802
족은노꼬메오름,제주특별자치도 제주시 애월읍 산록서로 482-34 ,제주시,레포츠,레포츠,육상 레포츠,트래킹,933.0,9.0,54.0,11.0,2.0,11.0,4.0,9.0,4.0,13.0,"'족은노꼬메오름'은/는 제주특별자치도 제주시 애월읍 산록서로 482-34 에 위치한 관광지로, 레포츠에 속하며, 대분류: 레포츠, 중분류: 육상 레포츠, 소분류: 트래킹입니다. 해당 관광지는 기준월(9.0) 동안 총 933.0명의 방문자를 기록했습니다. 12월 한 달 동안 54.0명이 방문했습니다. 요일별 방문자수는 월요일 11.0명, 화요일 2.0명, 수요일 11.0명, 목요일 4.0명, 금요일 9.0명, 토요일 4.0명, 일요일 13.0명입니다.",33.4102354,126.412865
종달리해변,제주특별자치도 제주시 구좌읍 종달리 565-72,제주시,관광지,자연,자연관광지,해수욕장,1097.0,9.0,79.0,11.0,17.0,12.0,4.0,12.0,11.0,12.0,"'종달리해변'은/는 제주특별자치도 제주시 구좌읍 종달리 565-72에 위치한 관광지로, 관광지에 속하며, 대분류: 자연, 중분류: 자연관광지, 소분류: 해수욕장입니다. 해당 관광지는 기준월(9.0) 동안 총 1097.0명의 방문자를 기록했습니다. 12월 한 달 동안 79.0명이 방문했습니다. 요일별 방문자수는 월요일 11.0명, 화요일 17.0명, 수요일 12.0명, 목요일 4.0명, 금요일 12.0명, 토요일 11.0명, 일요일 12.0명입니다.",33.4963748,126.9096779
중문색달해수욕장,제주특별자치도 서귀포시 색달동 ,서귀포시,관광지,자연,자연관광지,해수욕장,12171.0,9.0,856.0,105.0,134.0,114.0,103.0,149.0,136.0,115.0,"'중문색달해수욕장'은/는 제주특별자치도 서귀포시 색달동 에 위치한 관광지로, 관광지에 속하며, 대분류: 자연, 중분류: 자연관광지, 소분류: 해수욕장입니다. 해당 관광지는 기준월(9.0) 동안 총 12171.0명의 방문자를 기록했습니다. 12월 한 달 동안 856.0명이 방문했습니다. 요일별 방문자수는 월요일 105.0명, 화요일 134.0명, 수요일 114.0명, 목요일 103.0명, 금요일 149.0명, 토요일 136.0명, 일요일 115.0명입니다.",33.2459369,126.4126699
차귀도,제주특별자치도 제주시 한경면 고락로 200-52 ,제주시,관광지,자연,자연관광지,섬,4269.0,9.0,284.0,52.0,42.0,46.0,39.0,30.0,32.0,43.0,"'차귀도'은/는 제주특별자치도 제주시 한경면 고락로 200-52 에 위치한 관광지로, 관광지에 속하며, 대분류: 자연, 중분류: 자연관광지, 소분류: 섬입니다. 해당 관광지는 기준월(9.0) 동안 총 4269.0명의 방문자를 기록했습니다. 12월 한 달 동안 284.0명이 방문했습니다. 요일별 방문자수는 월요일 52.0명, 화요일 42.0명, 수요일 46.0명, 목요일 39.0명, 금요일 30.0명, 토요일 32.0명, 일요일 43.0명입니다.",33.3011544,126.2055959
차귀도요트,제주특별자치도 제주시 한경면 한경해안로 156 ,제주시,레포츠,레포츠,수상 레포츠,요트,611.0,9.0,45.0,4.0,5.0,4.0,5.0,11.0,10.0,6.0,"'차귀도요트'은/는 제주특별자치도 제주시 한경면 한경해안로 156 에 위치한 관광지로, 레포츠에 속하며, 대분류: 레포츠, 중분류: 수상 레포츠, 소분류: 요트입니다. 해당 관광지는 기준월(9.0) 동안 총 611.0명의 방문자를 기록했습니다. 12월 한 달 동안 45.0명이 방문했습니다. 요일별 방문자수는 월요일 4.0명, 화요일 5.0명, 수요일 4.0명, 목요일 5.0명, 금요일 11.0명, 토요일 10.0명, 일요일 6.0명입니다.",33.3240083,126.1660356
차귀도유람선,제주특별자치도 제주시 한경면 노을해안로 1160 ,제주시,관광지,인문(문화/예술/역사),휴양관광지,유람선/잠수함관광,2279.0,9.0,171.0,28.0,29.0,16.0,25.0,21.0,26.0,26.0,"'차귀도유람선'은/는 제주특별자치도 제주시 한경면 노을해안로 1160 에 위치한 관광지로, 관광지에 속하며, 대분류: 인문(문화/예술/역사), 중분류: 휴양관광지, 소분류: 유람선/잠수함관광입니다. 해당 관광지는 기준월(9.0) 동안 총 2279.0명의 방문자를 기록했습니다. 12월 한 달 동안 171.0명이 방문했습니다. 요일별 방문자수는 월요일 28.0명, 화요일 29.0명, 수요일 16.0명, 목요일 25.0명, 금요일 21.0명, 토요일 26.0명, 일요일 26.0명입니다.",33.3089439,126.1655204
추자도,제주특별자치도 제주시 추자면 추자도,제주시,관광지,자연,자연관광지,섬,5463.0,9.0,646.0,93.0,72.0,99.0,83.0,128.0,92.0,79.0,"'추자도'은/는 제주특별자치도 제주시 추자면 추자도에 위치한 관광지로, 관광지에 속하며, 대분류: 자연, 중분류: 자연관광지, 소분류: 섬입니다. 해당 관광지는 기준월(9.0) 동안 총 5463.0명의 방문자를 기록했습니다. 12월 한 달 동안 646.0명이 방문했습니다. 요일별 방문자수는 월요일 93.0명, 화요일 72.0명, 수요일 99.0명, 목요일 83.0명, 금요일 128.0명, 토요일 92.0명, 일요일 79.0명입니다.",33.9470135,126.3200969
캔디원,제주특별자치도 제주시 조천읍 선교로 384 ,제주시,관광지,인문(문화/예술/역사),체험관광지,이색체험,1066.0,9.0,72.0,14.0,6.0,14.0,5.0,18.0,6.0,9.0,"'캔디원'은/는 제주특별자치도 제주시 조천읍 선교로 384 에 위치한 관광지로, 관광지에 속하며, 대분류: 인문(문화/예술/역사), 중분류: 체험관광지, 소분류: 이색체험입니다. 해당 관광지는 기준월(9.0) 동안 총 1066.0명의 방문자를 기록했습니다. 12월 한 달 동안 72.0명이 방문했습니다. 요일별 방문자수는 월요일 14.0명, 화요일 6.0명, 수요일 14.0명, 목요일 5.0명, 금요일 18.0명, 토요일 6.0명, 일요일 9.0명입니다.",33.4712877,126.707937
캠파제주,제주특별자치도 서귀포시 516로 574-23 (상효동),서귀포시,레포츠,레포츠,육상 레포츠,"야영장,오토캠핑장",340.0,9.0,24.0,4.0,3.0,2.0,1.0,5.0,5.0,4.0,"'캠파제주'은/는 제주특별자치도 서귀포시 516로 574-23 (상효동)에 위치한 관광지로, 레포츠에 속하며, 대분류: 레포츠, 중분류: 육상 레포츠, 소분류: 야영장,오토캠핑장입니다. 해당 관광지는 기준월(9.0) 동안 총 340.0명의 방문자를 기록했습니다. 12월 한 달 동안 24.0명이 방문했습니다. 요일별 방문자수는 월요일 4.0명, 화요일 3.0명, 수요일 2.0명, 목요일 1.0명, 금요일 5.0명, 토요일 5.0명, 일요일 4.0명입니다.",33.2984063,126.6009149
태웃개,제주특별자치도 서귀포시 남원읍 태위로398번길 57 ,서귀포시,관광지,자연,자연관광지,항구/포구,947.0,9.0,92.0,18.0,12.0,9.0,8.0,19.0,14.0,12.0,"'태웃개'은/는 제주특별자치도 서귀포시 남원읍 태위로398번길 57 에 위치한 관광지로, 관광지에 속하며, 대분류: 자연, 중분류: 자연관광지, 소분류: 항구/포구입니다. 해당 관광지는 기준월(9.0) 동안 총 947.0명의 방문자를 기록했습니다. 12월 한 달 동안 92.0명이 방문했습니다. 요일별 방문자수는 월요일 18.0명, 화요일 12.0명, 수요일 9.0명, 목요일 8.0명, 금요일 19.0명, 토요일 14.0명, 일요일 12.0명입니다.",33.2706694,126.6908148
판포포구,제주특별자치도 제주시 한경면 판포리 2877-3 ,제주시,관광지,자연,자연관광지,항구/포구,5424.0,9.0,635.0,123.0,105.0,70.0,59.0,90.0,95.0,93.0,"'판포포구'은/는 제주특별자치도 제주시 한경면 판포리 2877-3 에 위치한 관광지로, 관광지에 속하며, 대분류: 자연, 중분류: 자연관광지, 소분류: 항구/포구입니다. 해당 관광지는 기준월(9.0) 동안 총 5424.0명의 방문자를 기록했습니다. 12월 한 달 동안 635.0명이 방문했습니다. 요일별 방문자수는 월요일 123.0명, 화요일 105.0명, 수요일 70.0명, 목요일 59.0명, 금요일 90.0명, 토요일 95.0명, 일요일 93.0명입니다.",33.3654094,126.1996228
팜핑제주,제주특별자치도 서귀포시 중산간서로400번길 105 (도순동),서귀포시,레포츠,레포츠,육상 레포츠,"야영장,오토캠핑장",184.0,9.0,21.0,2.0,5.0,1.0,1.0,7.0,3.0,2.0,"'팜핑제주'은/는 제주특별자치도 서귀포시 중산간서로400번길 105 (도순동)에 위치한 관광지로, 레포츠에 속하며, 대분류: 레포츠, 중분류: 육상 레포츠, 소분류: 야영장,오토캠핑장입니다. 해당 관광지는 기준월(9.0) 동안 총 184.0명의 방문자를 기록했습니다. 12월 한 달 동안 21.0명이 방문했습니다. 요일별 방문자수는 월요일 2.0명, 화요일 5.0명, 수요일 1.0명, 목요일 1.0명, 금요일 7.0명, 토요일 3.0명, 일요일 2.0명입니다.",33.2689768,126.4726432
평대해변,제주특별자치도 제주시 구좌읍 평대리 1994-20 ,제주시,관광지,자연,자연관광지,해수욕장,1199.0,9.0,67.0,10.0,13.0,6.0,10.0,10.0,13.0,5.0,"'평대해변'은/는 제주특별자치도 제주시 구좌읍 평대리 1994-20 에 위치한 관광지로, 관광지에 속하며, 대분류: 자연, 중분류: 자연관광지, 소분류: 해수욕장입니다. 해당 관광지는 기준월(9.0) 동안 총 1199.0명의 방문자를 기록했습니다. 12월 한 달 동안 67.0명이 방문했습니다. 요일별 방문자수는 월요일 10.0명, 화요일 13.0명, 수요일 6.0명, 목요일 10.0명, 금요일 10.0명, 토요일 13.0명, 일요일 5.0명입니다.",33.533203,126.8406
하고수동해변,제주특별자치도 제주시 우도면 연평리 ,제주시,관광지,자연,자연관광지,해수욕장,1368.0,9.0,78.0,20.0,12.0,10.0,9.0,12.0,4.0,11.0,"'하고수동해변'은/는 제주특별자치도 제주시 우도면 연평리 에 위치한 관광지로, 관광지에 속하며, 대분류: 자연, 중분류: 자연관광지, 소분류: 해수욕장입니다. 해당 관광지는 기준월(9.0) 동안 총 1368.0명의 방문자를 기록했습니다. 12월 한 달 동안 78.0명이 방문했습니다. 요일별 방문자수는 월요일 20.0명, 화요일 12.0명, 수요일 10.0명, 목요일 9.0명, 금요일 12.0명, 토요일 4.0명, 일요일 11.0명입니다.",33.5054213,126.9554832
하도해변,제주특별자치도 제주시 구좌읍 해맞이해안로 1973 ,제주시,관광지,자연,자연관광지,해수욕장,1968.0,9.0,128.0,10.0,23.0,15.0,16.0,17.0,29.0,18.0,"'하도해변'은/는 제주특별자치도 제주시 구좌읍 해맞이해안로 1973 에 위치한 관광지로, 관광지에 속하며, 대분류: 자연, 중분류: 자연관광지, 소분류: 해수욕장입니다. 해당 관광지는 기준월(9.0) 동안 총 1968.0명의 방문자를 기록했습니다. 12월 한 달 동안 128.0명이 방문했습니다. 요일별 방문자수는 월요일 10.0명, 화요일 23.0명, 수요일 15.0명, 목요일 16.0명, 금요일 17.0명, 토요일 29.0명, 일요일 18.0명입니다.",33.5290971,126.8463777
한담해변,제주특별자치도 제주시 애월읍 애월로1길 26-4 ,제주시,관광지,자연,자연관광지,해수욕장,2485.0,9.0,178.0,26.0,28.0,29.0,26.0,24.0,22.0,23.0,"'한담해변'은/는 제주특별자치도 제주시 애월읍 애월로1길 26-4 에 위치한 관광지로, 관광지에 속하며, 대분류: 자연, 중분류: 자연관광지, 소분류: 해수욕장입니다. 해당 관광지는 기준월(9.0) 동안 총 2485.0명의 방문자를 기록했습니다. 12월 한 달 동안 178.0명이 방문했습니다. 요일별 방문자수는 월요일 26.0명, 화요일 28.0명, 수요일 29.0명, 목요일 26.0명, 금요일 24.0명, 토요일 22.0명, 일요일 23.0명입니다.",33.462749,126.3100651
한림공원,제주특별자치도 제주시 한림읍 한림로 300 ,제주시,관광지,인문(문화/예술/역사),휴양관광지,공원,8246.0,9.0,573.0,76.0,78.0,89.0,98.0,102.0,60.0,70.0,"'한림공원'은/는 제주특별자치도 제주시 한림읍 한림로 300 에 위치한 관광지로, 관광지에 속하며, 대분류: 인문(문화/예술/역사), 중분류: 휴양관광지, 소분류: 공원입니다. 해당 관광지는 기준월(9.0) 동안 총 8246.0명의 방문자를 기록했습니다. 12월 한 달 동안 573.0명이 방문했습니다. 요일별 방문자수는 월요일 76.0명, 화요일 78.0명, 수요일 89.0명, 목요일 98.0명, 금요일 102.0명, 토요일 60.0명, 일요일 70.0명입니다.",33.3883099,126.2394248
한림항,제주특별자치도 제주시 한림읍 한림해안로 192 ,제주시,관광지,자연,자연관광지,항구/포구,3006.0,9.0,223.0,40.0,29.0,22.0,28.0,39.0,35.0,30.0,"'한림항'은/는 제주특별자치도 제주시 한림읍 한림해안로 192 에 위치한 관광지로, 관광지에 속하며, 대분류: 자연, 중분류: 자연관광지, 소분류: 항구/포구입니다. 해당 관광지는 기준월(9.0) 동안 총 3006.0명의 방문자를 기록했습니다. 12월 한 달 동안 223.0명이 방문했습니다. 요일별 방문자수는 월요일 40.0명, 화요일 29.0명, 수요일 22.0명, 목요일 28.0명, 금요일 39.0명, 토요일 35.0명, 일요일 30.0명입니다.",33.4192401,126.2625971
함덕잠수함,제주특별자치도 제주시 조천읍 조함해안로 378 ,제주시,관광지,인문(문화/예술/역사),휴양관광지,유람선/잠수함관광,1403.0,9.0,97.0,18.0,8.0,11.0,15.0,17.0,12.0,16.0,"'함덕잠수함'은/는 제주특별자치도 제주시 조천읍 조함해안로 378 에 위치한 관광지로, 관광지에 속하며, 대분류: 인문(문화/예술/역사), 중분류: 휴양관광지, 소분류: 유람선/잠수함관광입니다. 해당 관광지는 기준월(9.0) 동안 총 1403.0명의 방문자를 기록했습니다. 12월 한 달 동안 97.0명이 방문했습니다. 요일별 방문자수는 월요일 18.0명, 화요일 8.0명, 수요일 11.0명, 목요일 15.0명, 금요일 17.0명, 토요일 12.0명, 일요일 16.0명입니다.",33.3902248567191,126.239691183153
협재포구,제주특별자치도 제주시 한림읍 협재리 ,제주시,관광지,자연,자연관광지,항구/포구,727.0,9.0,55.0,3.0,10.0,12.0,6.0,13.0,5.0,6.0,"'협재포구'은/는 제주특별자치도 제주시 한림읍 협재리 에 위치한 관광지로, 관광지에 속하며, 대분류: 자연, 중분류: 자연관광지, 소분류: 항구/포구입니다. 해당 관광지는 기준월(9.0) 동안 총 727.0명의 방문자를 기록했습니다. 12월 한 달 동안 55.0명이 방문했습니다. 요일별 방문자수는 월요일 3.0명, 화요일 10.0명, 수요일 12.0명, 목요일 6.0명, 금요일 13.0명, 토요일 5.0명, 일요일 6.0명입니다.",33.3819398,126.2497525
협재해수욕장,제주특별자치도 제주시 한림읍 한림로 329-10 ,제주시,관광지,자연,자연관광지,해수욕장,33373.0,9.0,2191.0,412.0,330.0,353.0,204.0,308.0,274.0,310.0,"'협재해수욕장'은/는 제주특별자치도 제주시 한림읍 한림로 329-10 에 위치한 관광지로, 관광지에 속하며, 대분류: 자연, 중분류: 자연관광지, 소분류: 해수욕장입니다. 해당 관광지는 기준월(9.0) 동안 총 33373.0명의 방문자를 기록했습니다. 12월 한 달 동안 2191.0명이 방문했습니다. 요일별 방문자수는 월요일 412.0명, 화요일 330.0명, 수요일 353.0명, 목요일 204.0명, 금요일 308.0명, 토요일 274.0명, 일요일 310.0명입니다.",33.39356,126.239538
형제섬,제주특별자치도 서귀포시 안덕면 사계리 산44,서귀포시,관광지,자연,자연관광지,섬,2050.0,9.0,142.0,14.0,19.0,23.0,17.0,24.0,22.0,23.0,"'형제섬'은/는 제주특별자치도 서귀포시 안덕면 사계리 산44에 위치한 관광지로, 관광지에 속하며, 대분류: 자연, 중분류: 자연관광지, 소분류: 섬입니다. 해당 관광지는 기준월(9.0) 동안 총 2050.0명의 방문자를 기록했습니다. 12월 한 달 동안 142.0명이 방문했습니다. 요일별 방문자수는 월요일 14.0명, 화요일 19.0명, 수요일 23.0명, 목요일 17.0명, 금요일 24.0명, 토요일 22.0명, 일요일 23.0명입니다.",33.2100186,126.3142952
환상숲곶자왈공원,제주특별자치도 제주시 한경면 저지리 2848-2 ,제주시,관광지,자연,자연관광지,자연휴양림,6303.0,9.0,417.0,58.0,66.0,78.0,65.0,69.0,40.0,41.0,"'환상숲곶자왈공원'은/는 제주특별자치도 제주시 한경면 저지리 2848-2 에 위치한 관광지로, 관광지에 속하며, 대분류: 자연, 중분류: 자연관광지, 소분류: 자연휴양림입니다. 해당 관광지는 기준월(9.0) 동안 총 6303.0명의 방문자를 기록했습니다. 12월 한 달 동안 417.0명이 방문했습니다. 요일별 방문자수는 월요일 58.0명, 화요일 66.0명, 수요일 78.0명, 목요일 65.0명, 금요일 69.0명, 토요일 40.0명, 일요일 41.0명입니다.",33.3229850581639,126.263375156898
휴애리자연생활공원,제주특별자치도 서귀포시 남원읍 신례동로 256 ,서귀포시,관광지,인문(문화/예술/역사),휴양관광지,공원,13757.0,9.0,1115.0,187.0,150.0,162.0,134.0,186.0,144.0,152.0,"'휴애리자연생활공원'은/는 제주특별자치도 서귀포시 남원읍 신례동로 256 에 위치한 관광지로, 관광지에 속하며, 대분류: 인문(문화/예술/역사), 중분류: 휴양관광지, 소분류: 공원입니다. 해당 관광지는 기준월(9.0) 동안 총 13757.0명의 방문자를 기록했습니다. 12월 한 달 동안 1115.0명이 방문했습니다. 요일별 방문자수는 월요일 187.0명, 화요일 150.0명, 수요일 162.0명, 목요일 134.0명, 금요일 186.0명, 토요일 144.0명, 일요일 152.0명입니다.",33.3085347525753,126.634380832055
흑돼지거리,제주특별자치도 제주시 일도일동 ,제주시,관광지,인문(문화/예술/역사),체험관광지,이색거리,924.0,9.0,51.0,12.0,11.0,8.0,4.0,8.0,3.0,5.0,"'흑돼지거리'은/는 제주특별자치도 제주시 일도일동 에 위치한 관광지로, 관광지에 속하며, 대분류: 인문(문화/예술/역사), 중분류: 체험관광지, 소분류: 이색거리입니다. 해당 관광지는 기준월(9.0) 동안 총 924.0명의 방문자를 기록했습니다. 12월 한 달 동안 51.0명이 방문했습니다. 요일별 방문자수는 월요일 12.0명, 화요일 11.0명, 수요일 8.0명, 목요일 4.0명, 금요일 8.0명, 토요일 3.0명, 일요일 5.0명입니다.",33.5153591,126.5420032
9.81파크,제주특별자치도 제주시 애월읍 천덕로 880-24 ,제주시,레포츠,레포츠,육상 레포츠,카트,5731.0,9.0,377.0,58.0,65.0,46.0,57.0,68.0,42.0,41.0,"'9.81파크'은/는 제주특별자치도 제주시 애월읍 천덕로 880-24 에 위치한 관광지로, 레포츠에 속하며, 대분류: 레포츠, 중분류: 육상 레포츠, 소분류: 카트입니다. 해당 관광지는 기준월(9.0) 동안 총 5731.0명의 방문자를 기록했습니다. 12월 한 달 동안 377.0명이 방문했습니다. 요일별 방문자수는 월요일 58.0명, 화요일 65.0명, 수요일 46.0명, 목요일 57.0명, 금요일 68.0명, 토요일 42.0명, 일요일 41.0명입니다.",33.3085347525753,126.634380832055
