관광지명,주소,장소 카테고리,대분류,중분류,소분류,총 방문자수,기준월,1월 방문자수,월요일방문자수,화요일방문자수,수요일방문자수,목요일방문자수,금요일방문자수,토요일방문자수,일요일방문자수,위도,경도
가름게스트하우스,제주특별자치도 서귀포시 법환하로9번길 10 ,숙박,숙박,숙박시설,펜션,221.0,1.0,29.0,2.0,5.0,6.0,5.0,4.0,3.0,4.0,33.2365443,126.5123459
가마오름,제주특별자치도 제주시 한경면 청수서5길 63 ,관광지,자연,자연관광지,산,609.0,1.0,66.0,11.0,11.0,9.0,9.0,10.0,6.0,10.0,33.3054878,126.2493496
가문이오름,제주특별자치도 서귀포시 표선면 남조로 1487-73 ,관광지,자연,자연관광지,산,502.0,1.0,49.0,11.0,9.0,6.0,6.0,1.0,9.0,7.0,,
가세오름,제주특별자치도 서귀포시 표선면 녹산로 554 ,관광지,자연,자연관광지,산,500.0,1.0,63.0,12.0,13.0,8.0,4.0,12.0,5.0,9.0,33.393916,126.7224085
가시식당,제주특별자치도 서귀포시 표선면 가시로565번길 22 ,음식점,음식,음식점,한식,399.0,1.0,47.0,8.0,6.0,6.0,8.0,8.0,3.0,8.0,33.3530912,126.7712412
가파도,제주특별자치도 서귀포시 대정읍 가파로 ,관광지,자연,자연관광지,섬,12905.0,1.0,1222.0,239.0,209.0,162.0,163.0,136.0,130.0,183.0,33.1697336,126.271453
각시바우오름,제주특별자치도 서귀포시 호근동 2112 (호근동),관광지,자연,자연관광지,산,455.0,1.0,43.0,15.0,6.0,7.0,3.0,4.0,2.0,6.0,33.2767567,126.5269589
갈중이,제주특별자치도 서귀포시 사계남로216번길 24-61 갈중이 ,관광지,인문(문화/예술/역사),체험관광지,전통체험,500.0,1.0,36.0,7.0,7.0,5.0,3.0,1.0,2.0,11.0,33.2350546,126.3136741
감귤박물관,제주특별자치도 서귀포시 효돈순환로 441 (신효동),문화시설,인문(문화/예술/역사),문화시설,박물관,3589.0,1.0,359.0,66.0,66.0,49.0,42.0,42.0,32.0,62.0,33.27127979999999,126.6076749
감나무집,제주특별자치도 제주시 오남로 12 ,음식점,음식,음식점,한식,421.0,1.0,41.0,7.0,2.0,3.0,6.0,6.0,5.0,12.0,33.4941866,126.5194321
감수굴밭담길,제주특별자치도 제주시 구좌읍 평대7길 34 ,관광지,인문(문화/예술/역사),체험관광지,농.산.어촌 체험,551.0,1.0,63.0,10.0,7.0,10.0,9.0,6.0,11.0,10.0,,
개오름,제주특별자치도 서귀포시 표선면 성읍이리로57번길 162 ,관광지,자연,자연관광지,산,1080.0,1.0,93.0,18.0,17.0,11.0,8.0,16.0,9.0,14.0,33.4232271,126.7717506
개오리오름,제주특별자치도 제주시 명림로 584 (봉개동) ,관광지,자연,자연관광지,산,380.0,1.0,41.0,11.0,7.0,7.0,3.0,8.0,1.0,4.0,33.4571323,126.6130534
거멍국수,제주특별자치도 서귀포시 안덕면 사계로114번길 53-14 ,음식점,음식,음식점,한식,518.0,1.0,73.0,11.0,13.0,9.0,11.0,14.0,3.0,12.0,33.2444338,126.3044052
거문오름,제주특별자치도 제주시 조천읍 선교로 569-36 ,관광지,자연,자연관광지,산,11268.0,1.0,761.0,130.0,126.0,132.0,92.0,83.0,80.0,118.0,,
건강과성박물관,제주특별자치도 서귀포시 안덕면 일주서로 1611 ,문화시설,인문(문화/예술/역사),문화시설,박물관,1775.0,1.0,227.0,42.0,42.0,33.0,25.0,32.0,17.0,36.0,33.2547254,126.3455651
검멀레해변,제주특별자치도 제주시 우도면 우도해안길 (우도면),관광지,자연,자연관광지,해수욕장,3355.0,1.0,230.0,50.0,44.0,26.0,29.0,30.0,20.0,31.0,33.5065528,126.9549021
고근산,제주특별자치도 서귀포시 호근로112번길 43-3 (호근동) ,관광지,자연,자연관광지,산,1200.0,1.0,162.0,51.0,20.0,21.0,18.0,18.0,16.0,18.0,,
고불락,제주특별자치도 제주시 애월읍 고내로7길 45-12 ,음식점,음식,음식점,한식,410.0,1.0,55.0,9.0,15.0,4.0,9.0,4.0,3.0,11.0,33.4667429,126.3365337
고산일과해안도로,제주특별자치도 서귀포시 대정읍 신도리 3135-1 ,관광지,자연,자연관광지,자연생태관광지,542.0,1.0,58.0,16.0,9.0,5.0,4.0,10.0,1.0,13.0,33.2575958,126.214254
고살리숲길,제주특별자치도 서귀포시 남원읍 ,관광지,자연,자연관광지,산,2593.0,1.0,209.0,45.0,33.0,28.0,24.0,24.0,28.0,27.0,33.3252261,126.5961931
고요산책,제주특별자치도 제주시 중앙로12길 5 1층,음식점,음식,음식점,카페/전통찻집,790.0,1.0,76.0,18.0,18.0,10.0,7.0,9.0,8.0,6.0,33.5118299,126.5238883
고요새,제주특별자치도 제주시 선사로8길 11 ,음식점,음식,음식점,카페/전통찻집,200.0,1.0,22.0,7.0,3.0,2.0,5.0,1.0,1.0,3.0,33.5255346,126.5867411
고흐의정원,제주특별자치도 서귀포시 삼달신풍로 126-5 ,문화시설,인문(문화/예술/역사),문화시설,전시관,1247.0,1.0,150.0,23.0,28.0,19.0,20.0,22.0,17.0,21.0,,
곤밥2,제주특별자치도 제주시 서부두남길 8 ,음식점,음식,음식점,한식,155.0,1.0,21.0,7.0,1.0,3.0,5.0,4.0,0.0,1.0,33.5149792,126.5277011
골드원호텔&스위트,제주특별자치도 서귀포시 이어도로 1032 (서호동) ,숙박,숙박,숙박시설,관광호텔,248.0,1.0,51.0,8.0,10.0,6.0,7.0,5.0,4.0,11.0,,
골막식당,제주특별자치도 제주시 천수로 12 ,음식점,음식,음식점,한식,354.0,1.0,35.0,6.0,6.0,9.0,2.0,8.0,3.0,1.0,33.502473,126.538417
골목카페옥수,제주특별자치도 제주시 소길1길 19 ,음식점,음식,음식점,카페/전통찻집,221.0,1.0,35.0,2.0,5.0,6.0,7.0,7.0,0.0,8.0,33.4398656,126.3800136
공백,제주특별자치도 제주시 동복로 83 ,음식점,음식,음식점,카페/전통찻집,486.0,1.0,43.0,10.0,8.0,4.0,4.0,8.0,5.0,4.0,33.5535127,126.7151122
공천포식당,제주특별자치도 서귀포시 남원읍 공천포로 89 ,음식점,음식,음식점,한식,513.0,1.0,54.0,14.0,5.0,6.0,7.0,5.0,8.0,9.0,33.2664021,126.6426285
곽지해수욕장,제주특별자치도 제주시 애월읍 곽지리 1565 ,관광지,자연,자연관광지,해수욕장,11572.0,1.0,539.0,101.0,101.0,81.0,64.0,65.0,57.0,70.0,33.45329040000001,126.3212801
관덕정,제주특별자치도 제주시 관덕로 19 (삼도이동),관광지,인문(문화/예술/역사),역사관광지,고궁,5642.0,1.0,474.0,73.0,75.0,63.0,68.0,67.0,57.0,71.0,33.5133704,126.5214334
관음사,제주특별자치도 제주시 산록북로 660 (아라일동),관광지,인문(문화/예술/역사),역사관광지,사찰,1809.0,1.0,200.0,41.0,32.0,32.0,26.0,20.0,22.0,27.0,33.4237942,126.5583908
관음사야영장,제주특별자치도 제주시 산록북로 588 (오등동),레포츠,레포츠,육상 레포츠,"야영장,오토캠핑장",1369.0,1.0,121.0,17.0,26.0,17.0,12.0,11.0,16.0,22.0,,
광원,제주특별자치도 제주시 1100로 3208 ,음식점,음식,음식점,한식,307.0,1.0,31.0,6.0,6.0,1.0,6.0,3.0,3.0,6.0,33.4726152,126.4847916
광치기해변,제주특별자치도 서귀포시 성산읍 고성리 ,관광지,자연,자연관광지,해수욕장,10642.0,1.0,798.0,158.0,112.0,90.0,85.0,111.0,82.0,160.0,33.4370258,126.9224025
교래손칼국수,제주특별자치도 제주시 조천읍 비자림로 645 ,음식점,음식,음식점,한식,751.0,1.0,69.0,11.0,10.0,9.0,11.0,13.0,4.0,11.0,33.4362437,126.6757682
구엄리돌염전,제주특별자치도 제주시 애월읍 구엄리 ,관광지,자연,자연관광지,강,5343.0,1.0,482.0,79.0,85.0,60.0,58.0,68.0,51.0,81.0,33.4830351,126.3772045
구엄포구,제주특별자치도 제주시 애월읍 구엄리 607-5 일대 ,관광지,자연,자연관광지,항구/포구,563.0,1.0,60.0,7.0,13.0,9.0,6.0,8.0,7.0,10.0,33.4791227,126.3813732
구좌상회,제주특별자치도 제주시 조천읍 선교로 198-5 ,음식점,음식,음식점,카페/전통찻집,96.0,1.0,96.0,15.0,16.0,18.0,16.0,9.0,8.0,14.0,33.556225,126.7926704
국립제주박물관,제주특별자치도 제주시 일주동로 17 (건입동),문화시설,인문(문화/예술/역사),문화시설,박물관,3774.0,1.0,288.0,51.0,43.0,36.0,28.0,37.0,45.0,48.0,33.5134213,126.5487245
국수냐국밥이냐,제주특별자치도 서귀포시 김정문화로 39 ,음식점,음식,음식점,한식,247.0,1.0,24.0,8.0,2.0,6.0,3.0,2.0,0.0,3.0,,
국수바다본점,제주특별자치도 서귀포시 일주서로 982 (색달동),음식점,음식,음식점,한식,598.0,1.0,69.0,10.0,18.0,9.0,6.0,9.0,8.0,9.0,,
국수의전설,제주특별자치도 서귀포시 효돈로 108 (신효동),음식점,음식,음식점,한식,1002.0,1.0,118.0,22.0,27.0,22.0,9.0,18.0,10.0,10.0,33.2634678,126.61037
귤빛캠핑장,제주특별자치도 제주시 조천읍 함와로 428 ,레포츠,레포츠,육상 레포츠,"야영장,오토캠핑장",808.0,1.0,111.0,17.0,21.0,18.0,24.0,10.0,9.0,12.0,33.5042988,126.6740979
그계절,제주특별자치도 제주시 한동로 119 1동,음식점,음식,음식점,카페/전통찻집,236.0,1.0,29.0,5.0,8.0,4.0,4.0,4.0,0.0,4.0,33.5318687,126.8185758
그랜드조선제주,제주특별자치도 서귀포시 중문관광로72번길 60 ,숙박,숙박,숙박시설,관광호텔,465.0,1.0,65.0,14.0,11.0,7.0,3.0,13.0,7.0,10.0,,
그랜드하얏트제주,제주특별자치도 제주시 노형동 ,숙박,숙박,숙박시설,관광호텔,1235.0,1.0,203.0,39.0,41.0,21.0,26.0,30.0,13.0,33.0,,
그러므로part2,제주특별자치도 제주시 수목원길 16-14 ,음식점,음식,음식점,카페/전통찻집,181.0,1.0,23.0,3.0,8.0,2.0,4.0,0.0,3.0,3.0,33.4684296,126.4860264
그레이그로브,제주특별자치도 서귀포시 형제해안로 70 ,음식점,음식,음식점,카페/전통찻집,314.0,1.0,43.0,8.0,9.0,5.0,7.0,5.0,2.0,7.0,33.2258399,126.2998288
그리운바다성산포,제주특별자치도 서귀포시 성산등용로 94 ,음식점,음식,음식점,한식,569.0,1.0,64.0,11.0,15.0,8.0,6.0,7.0,5.0,12.0,33.4698032,126.9299962
그림리조트,제주특별자치도 제주시 서해안로 620-1 (용담삼동),숙박,숙박,숙박시설,펜션,89.0,1.0,6.0,1.0,2.0,0.0,1.0,0.0,1.0,1.0,33.5163208,126.5035006
그옛맛,제주특별자치도 제주시 서사로24길 12 ,음식점,음식,음식점,한식,207.0,1.0,33.0,5.0,6.0,1.0,5.0,3.0,1.0,12.0,33.4985252,126.5185818
그초록,제주특별자치도 제주시 구좌읍 행원로7길 23-16 ,음식점,음식,음식점,카페/전통찻집,330.0,1.0,53.0,3.0,12.0,7.0,12.0,4.0,3.0,12.0,33.55572910000001,126.8070352
글라글라하와이,제주특별자치도 서귀포시 하모항구로 70 ,음식점,음식,음식점,서양식,339.0,1.0,33.0,5.0,4.0,4.0,5.0,3.0,5.0,7.0,33.2195409,126.2514261
금강민물장어,제주특별자치도 서귀포시 일주동로 8597 ,음식점,음식,음식점,한식,396.0,1.0,50.0,8.0,10.0,2.0,5.0,7.0,3.0,15.0,33.2543319,126.5694948
금능석물원,제주특별자치도 제주시 한림읍 한림로 176 ,관광지,자연,자연관광지,수목원,1914.0,1.0,174.0,37.0,31.0,20.0,28.0,17.0,15.0,26.0,33.3857827,126.2269007
금능포구,제주특별자치도 제주시 한림읍 금능리 ,관광지,인문(문화/예술/역사),체험관광지,농.산.어촌 체험,457.0,1.0,56.0,10.0,9.0,7.0,9.0,6.0,9.0,6.0,33.3700283,126.2392054
금능해수욕장,제주특별자치도 제주시 한림읍 금능길 119-10 ,관광지,자연,자연관광지,해수욕장,13346.0,1.0,483.0,90.0,75.0,53.0,67.0,48.0,57.0,93.0,33.3911311,126.2362647
금룡사,제주특별자치도 제주시 구좌읍 김녕로 148-11 (구좌읍),관광지,인문(문화/예술/역사),역사관광지,사찰,478.0,1.0,53.0,10.0,11.0,5.0,7.0,10.0,2.0,8.0,33.553856,126.7535423
금호리조트제주,제주특별자치도 서귀포시 남원읍 태위로 522-12 ,숙박,인문(문화/예술/역사),휴양관광지,관광단지,1515.0,1.0,187.0,28.0,30.0,27.0,23.0,29.0,15.0,35.0,33.2729991,126.701485
김경숙해바라기농장,제주특별자치도 제주시 번영로 854-1 (회천동) ,관광지,자연,자연관광지,자연생태관광지,4832.0,1.0,192.0,40.0,25.0,29.0,25.0,19.0,16.0,38.0,33.477406,126.62762
김녕사굴,제주특별자치도 제주시 구좌읍 덕평로 392-1 ,관광지,자연,자연관광지,동굴,2982.0,1.0,318.0,59.0,57.0,48.0,26.0,47.0,43.0,38.0,33.5010103,126.7736187
김녕요트투어,제주특별자치도 제주시 구좌읍 구좌해안로 229-16 ,레포츠,레포츠,수상 레포츠,요트,1566.0,1.0,124.0,21.0,20.0,25.0,16.0,14.0,13.0,15.0,33.5579617,126.7367958
김만덕기념관,제주특별자치도 제주시 산지로 7 (건입동),문화시설,인문(문화/예술/역사),문화시설,기념관,960.0,1.0,84.0,12.0,12.0,6.0,10.0,15.0,12.0,17.0,33.51589540000001,126.5304318
김택화미술관,제주특별자치도 제주시 조천읍 신흥로 1 ,문화시설,인문(문화/예술/역사),문화시설,미술관/화랑,532.0,1.0,59.0,12.0,14.0,7.0,5.0,8.0,4.0,9.0,33.5437307,126.6532369
깜돈흑돼지,제주특별자치도 제주시 삼무로3길 6 ,음식점,음식,음식점,한식,323.0,1.0,30.0,4.0,5.0,2.0,7.0,2.0,4.0,6.0,,
꽁순이네,제주특별자치도 제주시 중산간서로 5642 ,음식점,음식,음식점,한식,241.0,1.0,30.0,4.0,2.0,3.0,5.0,2.0,7.0,7.0,33.4469515,126.3387351
꿈꾸는노마드,제주특별자치도 서귀포시 선반로 54 ,숙박,숙박,숙박시설,펜션,179.0,1.0,23.0,0.0,7.0,2.0,4.0,5.0,3.0,2.0,,
끄라비펜션,제주특별자치도 서귀포시 토평로148번길 28 (토평동),숙박,숙박,숙박시설,펜션,278.0,1.0,35.0,3.0,5.0,2.0,8.0,5.0,4.0,8.0,33.279433,126.5914359
나라돈까스,제주특별자치도 제주시 절물1길 23 ,음식점,음식,음식점,한식,385.0,1.0,32.0,5.0,6.0,4.0,4.0,1.0,4.0,8.0,33.49080800000001,126.4317132
나목도식당,제주특별자치도 서귀포시 표선면 가시로613번길 60 ,음식점,음식,음식점,한식,250.0,1.0,27.0,5.0,4.0,3.0,2.0,5.0,4.0,4.0,33.3536019,126.7717863
나무카페,제주특별자치도 제주시 조천읍 선교로 560 ,음식점,음식,음식점,카페/전통찻집,331.0,1.0,34.0,6.0,5.0,4.0,4.0,3.0,3.0,9.0,33.4561904,126.7104436
나인스파빌,제주특별자치도 제주시 애월읍 하광로 518 ,숙박,숙박,숙박시설,모텔,250.0,1.0,30.0,3.0,4.0,5.0,7.0,1.0,2.0,8.0,33.4454174,126.4302656
난드르바당,제주특별자치도 서귀포시 하예하동로16번길 11-1 (하예동),음식점,음식,음식점,한식,428.0,1.0,34.0,3.0,8.0,8.0,3.0,4.0,2.0,6.0,33.2345696,126.3709199
남경미락,제주특별자치도 서귀포시 안덕면 사계남로 190-3 ,음식점,음식,음식점,한식,501.0,1.0,52.0,15.0,6.0,4.0,5.0,9.0,1.0,12.0,33.2302096,126.3088479
낭뜰에쉼팡,제주특별자치도 제주시 조천읍 남조로 2343 ,음식점,음식,음식점,한식,599.0,1.0,71.0,16.0,10.0,11.0,7.0,13.0,6.0,8.0,33.4735811,126.6571543
내가찾은맛고을,제주특별자치도 제주시 진남로8길 39 ,음식점,음식,음식점,한식,225.0,1.0,19.0,6.0,2.0,0.0,1.0,2.0,2.0,6.0,,
내창트레킹,제주특별자치도 서귀포시 남원읍 하례중앙로 95 ,레포츠,레포츠,육상 레포츠,트래킹,923.0,1.0,73.0,8.0,12.0,10.0,5.0,14.0,8.0,16.0,33.2692431,126.6254292
너븐숭이4.3기념관,제주특별자치도 제주시 조천읍 북촌3길 3 ,문화시설,인문(문화/예술/역사),문화시설,기념관,4427.0,1.0,323.0,54.0,49.0,69.0,44.0,37.0,32.0,38.0,,
넥슨컴퓨터박물관,제주특별자치도 제주시 1100로 3198-8 (노형동),관광지,인문(문화/예술/역사),산업관광지,전자-반도체,3214.0,1.0,316.0,61.0,55.0,50.0,35.0,34.0,37.0,44.0,33.4720375,126.4855328
노라바,제주특별자치도 제주시 구엄길 100 ,음식점,음식,음식점,한식,521.0,1.0,56.0,13.0,8.0,7.0,12.0,4.0,6.0,6.0,33.4829842,126.3764916
노리매공원,제주특별자치도 서귀포시 대정읍 중산간서로 2260-15 ,관광지,인문(문화/예술/역사),휴양관광지,공원,3274.0,1.0,421.0,78.0,77.0,74.0,51.0,45.0,32.0,64.0,33.2831505,126.2873239
노을담은뜨락,제주특별자치도 서귀포시 대정읍 노을해안로 416 ,숙박,숙박,숙박시설,펜션,269.0,1.0,39.0,10.0,7.0,4.0,4.0,3.0,5.0,6.0,33.25624,126.1903353
노을해안로,제주특별자치도 서귀포시 대정읍 영락리 ,관광지,자연,자연관광지,자연생태관광지,1349.0,1.0,120.0,18.0,23.0,15.0,12.0,16.0,21.0,15.0,33.2425714,126.2243799
노형수퍼마켙,제주특별자치도 제주시 노형로 89 ,문화시설,인문(문화/예술/역사),문화시설,미술관/화랑,4378.0,1.0,338.0,63.0,67.0,51.0,37.0,28.0,35.0,57.0,33.4648375,126.4551637
논짓물,제주특별자치도 서귀포시 예래해안로 253 (하예동),관광지,자연,자연관광지,해수욕장,7654.0,1.0,383.0,63.0,60.0,44.0,59.0,52.0,43.0,62.0,33.2399183,126.3797536
높은오름,제주특별자치도 제주시 구좌읍 중산간동로 ,관광지,자연,자연관광지,산,883.0,1.0,99.0,24.0,19.0,13.0,6.0,13.0,10.0,14.0,33.4573234,126.7926039
누웨마루거리,제주특별자치도 제주시 신광로 47 (연동) ,관광지,인문(문화/예술/역사),체험관광지,이색거리,2082.0,1.0,181.0,38.0,30.0,18.0,25.0,21.0,20.0,29.0,,
느지리오름,제주특별자치도 제주시 한림읍 봉수대길 5 ,관광지,자연,자연관광지,산,746.0,1.0,88.0,17.0,14.0,6.0,12.0,14.0,7.0,18.0,,
늘봄흑돼지,제주특별자치도 제주시 한라대학로 12 ,음식점,음식,음식점,한식,732.0,1.0,77.0,14.0,14.0,9.0,16.0,7.0,5.0,12.0,33.479434,126.4728596
늘송파크텔,제주특별자치도 제주시 원노형5길 22 (노형동),숙박,숙박,숙박시설,모텔,255.0,1.0,19.0,2.0,2.0,2.0,5.0,0.0,4.0,4.0,33.4875666,126.4831775
니모메빈티지라운지,제주특별자치도 제주시 일주서로 7335-8 ,음식점,음식,음식점,카페/전통찻집,195.0,1.0,21.0,2.0,1.0,4.0,4.0,6.0,3.0,1.0,33.4937252,126.4310317
다가미애월점,제주특별자치도 제주시 평화로 2901-1 ,음식점,음식,음식점,한식,168.0,1.0,23.0,7.0,4.0,3.0,3.0,1.0,3.0,2.0,,
다랑쉬오름,제주특별자치도 제주시 구좌읍 세화리 산6 ,관광지,자연,자연관광지,산,12680.0,1.0,850.0,147.0,133.0,108.0,110.0,126.0,96.0,130.0,,
다래향,제주특별자치도 제주시 조천읍 조함해안로 428-4 ,음식점,음식,음식점,중식,296.0,1.0,34.0,6.0,5.0,4.0,2.0,6.0,4.0,7.0,33.5457615,126.660728
다려도,제주특별자치도 제주시 조천읍 북촌리 산 89,관광지,자연,자연관광지,섬,696.0,1.0,52.0,9.0,11.0,7.0,5.0,4.0,7.0,9.0,33.5374849,126.6939218
다미회,제주특별자치도 제주시 동광로2길 9-4 ,음식점,음식,음식점,일식,156.0,1.0,20.0,3.0,4.0,1.0,4.0,2.0,3.0,3.0,33.5004679,126.5312367
다이나믹메이즈,제주특별자치도 서귀포시 표선면 번영로 2644 ,관광지,인문(문화/예술/역사),휴양관광지,테마공원,7386.0,1.0,745.0,138.0,137.0,106.0,90.0,89.0,83.0,102.0,33.3991423,126.7851051
다인리조트,제주특별자치도 제주시 애월읍 애월해안로 400-9 ,숙박,숙박,숙박시설,펜션,405.0,1.0,52.0,8.0,7.0,10.0,4.0,9.0,8.0,6.0,33.4714919,126.351163
다인오세아노호텔,제주특별자치도 제주시 애월해안로 394 ,숙박,숙박,숙박시설,관광호텔,739.0,1.0,110.0,19.0,18.0,14.0,13.0,11.0,17.0,18.0,,
다해복국,제주특별자치도 제주시 문송1길 17 ,음식점,음식,음식점,한식,183.0,1.0,59.0,9.0,11.0,6.0,12.0,4.0,4.0,13.0,33.4882437,126.4991318
달페이지,제주특별자치도 서귀포시 색달로64번길 51 ,음식점,음식,음식점,서양식,262.0,1.0,44.0,12.0,3.0,5.0,5.0,7.0,2.0,10.0,33.2597616,126.413999
닭머르해안길,제주특별자치도 제주시 조천읍 신촌북3길 62-1 ,관광지,자연,자연관광지,자연생태관광지,12241.0,1.0,715.0,123.0,94.0,83.0,94.0,100.0,70.0,151.0,33.5378704,126.6132214
답다니탑망대,제주특별자치도 제주시 우도면 우도해안길 602 ,관광지,인문(문화/예술/역사),건축/조형물,유명건물,713.0,1.0,55.0,9.0,9.0,14.0,5.0,4.0,3.0,11.0,,
당산봉,제주특별자치도 제주시 한경면 고산리 산 15,관광지,자연,자연관광지,산,1388.0,1.0,153.0,32.0,24.0,18.0,12.0,21.0,21.0,25.0,,
당케올레국수,제주특별자치도 서귀포시 표선면 표선당포로 4 ,음식점,음식,음식점,한식,348.0,1.0,30.0,4.0,5.0,4.0,3.0,6.0,4.0,4.0,33.3253355,126.8431227
당포로나인돈카츠,제주특별자치도 서귀포시 표선당포로 9 ,음식점,음식,음식점,일식,297.0,1.0,30.0,7.0,5.0,6.0,5.0,5.0,2.0,0.0,33.325706,126.8436149
대기정,제주특별자치도 서귀포시 이어도로 41 (대포동),음식점,음식,음식점,한식,260.0,1.0,36.0,6.0,8.0,4.0,5.0,5.0,3.0,5.0,33.240315,126.4285773
대우정,제주특별자치도 서귀포시 이어도로 866-37 ,음식점,음식,음식점,한식,682.0,1.0,65.0,12.0,9.0,6.0,11.0,13.0,3.0,11.0,33.2329856,126.5068162
대정향교,제주특별자치도 서귀포시 안덕면 향교로 165-17 ,관광지,인문(문화/예술/역사),역사관광지,유적지/사적지,1020.0,1.0,79.0,13.0,11.0,12.0,11.0,8.0,7.0,17.0,33.2394319,126.2883184
대춘해장국,제주특별자치도 제주시 연북로 398 ,음식점,음식,음식점,한식,181.0,1.0,23.0,2.0,4.0,5.0,3.0,2.0,2.0,5.0,33.4804557,126.5239343
대평포구,제주특별자치도 서귀포시 안덕면 창천리 914-5 ,관광지,자연,자연관광지,항구/포구,1424.0,1.0,146.0,25.0,17.0,20.0,17.0,18.0,18.0,31.0,33.2594294,126.3576754
대포포구,제주특별자치도 서귀포시 대포로 172-8 (대포동),관광지,자연,자연관광지,항구/포구,585.0,1.0,73.0,8.0,11.0,12.0,5.0,14.0,7.0,16.0,33.2423126,126.4345568
더아일랜더,제주특별자치도 제주시 관덕로4길 7 ,쇼핑,쇼핑,쇼핑,특산물판매점,445.0,1.0,43.0,9.0,9.0,5.0,4.0,4.0,5.0,7.0,33.5123979,126.521371
더리트리브,제주특별자치도 서귀포시 화순로 67 청산가든 ,음식점,음식,음식점,카페/전통찻집,279.0,1.0,37.0,4.0,10.0,5.0,6.0,3.0,5.0,4.0,33.2479462,126.338715
더마파크,제주특별자치도 제주시 한림읍 월림7길 155 ,관광지,인문(문화/예술/역사),휴양관광지,테마공원,3972.0,1.0,311.0,66.0,59.0,32.0,35.0,31.0,33.0,55.0,33.3508962,126.2482536
더클리프,제주특별자치도 서귀포시 중문관광로 154-17 (색달동),음식점,음식,음식점,서양식,303.0,1.0,32.0,6.0,3.0,5.0,6.0,5.0,2.0,5.0,33.2448051,126.4177371
덕성원,제주특별자치도 서귀포시 태평로401번길 4 ,음식점,음식,음식점,중식,564.0,1.0,83.0,24.0,19.0,7.0,6.0,5.0,8.0,14.0,33.2449592,126.5634544
델문도,제주특별자치도 제주시 조천읍 조함해안로 519-10 ,음식점,음식,음식점,카페/전통찻집,1376.0,1.0,147.0,22.0,26.0,21.0,23.0,20.0,9.0,26.0,33.5437787,126.6688353
도두봉,제주특별자치도 제주시 도두일동 산 1 ,관광지,자연,자연관광지,산,6990.0,1.0,685.0,143.0,114.0,93.0,83.0,62.0,67.0,123.0,33.5085336,126.4690416
도두항,제주특별자치도 제주시 도공로 2 (도두일동),관광지,자연,자연관광지,항구/포구,960.0,1.0,94.0,16.0,25.0,8.0,14.0,11.0,9.0,11.0,33.5060695,126.4649759
도두해녀의집,제주특별자치도 제주시 도두항길 16 (도두일동),음식점,음식,음식점,한식,748.0,1.0,84.0,12.0,19.0,11.0,8.0,12.0,5.0,17.0,33.506162,126.4666434
도리미오름,제주특별자치도 제주시 구좌읍 송당리 산 255-1,관광지,자연,자연관광지,산,333.0,1.0,34.0,7.0,7.0,7.0,5.0,0.0,3.0,5.0,33.4286608,126.7665022
도을,제주특별자치도 제주시 남조로 2343 ,음식점,음식,음식점,카페/전통찻집,295.0,1.0,32.0,6.0,4.0,8.0,5.0,2.0,2.0,5.0,33.4735811,126.6571543
도치돌알파카목장,제주특별자치도 제주시 애월읍 도치돌길 293 ,관광지,인문(문화/예술/역사),체험관광지,농.산.어촌 체험,1675.0,1.0,235.0,40.0,37.0,36.0,32.0,36.0,22.0,32.0,,
도토리키친,제주특별자치도 제주시  북성로 (59) ,음식점,음식,음식점,이색음식점,265.0,1.0,35.0,5.0,5.0,5.0,3.0,5.0,4.0,8.0,33.5153877,126.5186172
독개물항,제주특별자치도 제주시 한림읍 한림로 478 ,음식점,음식,음식점,한식,671.0,1.0,83.0,12.0,17.0,8.0,14.0,8.0,12.0,12.0,33.4018776,126.251558
돈내코,제주특별자치도 서귀포시 돈내코로 137 ,관광지,자연,자연관광지,계곡,6251.0,1.0,302.0,48.0,47.0,50.0,43.0,42.0,29.0,43.0,33.3510774,126.620716
돈내코힐리조트,제주특별자치도 서귀포시 돈내코로 180 (상효동),숙박,숙박,숙박시설,게스트하우스,422.0,1.0,31.0,4.0,5.0,6.0,3.0,3.0,4.0,6.0,,
돈사돈,제주특별자치도 제주시 우평로 19 ,음식점,음식,음식점,한식,1705.0,1.0,193.0,40.0,38.0,16.0,33.0,28.0,16.0,22.0,33.4788279,126.4641046
돈사촌,제주특별자치도 서귀포시 동홍중앙로52번길 4 ,음식점,음식,음식점,한식,129.0,1.0,20.0,8.0,1.0,0.0,3.0,3.0,1.0,4.0,33.5119099,126.5198713
돈이랑,제주특별자치도 서귀포시 일주서로 953 (색달동),음식점,음식,음식점,한식,264.0,1.0,28.0,2.0,4.0,4.0,3.0,6.0,2.0,7.0,33.2577179,126.4088731
돈향기,제주특별자치도 제주시 관덕로15길 30 ,음식점,음식,음식점,한식,198.0,1.0,23.0,3.0,3.0,7.0,0.0,3.0,3.0,4.0,33.515825,126.5270343
돔베돈,제주특별자치도 제주시 관덕로15길 25 ,음식점,음식,음식점,한식,210.0,1.0,25.0,7.0,3.0,4.0,2.0,5.0,1.0,3.0,33.5155768,126.5266926
동도원,제주특별자치도 서귀포시 이어도로 189 ,음식점,음식,음식점,한식,237.0,1.0,34.0,7.0,5.0,7.0,4.0,4.0,1.0,6.0,33.2395369,126.4417794
동문수산시장,제주특별자치도 제주시 이도일동 1349-60 ,쇼핑,쇼핑,쇼핑,상설시장,2687.0,1.0,248.0,32.0,42.0,42.0,29.0,25.0,44.0,34.0,33.5126937,126.5262065
동문재래시장,제주특별자치도 제주시 관덕로14길 20 ,쇼핑,쇼핑,쇼핑,상설시장,23886.0,1.0,1242.0,230.0,218.0,168.0,170.0,133.0,129.0,194.0,33.5116033,126.5260192
동박생이,제주특별자치도 제주시 구좌읍 월정1길 89 ,숙박,숙박,숙박시설,펜션,398.0,1.0,44.0,7.0,4.0,7.0,6.0,7.0,2.0,11.0,33.5584132,126.792853
동백포레스트,제주특별자치도 서귀포시 남원읍 생기악로 53-38 ,관광지,자연,자연관광지,수목원,11609.0,1.0,1432.0,237.0,262.0,205.0,158.0,166.0,149.0,255.0,33.3330338,126.6180657
동일리포구,제주특별자치도 서귀포시 대정읍 동일하모로98번길 14-32 ,관광지,자연,자연관광지,항구/포구,478.0,1.0,54.0,13.0,9.0,9.0,6.0,4.0,4.0,9.0,33.247276,126.2475706
동해미락,제주특별자치도 서귀포시 칠십리로 133 ,음식점,음식,음식점,일식,537.0,1.0,58.0,12.0,10.0,4.0,4.0,9.0,3.0,16.0,33.2436735,126.5682369
두맹이골목,제주특별자치도 제주시 일도이동 1006-11,관광지,인문(문화/예술/역사),체험관광지,이색거리,741.0,1.0,80.0,13.0,18.0,9.0,10.0,9.0,8.0,13.0,33.5120308,126.5349279
두산봉,제주특별자치도 서귀포시 성산읍 시흥리 산1-5,관광지,자연,자연관광지,산,1016.0,1.0,138.0,25.0,19.0,16.0,11.0,20.0,20.0,27.0,,
둔지봉,제주특별자치도 제주시 구좌읍 한동리 산 40,관광지,자연,자연관광지,산,527.0,1.0,57.0,9.0,4.0,9.0,5.0,11.0,7.0,12.0,33.5016894,126.7942442
뒤굽은이오름,제주특별자치도 서귀포시 성산읍 일주동로 (수산리) 일대,관광지,자연,자연관광지,산,478.0,1.0,49.0,20.0,6.0,4.0,3.0,3.0,3.0,10.0,33.4308824,126.8264732
듀포레,제주특별자치도 제주시 서해안로 579 ,음식점,음식,음식점,카페/전통찻집,148.0,1.0,21.0,6.0,2.0,3.0,3.0,3.0,1.0,3.0,33.5185457,126.5000597
등경돌식당,제주특별자치도 서귀포시 성산읍 일출로 279 ,음식점,음식,음식점,한식,251.0,1.0,34.0,4.0,10.0,6.0,4.0,4.0,0.0,6.0,33.4626155,126.9345315
디아넥스호텔,제주특별자치도 서귀포시 안덕면 산록남로762번길 71 ,숙박,숙박,숙박시설,관광호텔,542.0,1.0,83.0,12.0,16.0,13.0,9.0,9.0,11.0,13.0,,
따라비오름,제주특별자치도 서귀포시 표선면 가시리 산62,관광지,자연,자연관광지,산,6840.0,1.0,505.0,101.0,70.0,69.0,68.0,66.0,56.0,75.0,33.3828211,126.7313785
띠띠빵빵,제주특별자치도 제주시 우도면 우도해안길 982 ,음식점,음식,음식점,중식,206.0,1.0,17.0,1.0,1.0,1.0,5.0,1.0,1.0,7.0,33.5081966,126.9670484
라마다제주함덕호텔,제주특별자치도 제주시 조천읍 신북로 470 ,숙박,숙박,숙박시설,관광호텔,637.0,1.0,55.0,9.0,8.0,8.0,7.0,6.0,8.0,9.0,,
라마다프라자제주호텔,제주특별자치도 제주시 탑동로 66 ,숙박,숙박,숙박시설,관광호텔,1010.0,1.0,211.0,38.0,33.0,28.0,24.0,30.0,24.0,34.0,,
라온골프클럽,제주특별자치도 제주시 한경면 용금로 998 ,레포츠,레포츠,육상 레포츠,골프,615.0,1.0,52.0,12.0,8.0,7.0,7.0,4.0,8.0,6.0,33.3418703,126.2780253
라온명품관,제주특별자치도 제주시 한림읍 금능남로 127 ,쇼핑,쇼핑,쇼핑,전문매장/상가,464.0,1.0,61.0,17.0,8.0,7.0,5.0,13.0,5.0,6.0,33.3810152,126.2411754
라온호텔앤리조트,제주특별자치도 제주시 한림읍 금능남로 127 ,관광지,인문(문화/예술/역사),휴양관광지,관광단지,619.0,1.0,41.0,8.0,3.0,6.0,3.0,10.0,1.0,10.0,33.3810152,126.2411754
라헨느리조트,제주특별자치도 제주시 명림로 384 ,숙박,인문(문화/예술/역사),휴양관광지,관광단지,364.0,1.0,33.0,8.0,10.0,3.0,1.0,6.0,2.0,3.0,33.4521555,126.6155076
랜딩다이닝,제주특별자치도 서귀포시 안덕면 신화역사로304번길 38 ,음식점,음식,음식점,이색음식점,545.0,1.0,55.0,13.0,8.0,4.0,8.0,6.0,4.0,12.0,,
랜딩관제주신화월드호텔앤리조트,제주특별자치도 서귀포시 안덕면 신화역사로304번길 38 ,숙박,숙박,숙박시설,관광호텔,713.0,1.0,84.0,15.0,17.0,6.0,10.0,11.0,12.0,13.0,,
로빙화,제주특별자치도 서귀포시 남원읍 남태해안로 13 ,음식점,음식,음식점,카페/전통찻집,331.0,1.0,40.0,16.0,8.0,4.0,1.0,4.0,3.0,4.0,33.27515,126.7093389
롯데시티호텔제주,제주특별자치도 제주시 도령로 83 ,숙박,숙박,숙박시설,관광호텔,394.0,1.0,46.0,11.0,10.0,10.0,3.0,4.0,1.0,7.0,33.4906409,126.4866038
롯데호텔제주,제주특별자치도 서귀포시 중문관광로72번길 35 ,숙박,숙박,숙박시설,관광호텔,1070.0,1.0,127.0,15.0,24.0,26.0,14.0,17.0,14.0,17.0,,
르쉬느아,제주특별자치도 서귀포시 안덕면 신화역사로304번길 38 ,음식점,음식,음식점,중식,1174.0,1.0,129.0,23.0,18.0,23.0,23.0,9.0,12.0,21.0,,
르토아베이스먼트,제주특별자치도 제주시 해맞이해안로 1226 ,음식점,음식,음식점,카페/전통찻집,194.0,1.0,19.0,6.0,3.0,1.0,4.0,2.0,1.0,2.0,,
마노르블랑,제주특별자치도 서귀포시 안덕면 일주서로2100번길 46 ,음식점,음식,음식점,카페/전통찻집,3409.0,1.0,408.0,61.0,78.0,67.0,61.0,44.0,53.0,44.0,33.2542777,126.2945292
마돈,제주특별자치도 서귀포시 성산읍 섭지코지로 56 ,음식점,음식,음식점,한식,147.0,1.0,13.0,2.0,2.0,0.0,2.0,1.0,2.0,4.0,33.4375299,126.9218483
마두천손칼국수,제주특별자치도 제주시 용해로 45 ,음식점,음식,음식점,한식,269.0,1.0,34.0,10.0,6.0,4.0,3.0,3.0,5.0,3.0,33.5131118,126.5029959
마라도등대,"제주특별자치도 서귀포시 대정읍 마라로 (165, 마라도항로표지관리소) ",관광지,자연,자연관광지,등대,834.0,1.0,75.0,9.0,7.0,13.0,13.0,13.0,8.0,12.0,33.1697336,126.271453
마라도,제주특별자치도 서귀포시 대정읍 마라로101번길 46 ,관광지,자연,자연관광지,섬,6306.0,1.0,375.0,68.0,62.0,49.0,61.0,41.0,35.0,59.0,,
마마롱,제주특별자치도 제주시 평화로 2783 1층,음식점,음식,음식점,카페/전통찻집,346.0,1.0,37.0,8.0,5.0,1.0,7.0,5.0,2.0,9.0,,
마틸다,제주특별자치도 제주시 고내1길 33 ,음식점,음식,음식점,카페/전통찻집,333.0,1.0,28.0,8.0,1.0,4.0,5.0,3.0,3.0,4.0,33.4656782,126.3342415
만덕이네,제주특별자치도 서귀포시 표선면 서성일로 16 ,음식점,음식,음식점,한식,651.0,1.0,74.0,13.0,17.0,3.0,9.0,11.0,8.0,13.0,33.3933351,126.8011503
만부정,제주특별자치도 제주시 사장길 38 ,음식점,음식,음식점,일식,274.0,1.0,28.0,12.0,6.0,1.0,2.0,1.0,4.0,2.0,33.482681,126.4945352
만선식당,제주특별자치도 서귀포시 대정읍 하모항구로 44 ,음식점,음식,음식점,한식,479.0,1.0,53.0,12.0,7.0,4.0,6.0,11.0,7.0,6.0,33.217849,126.2498585
만세국수,제주특별자치도 제주시 오라로 152 (오라일동),음식점,음식,음식점,한식,24.0,1.0,20.0,3.0,4.0,2.0,5.0,1.0,0.0,5.0,33.4941591,126.5187824
만월당,제주특별자치도 제주시 월정1길 56 ,음식점,음식,음식점,서양식,309.0,1.0,31.0,4.0,8.0,2.0,2.0,4.0,4.0,7.0,33.5561836,126.7929619
만장굴,제주특별자치도 제주시 구좌읍 만장굴길 182 (구좌읍),관광지,자연,자연관광지,동굴,43227.0,1.0,5728.0,983.0,954.0,664.0,674.0,785.0,739.0,929.0,33.52819720000001,126.7717618
맛나식당,제주특별자치도 서귀포시 성산읍 동류암로 41 ,음식점,음식,음식점,한식,910.0,1.0,76.0,12.0,18.0,9.0,11.0,7.0,5.0,14.0,33.4486021,126.9158529
맛있는집,제주특별자치도 서귀포시 중앙로 110 ,음식점,음식,음식점,한식,458.0,1.0,26.0,4.0,4.0,0.0,5.0,2.0,6.0,5.0,33.2508423,126.5644132
맥파이브루어리,제주특별자치도 제주시 동회천1길 23 (회천동),관광지,인문(문화/예술/역사),산업관광지,식음료,823.0,1.0,75.0,12.0,15.0,9.0,4.0,15.0,9.0,11.0,,
머체왓숲길,제주특별자치도 서귀포시 남원읍 서성로 755 ,레포츠,레포츠,육상 레포츠,트래킹,5344.0,1.0,487.0,90.0,105.0,58.0,57.0,51.0,52.0,74.0,33.31887750000001,126.6742738
메리어트관제주신화월드호텔앤리조트,제주특별자치도 서귀포시 안덕면 신화역사로304번길 38 ,숙박,숙박,숙박시설,관광호텔,258.0,1.0,35.0,5.0,8.0,8.0,1.0,6.0,3.0,4.0,,
메이즈랜드,제주특별자치도 제주시 구좌읍 비자림로 2134-47 ,관광지,인문(문화/예술/역사),휴양관광지,테마공원,8368.0,1.0,644.0,106.0,108.0,93.0,95.0,80.0,57.0,105.0,33.4743111,126.7771579
메종글래드제주,제주특별자치도 제주시 노연로 80 ,숙박,숙박,숙박시설,관광호텔,586.0,1.0,75.0,11.0,14.0,6.0,15.0,5.0,1.0,23.0,,
메콩스카이,제주특별자치도 제주시 연오로 35 1층,음식점,음식,음식점,이색음식점,290.0,1.0,27.0,8.0,3.0,3.0,7.0,2.0,2.0,2.0,33.4901181,126.5021141
면뽑는선생만두빚는아내,제주특별자치도 제주시 한림읍 옹포2길 10 ,음식점,음식,음식점,한식,236.0,1.0,22.0,5.0,4.0,1.0,3.0,2.0,2.0,5.0,,
명랑스낵,제주특별자치도 제주시 한림로 585 ,음식점,음식,음식점,한식,713.0,1.0,79.0,16.0,14.0,4.0,13.0,15.0,3.0,14.0,33.4092436,126.2588265
명월국민학교,제주특별자치도 제주시 한림읍 명월로 48 ,음식점,음식,음식점,이색음식점,2090.0,1.0,175.0,29.0,26.0,23.0,32.0,28.0,21.0,16.0,33.3885427,126.2648518
명월성지,제주특별자치도 제주시 한림읍 명월리 2236 ,관광지,인문(문화/예술/역사),역사관광지,성,1048.0,1.0,106.0,16.0,22.0,15.0,10.0,12.0,12.0,19.0,33.4004982,126.2609256
명진전복,제주특별자치도 제주시 구좌읍 해맞이해안로 1282 ,음식점,음식,음식점,한식,2602.0,1.0,234.0,31.0,44.0,37.0,35.0,32.0,24.0,31.0,33.5290971,126.8463777
모구리오름,제주특별자치도 서귀포시 성산읍 서성일로 260 ,관광지,자연,자연관광지,산,651.0,1.0,86.0,16.0,16.0,11.0,8.0,14.0,8.0,13.0,33.40684760000001,126.8216772
모노클제주,제주특별자치도 서귀포시 태위로360번길 30-8 ,음식점,음식,음식점,카페/전통찻집,191.0,1.0,21.0,4.0,4.0,2.0,0.0,3.0,3.0,5.0,33.2729034,126.6845006
모뉴에트,제주특별자치도 제주시 종달동길 23 ,음식점,음식,음식점,카페/전통찻집,241.0,1.0,36.0,11.0,4.0,1.0,5.0,5.0,1.0,9.0,33.4915646,126.9022722
모루쿠다,제주특별자치도 서귀포시 태평로431번길 32 1층,음식점,음식,음식점,일식,621.0,1.0,59.0,14.0,14.0,4.0,5.0,8.0,8.0,6.0,33.2581015,126.5772117
모슬포중앙시장,제주특별자치도 서귀포시 대정읍 영서중로13번길 9-8 ,쇼핑,쇼핑,쇼핑,상설시장,1837.0,1.0,204.0,44.0,25.0,16.0,28.0,27.0,32.0,32.0,33.2210679,126.2540093
모이소,"제주특별자치도 제주시 신광로8길 14 (연동,송네하우스)",쇼핑,쇼핑,쇼핑,공예/공방,334.0,1.0,27.0,4.0,3.0,2.0,4.0,6.0,1.0,7.0,33.4871211,126.4885456
모지오름,제주특별자치도 서귀포시 표선면 성읍리 산22,관광지,자연,자연관광지,산,550.0,1.0,53.0,13.0,10.0,6.0,6.0,6.0,7.0,5.0,33.395118,126.7701692
목장카페드르쿰다,제주특별자치도 서귀포시 표선면 번영로 2454 ,음식점,음식,음식점,카페/전통찻집,1354.0,1.0,116.0,17.0,15.0,21.0,17.0,15.0,14.0,17.0,,
몬스터살롱,제주특별자치도 제주시 일주서로 6017 ,음식점,음식,음식점,서양식,215.0,1.0,26.0,5.0,6.0,3.0,3.0,4.0,4.0,1.0,33.448277,126.3072349
몰질식육식당,제주특별자치도 서귀포시 이어도로 598 ,음식점,음식,음식점,한식,258.0,1.0,26.0,7.0,1.0,4.0,2.0,5.0,3.0,4.0,33.235374,126.4803004
몽생이,제주특별자치도 제주시 한경면 녹차분재로 628 ,음식점,음식,음식점,한식,723.0,1.0,38.0,5.0,5.0,5.0,4.0,6.0,6.0,7.0,33.3246675,126.2604681
무거버거,제주특별자치도 제주시 조함해안로 356 ,음식점,음식,음식점,서양식,369.0,1.0,52.0,4.0,13.0,7.0,7.0,8.0,3.0,10.0,33.548942,126.6549672
무릉자전거도로,제주특별자치도 제주시 한경면 판포리 1610,레포츠,레포츠,육상 레포츠,트래킹,350.0,1.0,61.0,10.0,8.0,11.0,7.0,6.0,7.0,12.0,,
무비랜드왁스뮤지엄,제주특별자치도 서귀포시 중문관광로 205 (중문동) ,문화시설,인문(문화/예술/역사),문화시설,박물관,969.0,1.0,95.0,17.0,13.0,15.0,8.0,8.0,9.0,25.0,33.2436726,126.4215188
무수천,제주특별자치도 제주시 애월읍 무수천길 (애월읍) 일대,관광지,자연,자연관광지,계곡,814.0,1.0,53.0,9.0,9.0,8.0,6.0,5.0,6.0,10.0,33.4633826,126.4445845
무인카페산책,제주특별자치도 제주시 애월읍 고내로7길 49 ,음식점,음식,음식점,카페/전통찻집,443.0,1.0,61.0,13.0,7.0,6.0,10.0,7.0,3.0,15.0,,
문도지오름,제주특별자치도 제주시 한림읍 금악리 3444 ,관광지,자연,자연관광지,산,1495.0,1.0,127.0,24.0,18.0,14.0,13.0,14.0,20.0,24.0,,
문서프,제주특별자치도 제주시 애월읍 곽지7길 1 ,레포츠,레포츠,수상 레포츠,윈드서핑/제트스키,405.0,1.0,43.0,4.0,10.0,8.0,4.0,4.0,5.0,8.0,33.4501389,126.3083862
물고기나무게스트하우스,제주특별자치도 서귀포시 성산읍 중산간동로 4204-14 ,숙박,숙박,숙박시설,펜션,315.0,1.0,39.0,7.0,5.0,6.0,4.0,6.0,5.0,6.0,33.3789432,126.8407648
물뫼힐링팜,제주특별자치도 제주시 애월읍 예원로 51 ,관광지,인문(문화/예술/역사),체험관광지,이색체험,987.0,1.0,68.0,13.0,19.0,8.0,9.0,7.0,4.0,8.0,33.4642593,126.3965364
물영아리오름,제주특별자치도 서귀포시 남원읍 태수로 552 ,관광지,자연,자연관광지,산,7805.0,1.0,529.0,87.0,86.0,71.0,54.0,61.0,76.0,94.0,33.3325498,126.7030501
미도모텔,제주특별자치도 서귀포시 성산읍 성산등용로 1 ,숙박,숙박,숙박시설,모텔,265.0,1.0,35.0,5.0,5.0,3.0,6.0,4.0,5.0,7.0,33.4641765,126.9335918
미스틱3도,제주특별자치도 제주시 1100로 2894-49 1층,음식점,음식,음식점,카페/전통찻집,248.0,1.0,25.0,7.0,3.0,1.0,7.0,1.0,2.0,4.0,33.4499557,126.4876618
미엘드세화,제주특별자치도 제주시 해맞이해안로 1464 ,음식점,음식,음식점,카페/전통찻집,179.0,1.0,15.0,3.0,5.0,1.0,1.0,2.0,0.0,3.0,33.5290971,126.8463777
미영이네식당,제주특별자치도 서귀포시 대정읍 하모항구로 42 ,음식점,음식,음식점,한식,423.0,1.0,100.0,20.0,15.0,10.0,13.0,13.0,10.0,19.0,33.2177154,126.2499247
미천굴,제주특별자치도 서귀포시 성산읍 중산간동로 4150-30 ,관광지,자연,자연관광지,동굴,1936.0,1.0,163.0,44.0,23.0,22.0,15.0,20.0,20.0,19.0,33.3831862,126.8418892
미친부엌,"제주특별자치도 제주시 탑동로 15 1,2층",음식점,음식,음식점,일식,869.0,1.0,88.0,11.0,17.0,5.0,19.0,15.0,8.0,13.0,33.5170061,126.523159
미쿠니,제주특별자치도 제주시 서흘길 41 ,음식점,음식,음식점,카페/전통찻집,165.0,1.0,22.0,3.0,2.0,1.0,4.0,2.0,3.0,7.0,33.5290919,126.58961
밀레니엄빌,제주특별자치도 서귀포시 보목로64번길 196 ,숙박,숙박,숙박시설,펜션,129.0,1.0,20.0,2.0,5.0,0.0,5.0,1.0,3.0,4.0,33.2451899,126.5899481
바그다드,제주특별자치도 제주시 관덕로8길 34 ,음식점,음식,음식점,이색음식점,28.0,1.0,28.0,6.0,2.0,2.0,7.0,3.0,1.0,7.0,33.497497,126.5296421
바늘오름,제주특별자치도 제주시 조천읍 교래리 산 108,관광지,자연,자연관광지,산,474.0,1.0,62.0,15.0,9.0,6.0,8.0,6.0,9.0,9.0,33.4180631,126.6534847
바다는안보여요,제주특별자치도 제주시 구좌읍 종달로5길 31-1 ,음식점,음식,음식점,카페/전통찻집,214.0,1.0,25.0,6.0,5.0,3.0,4.0,1.0,4.0,2.0,33.4933905,126.8994254
바다다,제주특별자치도 서귀포시 대포로 148-15 ,음식점,음식,음식점,카페/전통찻집,920.0,1.0,206.0,35.0,38.0,28.0,34.0,26.0,28.0,17.0,33.2373994,126.4367119
바다를본돼지,제주특별자치도 제주시 한경면 판포1길 16 ,음식점,음식,음식점,한식,1234.0,1.0,72.0,16.0,13.0,10.0,11.0,6.0,6.0,10.0,,
바다속고등어쌈밥,제주특별자치도 제주시 애월읍 일주서로 7089 ,음식점,음식,음식점,한식,1017.0,1.0,126.0,21.0,27.0,11.0,18.0,12.0,14.0,23.0,33.4842849,126.4068335
바다위에코끼리,제주특별자치도 제주시 한림읍 협재1길 27-6 ,음식점,음식,음식점,카페/전통찻집,238.0,1.0,27.0,3.0,3.0,2.0,7.0,6.0,2.0,4.0,33.3978595,126.242948
바다잔치,제주특별자치도 제주시 탑동로 79 ,음식점,음식,음식점,한식,196.0,1.0,28.0,10.0,3.0,3.0,2.0,3.0,2.0,5.0,33.517644,126.5168421
바다제비,제주특별자치도 제주시 한림로 640 ,음식점,음식,음식점,한식,182.0,1.0,23.0,5.0,2.0,1.0,4.0,4.0,4.0,3.0,33.4133203,126.2620864
바다풍경횟집,제주특별자치도 제주시 서해안로 654 (용담삼동),음식점,음식,음식점,한식,1058.0,1.0,107.0,16.0,15.0,11.0,12.0,16.0,9.0,28.0,33.5162088,126.5068722
바다해호텔,제주특별자치도 서귀포시 천지연로 3-1 (서귀동),숙박,숙박,숙박시설,게스트하우스,552.0,1.0,22.0,1.0,5.0,2.0,2.0,4.0,3.0,5.0,33.2414444,126.565685
바람벽에흰당나귀,제주특별자치도 제주시 동복로 11 ,음식점,음식,음식점,카페/전통찻집,341.0,1.0,34.0,6.0,7.0,2.0,5.0,4.0,5.0,5.0,33.55374219999999,126.7075079
바램목장&카페,제주특별자치도 서귀포시 신화역사로 611 ,음식점,음식,음식점,카페/전통찻집,213.0,1.0,29.0,5.0,4.0,5.0,6.0,3.0,2.0,4.0,33.3112276,126.3526843
바움하우스,제주특별자치도 제주시 서해안로 448 1층,음식점,음식,음식점,한식,141.0,1.0,25.0,4.0,4.0,3.0,1.0,4.0,3.0,6.0,33.5176843,126.4875273
바위소리,제주특별자치도 제주시 우도면 우도해안길 1112 ,음식점,음식,음식점,카페/전통찻집,206.0,1.0,24.0,3.0,2.0,6.0,5.0,0.0,0.0,8.0,33.4976913,126.9690072
바이나흐튼크리스마스박물관,제주특별자치도 서귀포시 안덕면 평화로 654 ,문화시설,인문(문화/예술/역사),문화시설,박물관,4456.0,1.0,249.0,48.0,36.0,31.0,30.0,40.0,25.0,39.0,,
바이제주,제주특별자치도 제주시 서해안로 626 (용담삼동),쇼핑,쇼핑,쇼핑,특산물판매점,554.0,1.0,58.0,12.0,5.0,5.0,11.0,8.0,4.0,13.0,33.516627,126.5040466
바캉스샤브샤브,제주특별자치도 제주시 조천읍 신북로 595 ,음식점,음식,음식점,한식,224.0,1.0,21.0,4.0,3.0,2.0,2.0,1.0,1.0,8.0,33.54009010000001,126.6730893
박물관은살아있다,제주특별자치도 서귀포시 중문관광로 42 ,문화시설,인문(문화/예술/역사),문화시설,박물관,7143.0,1.0,695.0,131.0,109.0,92.0,95.0,87.0,80.0,101.0,,
박수기정,제주특별자치도 서귀포시 안덕면 난드르로 90-25 ,관광지,자연,자연관광지,해안절경,9479.0,1.0,491.0,83.0,85.0,68.0,67.0,49.0,56.0,83.0,33.237153,126.3587249
발자국화석공원,제주특별자치도 서귀포시 대정읍 형제해안로 192 ,관광지,자연,관광자원,기암괴석,1281.0,1.0,94.0,23.0,13.0,6.0,12.0,10.0,15.0,15.0,33.2173222,126.2930456
방림원,제주특별자치도 제주시 한경면 용금로 864 ,문화시설,인문(문화/예술/역사),문화시설,전시관,1312.0,1.0,128.0,16.0,21.0,15.0,22.0,21.0,17.0,16.0,33.3371463,126.2685417
방선문,제주특별자치도 제주시 오라이동 39-1,관광지,자연,자연관광지,계곡,623.0,1.0,68.0,14.0,11.0,10.0,12.0,9.0,5.0,7.0,33.4712097,126.5020906
방주교회,제주특별자치도 서귀포시 안덕면 산록남로762번길 113 ,관광지,인문(문화/예술/역사),역사관광지,종교성지,13913.0,1.0,1382.0,242.0,249.0,160.0,171.0,166.0,154.0,240.0,33.3051258,126.3872587
백기해녀의집,제주특별자치도 서귀포시 성산읍 일출로 88-19 ,음식점,음식,음식점,한식,381.0,1.0,55.0,12.0,12.0,5.0,5.0,4.0,6.0,11.0,,
백리향,제주특별자치도 제주시 조천읍 신북로 244 ,음식점,음식,음식점,한식,226.0,1.0,15.0,5.0,4.0,1.0,3.0,0.0,1.0,1.0,33.5369782,126.6384908
백약이오름,제주특별자치도 서귀포시 표선면 성읍리 산1 ,관광지,자연,자연관광지,산,8939.0,1.0,1311.0,211.0,157.0,215.0,184.0,162.0,142.0,240.0,33.437224,126.790195
백제사,제주특별자치도 제주시 애월읍 광령남6길 54 (애월읍),관광지,인문(문화/예술/역사),역사관광지,사찰,432.0,1.0,54.0,9.0,11.0,9.0,9.0,5.0,4.0,7.0,33.4487759,126.4242169
백패커스홈,제주특별자치도 서귀포시 중정로 24-7 (서귀동),숙박,숙박,숙박시설,게스트하우스,315.0,1.0,42.0,10.0,10.0,4.0,3.0,6.0,3.0,6.0,33.2472869,126.5590809
뱅인타코,제주특별자치도 서귀포시 에듀시티로 74 라온프라이빗에듀 상가동 101호,음식점,음식,음식점,서양식,191.0,1.0,16.0,3.0,2.0,1.0,2.0,2.0,4.0,2.0,33.2895343,126.2819869
버터모닝,제주특별자치도 제주시 하광로 279 ,음식점,음식,음식점,카페/전통찻집,449.0,1.0,57.0,8.0,7.0,3.0,10.0,11.0,9.0,9.0,33.4642738,126.4229995
법화사,제주특별자치도 서귀포시 하원북로35번길 15-28 법화사 ,관광지,인문(문화/예술/역사),역사관광지,사찰,1620.0,1.0,114.0,25.0,16.0,16.0,15.0,14.0,10.0,18.0,33.2651982,126.4577155
법환어촌계횟집,제주특별자치도 서귀포시 막숙포로 61 (법환동),음식점,음식,음식점,한식,160.0,1.0,27.0,4.0,9.0,1.0,5.0,2.0,1.0,5.0,33.2358897,126.514898
법환포구,제주특별자치도 서귀포시 막숙포로 46 (법환동),관광지,자연,자연관광지,항구/포구,2010.0,1.0,192.0,39.0,25.0,27.0,27.0,20.0,23.0,31.0,33.2378108,126.5157218
벙커하우스,제주특별자치도 서귀포시 막숙포로41번길 66 ,음식점,음식,음식점,카페/전통찻집,349.0,1.0,35.0,5.0,5.0,4.0,11.0,3.0,4.0,3.0,33.2405833,126.5191222
베니키아중문호텔,제주특별자치도 서귀포시 천제연로 166 (중문동),숙박,숙박,숙박시설,관광호텔,207.0,1.0,35.0,10.0,3.0,0.0,4.0,6.0,4.0,8.0,,
베니키아호텔제주,제주특별자치도 제주시 애월읍 애월해안로 554-10 ,숙박,숙박,숙박시설,관광호텔,272.0,1.0,37.0,6.0,4.0,15.0,3.0,5.0,1.0,3.0,33.477337,126.3628356
베릿네오름,제주특별자치도 서귀포시 중문동 2314-2 ,관광지,자연,자연관광지,산,1551.0,1.0,180.0,24.0,30.0,29.0,23.0,23.0,25.0,26.0,33.2489928,126.4189201
베이힐풀앤빌라,제주특별자치도 서귀포시 예래로 424 (하예동),숙박,숙박,숙박시설,콘도미니엄,391.0,1.0,40.0,11.0,11.0,3.0,2.0,4.0,3.0,6.0,,
별도봉,제주특별자치도 제주시 선반로 (화북일동),관광지,자연,자연관광지,산,942.0,1.0,99.0,15.0,20.0,15.0,9.0,5.0,14.0,21.0,33.5152335,126.5637013
별방진,제주특별자치도 제주시 구좌읍 하도리 3354 (구좌읍),관광지,인문(문화/예술/역사),역사관광지,성,2260.0,1.0,219.0,44.0,35.0,34.0,22.0,31.0,20.0,33.0,33.5264493,126.8830512
볕이드는곳벧디,제주특별자치도 제주시 은수길 65 ,음식점,음식,음식점,카페/전통찻집,344.0,1.0,45.0,7.0,9.0,3.0,3.0,6.0,7.0,10.0,33.4714991,126.4880975
보래드베이커스,제주특별자치도 서귀포시 보목로64번길 178 1층,음식점,음식,음식점,카페/전통찻집,331.0,1.0,52.0,8.0,6.0,7.0,10.0,4.0,6.0,11.0,33.2444011,126.5906654
보롬왓,제주특별자치도 서귀포시 번영로 2350-104 ,관광지,인문(문화/예술/역사),산업관광지,기타,17967.0,1.0,628.0,105.0,110.0,94.0,64.0,95.0,70.0,90.0,33.4134884,126.7525669
보목포구,제주특별자치도 서귀포시 보목포로 46 (보목동),관광지,자연,자연관광지,항구/포구,1004.0,1.0,93.0,17.0,19.0,9.0,14.0,9.0,8.0,17.0,33.2395268,126.6073589
보물섬하이킹,"제주특별자치도 제주시 용문로14길 14 (용담이동,장원하이빌아파트)",레포츠,레포츠,육상 레포츠,자전거하이킹,587.0,1.0,61.0,19.0,8.0,8.0,8.0,6.0,3.0,9.0,33.5059252,126.5102111
보영반점,제주특별자치도 제주시 한림읍 한림로 692-1 ,음식점,음식,음식점,중식,267.0,1.0,33.0,11.0,7.0,2.0,4.0,3.0,4.0,2.0,33.4165946,126.265158
보통청춘기록실청춘사진관,제주특별자치도 제주시 한림읍 일주서로 5867 ,관광지,인문(문화/예술/역사),체험관광지,이색체험,786.0,1.0,103.0,26.0,15.0,7.0,15.0,16.0,15.0,9.0,,
복단지식당,제주특별자치도 제주시 한림읍 한림북동길 26 ,음식점,음식,음식점,한식,205.0,1.0,22.0,5.0,1.0,3.0,1.0,6.0,1.0,5.0,33.4174102,126.2639547
복자씨연탄구이,제주특별자치도 서귀포시 성산읍 해맞이해안로 2764 ,음식점,음식,음식점,한식,660.0,1.0,70.0,11.0,16.0,11.0,8.0,9.0,4.0,11.0,33.4691923,126.9198574
본가,제주특별자치도 제주시 도남로 101 ,음식점,음식,음식점,한식,129.0,1.0,33.0,7.0,5.0,1.0,8.0,2.0,4.0,6.0,33.4911293,126.5285477
본카페,제주특별자치도 제주시 애월읍 애월해안로 179 ,음식점,음식,음식점,카페/전통찻집,182.0,1.0,22.0,5.0,4.0,4.0,3.0,2.0,2.0,2.0,33.4677759,126.332037
본태박물관,제주특별자치도 서귀포시 안덕면 산록남로762번길 69 (안덕면),문화시설,인문(문화/예술/역사),문화시설,박물관,8880.0,1.0,543.0,91.0,82.0,74.0,57.0,53.0,67.0,119.0,33.3038302,126.3925024
볼스카페,제주특별자치도 서귀포시 일주서로 626 ,음식점,음식,음식점,카페/전통찻집,308.0,1.0,32.0,7.0,5.0,4.0,6.0,4.0,2.0,4.0,33.2533157,126.4425765
봄날카페,제주특별자치도 제주시 애월읍 애월로1길 25 ,음식점,음식,음식점,카페/전통찻집,2277.0,1.0,257.0,48.0,40.0,35.0,39.0,34.0,28.0,33.0,33.4625151,126.3094702
봉주르마담,제주특별자치도 서귀포시 대청로 33 오름빌딩1차 103호,음식점,음식,음식점,카페/전통찻집,248.0,1.0,31.0,6.0,6.0,4.0,5.0,1.0,4.0,5.0,33.2527924,126.5033566
북촌리4.3길,제주특별자치도 제주시 조천읍 북촌3길 3 ,관광지,자연,자연관광지,자연생태관광지,836.0,1.0,59.0,13.0,10.0,10.0,7.0,5.0,7.0,7.0,,
북촌에가면,제주특별자치도 제주시 북촌5길 6 ,음식점,음식,음식점,카페/전통찻집,854.0,1.0,68.0,14.0,12.0,8.0,12.0,4.0,5.0,13.0,33.54803880000001,126.6925813
불탑사,제주특별자치도 제주시 원당로16길 41 (삼양일동),관광지,인문(문화/예술/역사),역사관광지,사찰,821.0,1.0,71.0,11.0,11.0,12.0,7.0,9.0,9.0,12.0,,
붉은오름자연휴양림,제주특별자치도 서귀포시 표선면 남조로 1487-73 ,관광지,자연,자연관광지,자연휴양림,3950.0,1.0,192.0,26.0,32.0,31.0,27.0,28.0,14.0,34.0,,
뷰스트,제주특별자치도 서귀포시 형제해안로 30 ,음식점,음식,음식점,카페/전통찻집,171.0,1.0,22.0,4.0,1.0,3.0,5.0,1.0,2.0,6.0,33.22778660000001,126.3034978
브릭216,제주특별자치도 서귀포시 이어도로 216 (대포동),숙박,숙박,숙박시설,게스트하우스,296.0,1.0,44.0,6.0,4.0,5.0,4.0,8.0,5.0,12.0,33.240855,126.4434116
블라제리조트,제주특별자치도 서귀포시 녹산로 274 ,숙박,숙박,숙박시설,콘도미니엄,367.0,1.0,58.0,7.0,11.0,9.0,7.0,6.0,6.0,12.0,33.3792662,126.7469026
블랑로쉐,제주특별자치도 제주시 우도면 우도해안길 783 ,음식점,음식,음식점,카페/전통찻집,411.0,1.0,34.0,4.0,4.0,2.0,5.0,7.0,4.0,8.0,33.5169474,126.9579979
블루메베이글,제주특별자치도 제주시 가령로4길 3 ,음식점,음식,음식점,카페/전통찻집,564.0,1.0,62.0,15.0,9.0,6.0,7.0,11.0,1.0,13.0,33.4967164,126.5331297
블루사이공,제주특별자치도 제주시 중산간서로 6333 ,음식점,음식,음식점,이색음식점,302.0,1.0,36.0,10.0,10.0,3.0,4.0,2.0,1.0,6.0,33.4570669,126.4078876
블룸호텔,제주특별자치도 서귀포시 중문관광로72번길 53 (색달동) ,숙박,숙박,숙박시설,관광호텔,278.0,1.0,37.0,8.0,9.0,3.0,3.0,3.0,4.0,7.0,33.2498662,126.4081758
블리스풀,제주특별자치도 제주시 산록서로 383 1층,음식점,음식,음식점,카페/전통찻집,296.0,1.0,39.0,7.0,8.0,5.0,9.0,3.0,3.0,4.0,33.4049743,126.4075198
비스타리조트,제주특별자치도 제주시 서해안로 74 ,숙박,인문(문화/예술/역사),휴양관광지,관광단지,191.0,1.0,24.0,6.0,3.0,2.0,4.0,0.0,2.0,7.0,33.5031197,126.457563
비양도,제주특별자치도 제주시 한림읍 한림리 ,관광지,자연,자연관광지,섬,9499.0,1.0,415.0,91.0,65.0,59.0,57.0,55.0,24.0,64.0,33.3819398,126.2497525
비어라운드,제주특별자치도 제주시 구좌읍 하도9길 72 ,음식점,음식,음식점,카페/전통찻집,30.0,1.0,30.0,4.0,6.0,4.0,5.0,4.0,4.0,3.0,,
비원,제주특별자치도 제주시 수목원길 3-1 ,음식점,음식,음식점,한식,164.0,1.0,12.0,3.0,2.0,0.0,3.0,2.0,1.0,1.0,33.4700634,126.486041
비자림,제주특별자치도 제주시 구좌읍 비자숲길 55 ,관광지,자연,자연관광지,수목원,90622.0,1.0,6894.0,1153.0,1194.0,920.0,838.0,838.0,847.0,1104.0,33.4914321,126.8111377
비체올린,제주특별자치도 제주시 한경면 판조로 253-6 ,레포츠,레포츠,수상 레포츠,카약/카누,2417.0,1.0,175.0,36.0,34.0,25.0,20.0,27.0,12.0,21.0,33.3494593,126.2184532
빛의벙커,제주특별자치도 서귀포시 성산읍 고성리 ,문화시설,인문(문화/예술/역사),문화시설,전시관,5716.0,1.0,244.0,50.0,43.0,29.0,40.0,34.0,21.0,27.0,,
빵귿,제주특별자치도 제주시 구남동6길 45-1 1층,음식점,음식,음식점,카페/전통찻집,173.0,1.0,17.0,2.0,3.0,2.0,4.0,2.0,2.0,2.0,33.4871193,126.5351508
쁠랑뜨,제주특별자치도 제주시 1100로 2977-15 ,음식점,음식,음식점,카페/전통찻집,528.0,1.0,47.0,12.0,7.0,3.0,5.0,7.0,5.0,8.0,33.4527721,126.4854305
사계해변,제주특별자치도 서귀포시 안덕면 사계리 2147-35,관광지,자연,자연관광지,해수욕장,7256.0,1.0,638.0,128.0,95.0,95.0,92.0,60.0,57.0,111.0,33.2281549,126.3083471
사라봉,제주특별자치도 제주시 사라봉동길 61 (건입동),관광지,자연,자연관광지,산,3243.0,1.0,386.0,57.0,53.0,51.0,40.0,35.0,52.0,98.0,33.5175052,126.5463832
사라봉공원,제주특별자치도 제주시 사라봉동길 74 ,관광지,인문(문화/예술/역사),휴양관광지,공원,1849.0,1.0,184.0,33.0,28.0,28.0,24.0,22.0,29.0,20.0,33.5177204,126.5457574
사라오름,제주특별자치도 서귀포시 남원읍 신례리 산 2-1 ,관광지,자연,자연관광지,산,3101.0,1.0,335.0,67.0,54.0,39.0,52.0,39.0,29.0,55.0,33.3330338,126.6180657
사려니숲길,제주특별자치도 서귀포시 표선면 가시리 붉은오름 입구 ,레포츠,레포츠,육상 레포츠,트래킹,91246.0,1.0,9038.0,1511.0,1416.0,1238.0,1023.0,1138.0,1201.0,1511.0,33.4180631,126.6534847
사해방흑돼지,제주특별자치도 서귀포시 천제연로 263 ,음식점,음식,음식점,한식,300.0,1.0,32.0,6.0,3.0,6.0,3.0,6.0,1.0,7.0,33.2514515,126.4327501
사회복지법인평화의마을,제주특별자치도 서귀포시 대정읍 중산간서로 2195-12 ,쇼핑,쇼핑,쇼핑,전문매장/상가,572.0,1.0,48.0,8.0,3.0,11.0,3.0,8.0,6.0,9.0,,
산굼부리,제주특별자치도 제주시 조천읍 비자림로 768 ,관광지,자연,자연관광지,산,12068.0,1.0,882.0,182.0,146.0,132.0,120.0,92.0,69.0,141.0,33.4349973,126.6882639
산방굴사,제주특별자치도 서귀포시 안덕면 산방로 218-12 ,관광지,인문(문화/예술/역사),역사관광지,사찰,10646.0,1.0,1000.0,174.0,158.0,133.0,122.0,130.0,120.0,163.0,33.2423934,126.3139575
산방산랜드,제주특별자치도 서귀포시 안덕면 사계리 117-2,관광지,인문(문화/예술/역사),휴양관광지,테마공원,3336.0,1.0,228.0,51.0,30.0,37.0,29.0,29.0,16.0,36.0,,
산방산,제주특별자치도 서귀포시 안덕면 산방로 218-10 (안덕면),관광지,자연,자연관광지,산,19214.0,1.0,1604.0,263.0,263.0,224.0,219.0,175.0,177.0,283.0,33.2423934,126.3139575
산지등대,제주특별자치도 제주시 사라봉동길 108-1 (건입동),관광지,자연,자연관광지,등대,1222.0,1.0,130.0,36.0,15.0,11.0,18.0,10.0,14.0,26.0,33.5213689,126.5456439
산지천,제주특별자치도 제주시 건입동 ,관광지,자연,자연관광지,계곡,2021.0,1.0,134.0,31.0,26.0,13.0,18.0,10.0,16.0,20.0,33.5153591,126.5420032
산지천갤러리,제주특별자치도 제주시 중앙로3길 36 ,문화시설,인문(문화/예술/역사),문화시설,미술관/화랑,503.0,1.0,62.0,17.0,8.0,9.0,8.0,7.0,7.0,6.0,33.5151533,126.5283418
산지해장국,제주특별자치도 제주시 임항로 34 ,음식점,음식,음식점,한식,322.0,1.0,37.0,5.0,8.0,6.0,5.0,1.0,5.0,7.0,33.5163687,126.5285146
산천단곰솔,제주특별자치도 제주시 516로 3041-24 (아라일동),관광지,자연,관광자원,희귀동.식물,528.0,1.0,55.0,10.0,14.0,7.0,8.0,5.0,2.0,9.0,33.44761440000001,126.5548272
산포식당,제주특별자치도 서귀포시 성산읍 서성일로 1134 ,음식점,음식,음식점,한식,312.0,1.0,38.0,11.0,4.0,2.0,6.0,1.0,5.0,9.0,33.445123,126.8996991
삼다닷컴,제주특별자치도 제주시 연삼로 295-1 (도남동),쇼핑,쇼핑,쇼핑,전문매장/상가,258.0,1.0,27.0,5.0,6.0,3.0,4.0,3.0,3.0,3.0,33.4925754,126.5243068
삼다도횟집,제주특별자치도 제주시 서해안로 572 ,음식점,음식,음식점,한식,647.0,1.0,91.0,18.0,14.0,7.0,18.0,12.0,8.0,14.0,33.5190045,126.4992157
삼다정,제주특별자치도 제주시 노연로 80 1층,음식점,음식,음식점,한식,541.0,1.0,75.0,17.0,8.0,13.0,9.0,7.0,7.0,14.0,33.4848645,126.4885577
삼매봉,제주특별자치도 서귀포시 서홍동 820-2,관광지,인문(문화/예술/역사),휴양관광지,공원,630.0,1.0,82.0,19.0,12.0,16.0,12.0,9.0,4.0,10.0,33.2437181,126.5462844
삼무국수,제주특별자치도 제주시 삼무로3길 46-1 (연동),음식점,음식,음식점,한식,484.0,1.0,58.0,6.0,5.0,6.0,12.0,5.0,14.0,10.0,33.4906074,126.4909963
삼보식당,제주특별자치도 서귀포시 중정로 25 (서귀동) ,음식점,음식,음식점,한식,223.0,1.0,19.0,5.0,2.0,1.0,3.0,1.0,3.0,4.0,33.2477179,126.5591143
삼성혈해물탕,제주특별자치도 제주시 선덕로5길 20 ,음식점,음식,음식점,한식,501.0,1.0,48.0,8.0,10.0,6.0,10.0,4.0,4.0,6.0,33.4880115,126.4997147
삼양해수욕장,제주특별자치도 제주시 삼양이동 ,관광지,자연,자연관광지,해수욕장,3979.0,1.0,233.0,41.0,27.0,29.0,38.0,22.0,30.0,46.0,33.5152875,126.5914354
삼양해안도로,제주특별자치도 제주시 삼양삼동 2582-1 ,관광지,자연,자연관광지,자연생태관광지,481.0,1.0,50.0,11.0,7.0,6.0,8.0,3.0,10.0,5.0,33.52099949999999,126.5841277
삼일해장국,제주특별자치도 제주시 하귀9길 14 ,음식점,음식,음식점,한식,311.0,1.0,38.0,9.0,7.0,6.0,5.0,3.0,5.0,3.0,33.4855944,126.4151768
새별오름,제주특별자치도 제주시 애월읍 봉성리 산 59-8 ,관광지,자연,자연관광지,산,40734.0,1.0,4342.0,739.0,731.0,567.0,528.0,512.0,545.0,720.0,33.364338,126.3552026
새빌,제주특별자치도 제주시 애월읍 평화로 1529 ,음식점,음식,음식점,카페/전통찻집,652.0,1.0,66.0,13.0,12.0,9.0,7.0,8.0,10.0,7.0,33.3630985,126.3637295
생각하는정원,제주특별자치도 제주시 한경면 녹차분재로 675 ,쇼핑,쇼핑,쇼핑,사후면세점,4446.0,1.0,416.0,78.0,68.0,66.0,61.0,47.0,45.0,51.0,33.3256175,126.2554228
생원전복,제주특별자치도 서귀포시 안덕면 산방로 7 ,음식점,음식,음식점,한식,282.0,1.0,24.0,2.0,6.0,2.0,3.0,3.0,1.0,7.0,33.2458578,126.3306689
샤오츠,제주특별자치도 서귀포시 성산등용로17번길 55 제주 성산 리치유 클래시아 상가 102호,음식점,음식,음식점,중식,224.0,1.0,30.0,3.0,6.0,5.0,5.0,2.0,5.0,4.0,33.4604576,126.9296608
샤이니숲길,제주특별자치도 제주시 조천읍 교래리 719-10,관광지,자연,자연관광지,산,2174.0,1.0,213.0,39.0,31.0,38.0,20.0,21.0,24.0,40.0,33.4180631,126.6534847
서건도,제주특별자치도 서귀포시 강정동 ,관광지,자연,자연관광지,섬,2003.0,1.0,150.0,24.0,24.0,25.0,19.0,14.0,25.0,19.0,33.2300776,126.4984926
서귀다원,제주특별자치도 서귀포시 516로 717 (상효동),관광지,인문(문화/예술/역사),산업관광지,기타,4111.0,1.0,641.0,128.0,96.0,68.0,71.0,91.0,82.0,105.0,33.3211576,126.5716701
서귀본향당,제주특별자치도 서귀포시 이중섭로 23-11 (서귀동),관광지,인문(문화/예술/역사),역사관광지,유적지/사적지,783.0,1.0,60.0,11.0,13.0,6.0,9.0,5.0,4.0,12.0,33.2461722,126.5647482
서귀포귤림성,제주특별자치도 서귀포시 일주동로 8941 ,숙박,숙박,숙박시설,펜션,352.0,1.0,48.0,13.0,8.0,8.0,3.0,3.0,3.0,10.0,33.2505771,126.5363941
서귀포치유의숲,제주특별자치도 서귀포시 산록남로 2271 (호근동),관광지,인문(문화/예술/역사),휴양관광지,헬스투어,11271.0,1.0,502.0,78.0,87.0,73.0,50.0,71.0,56.0,87.0,33.3025489,126.5245747
서귀포KAL호텔,제주특별자치도 서귀포시 칠십리로 242 ,숙박,숙박,숙박시설,관광호텔,866.0,1.0,91.0,11.0,19.0,14.0,9.0,12.0,14.0,12.0,33.2462908,126.5813639
서귀포매일올레시장,제주특별자치도 서귀포시 중앙로62번길 18 ,쇼핑,쇼핑,쇼핑,상설시장,15106.0,1.0,1066.0,177.0,176.0,132.0,127.0,123.0,127.0,204.0,33.2501737,126.5634281
서귀포시립기당미술관,제주특별자치도 서귀포시 남성중로153번길 15 ,문화시설,인문(문화/예술/역사),문화시설,미술관/화랑,1077.0,1.0,99.0,14.0,18.0,18.0,16.0,12.0,9.0,12.0,33.2446073,126.5517635
서귀포예술의전당,제주특별자치도 서귀포시 태평로 270 (서홍동) ,문화시설,인문(문화/예술/역사),문화시설,공연장,6869.0,1.0,771.0,122.0,160.0,160.0,89.0,84.0,67.0,89.0,33.2462166,126.550832
서귀포자연휴양림,제주특별자치도 서귀포시 1100로 882 ,관광지,자연,자연관광지,자연휴양림,2851.0,1.0,119.0,25.0,24.0,6.0,15.0,17.0,14.0,18.0,33.3107796,126.4597767
서귀포잠수함,제주특별자치도 서귀포시 남성중로 40 ,관광지,인문(문화/예술/역사),휴양관광지,유람선/잠수함관광,1510.0,1.0,496.0,89.0,79.0,68.0,59.0,72.0,54.0,75.0,,
서귀포천문과학문화관,제주특별자치도 서귀포시 1100로 506-1 천문과학문화관 ,문화시설,인문(문화/예술/역사),문화시설,전시관,2235.0,1.0,297.0,63.0,54.0,39.0,34.0,39.0,35.0,33.0,33.2879365,126.4613039
서귀포칠십리시공원,제주특별자치도 서귀포시 현청로 41-19 ,관광지,자연,자연관광지,수목원,3056.0,1.0,287.0,63.0,42.0,37.0,44.0,35.0,22.0,44.0,33.2461424,126.5536944
서귀포항,제주특별자치도 서귀포시 칠십리로72번길 14 (서귀동),관광지,자연,자연관광지,항구/포구,2308.0,1.0,251.0,55.0,38.0,25.0,45.0,30.0,25.0,33.0,33.2382947,126.5668633
서귀포해안,제주특별자치도 서귀포시 남성로128번길 13 (서홍동) ,관광지,자연,자연관광지,해안절경,444.0,1.0,49.0,9.0,8.0,4.0,7.0,8.0,4.0,9.0,33.2857414,126.51819
서귀피안베이커리,제주특별자치도 서귀포시 신양로122번길 17 ,음식점,음식,음식점,카페/전통찻집,1076.0,1.0,56.0,7.0,10.0,9.0,3.0,6.0,10.0,11.0,33.4353401,126.921809
서문공설시장,제주특별자치도 제주시 서문로4길 13-2 ,쇼핑,쇼핑,쇼핑,상설시장,846.0,1.0,96.0,15.0,16.0,17.0,13.0,13.0,9.0,13.0,33.51136470000001,126.5179247
서복전시관,제주특별자치도 서귀포시 칠십리로 156-8 (서귀동),문화시설,인문(문화/예술/역사),문화시설,전시관,2202.0,1.0,101.0,21.0,14.0,13.0,9.0,13.0,11.0,20.0,33.2447048,126.5709423
서프라이즈테마파크,제주특별자치도 제주시 조천읍 남조로 2243 ,관광지,인문(문화/예술/역사),휴양관광지,테마공원,1994.0,1.0,183.0,32.0,25.0,29.0,33.0,20.0,20.0,24.0,33.4651605,126.6592588
서홍정원,제주특별자치도 서귀포시 솜반천로55번길 12-8 ,음식점,음식,음식점,카페/전통찻집,254.0,1.0,39.0,8.0,7.0,3.0,10.0,1.0,5.0,5.0,33.252591,126.5544564
선운정사,제주특별자치도 제주시 애월읍 구몰동길 65 ,관광지,인문(문화/예술/역사),역사관광지,사찰,2945.0,1.0,300.0,43.0,46.0,50.0,39.0,37.0,34.0,51.0,33.4293512,126.3070877
선흘곶,제주특별자치도 제주시 조천읍 동백로 102 ,음식점,음식,음식점,한식,292.0,1.0,34.0,7.0,7.0,6.0,5.0,2.0,2.0,5.0,33.5084437,126.7177644
섬소나이,제주특별자치도 제주시 우도해안길 814 ,음식점,음식,음식점,중식,628.0,1.0,50.0,12.0,7.0,6.0,6.0,6.0,3.0,10.0,33.5132549,126.9575025
섭지코지,제주특별자치도 서귀포시 성산읍 섭지코지로 107 ,관광지,자연,자연관광지,해안절경,37459.0,1.0,3082.0,568.0,562.0,383.0,428.0,358.0,315.0,468.0,33.4300919,126.9272996
섭지코지로,제주특별자치도 서귀포시 성산읍 섭지코지로 43 ,음식점,음식,음식점,한식,395.0,1.0,30.0,4.0,3.0,3.0,3.0,7.0,4.0,6.0,33.473925,126.9014769
섯알오름,제주특별자치도 서귀포시 대정읍 상모리 1618 ,관광지,자연,자연관광지,산,1894.0,1.0,185.0,35.0,25.0,39.0,21.0,33.0,13.0,19.0,33.2041823,126.281552
성김대건신부표착기념관,제주특별자치도 제주시 한경면 용수1길 108 ,문화시설,인문(문화/예술/역사),역사관광지,종교성지,1418.0,1.0,112.0,20.0,16.0,9.0,21.0,12.0,8.0,26.0,33.322643,126.167682
성미가든,제주특별자치도 제주시 조천읍 교래1길 2 ,음식점,음식,음식점,한식,436.0,1.0,38.0,9.0,5.0,6.0,5.0,6.0,4.0,3.0,33.4376443,126.6769002
성불오름,제주특별자치도 제주시 구좌읍 중산간동로 2532 ,관광지,자연,자연관광지,산,835.0,1.0,109.0,27.0,16.0,9.0,12.0,13.0,14.0,18.0,33.459495,126.8089765
성산일출봉,제주특별자치도 서귀포시 성산읍 일출로 284-12 ,관광지,자연,자연관광지,산,92012.0,1.0,7101.0,1214.0,1173.0,917.0,837.0,781.0,809.0,1370.0,,
성산해오름식당,제주특별자치도 서귀포시 성산읍 일출로 260 ,음식점,음식,음식점,한식,741.0,1.0,50.0,12.0,13.0,7.0,4.0,4.0,3.0,7.0,33.4610918,126.9335305
성산흑돼지두루치기,제주특별자치도 서귀포시 한도로 255 ,음식점,음식,음식점,한식,497.0,1.0,58.0,5.0,12.0,4.0,7.0,9.0,8.0,13.0,33.4661517,126.9347499
성읍녹차마을,제주특별자치도 서귀포시 중산간동로 4778 녹차가공공장 ,관광지,인문(문화/예술/역사),체험관광지,농.산.어촌 체험,1271.0,1.0,140.0,27.0,18.0,20.0,14.0,21.0,21.0,19.0,33.3810103,126.7901958
성읍랜드,제주특별자치도 서귀포시 표선면 번영로 2650 ,관광지,인문(문화/예술/역사),휴양관광지,테마공원,1912.0,1.0,216.0,36.0,35.0,27.0,36.0,23.0,26.0,33.0,33.398978,126.7869638
성읍민속마을,제주특별자치도 서귀포시 표선면 성읍정의현로 19 ,관광지,인문(문화/예술/역사),역사관광지,민속마을,8542.0,1.0,527.0,102.0,82.0,77.0,73.0,71.0,49.0,73.0,33.3844862,126.8003558
성읍승마장,제주특별자치도 서귀포시 표선면 번영로 2650 ,레포츠,레포츠,육상 레포츠,승마,714.0,1.0,69.0,10.0,21.0,6.0,5.0,12.0,8.0,7.0,33.398978,126.7869638
성읍칠십리식당,제주특별자치도 서귀포시 표선면 성읍정의현로 74 ,음식점,음식,음식점,한식,468.0,1.0,42.0,13.0,2.0,6.0,6.0,5.0,4.0,6.0,33.3892742,126.8011817
성이시돌목장,제주특별자치도 제주시 한림읍 산록남로 53 ,관광지,인문(문화/예술/역사),체험관광지,농.산.어촌 체험,11292.0,1.0,679.0,137.0,92.0,106.0,83.0,71.0,80.0,110.0,33.3459727,126.3215552
세계술박물관,제주특별자치도 서귀포시 표선면 한마음초등로 431 ,문화시설,인문(문화/예술/역사),문화시설,박물관,782.0,1.0,92.0,19.0,11.0,13.0,18.0,8.0,11.0,12.0,33.3539492,126.8176627
세계자동차&피아노박물관,제주특별자치도 서귀포시 안덕면 중산간서로 1610 ,문화시설,인문(문화/예술/역사),문화시설,박물관,2649.0,1.0,258.0,53.0,46.0,33.0,27.0,30.0,23.0,46.0,,
세계조가비박물관,제주특별자치도 서귀포시 태평로 284 ,문화시설,인문(문화/예술/역사),문화시설,박물관,832.0,1.0,94.0,7.0,19.0,11.0,19.0,12.0,7.0,19.0,33.2475382,126.5516833
세화해변,제주특별자치도 제주시 구좌읍 세화길 (구좌읍),관광지,자연,자연관광지,해수욕장,11079.0,1.0,965.0,179.0,150.0,123.0,119.0,126.0,120.0,148.0,33.5233947,126.8622722
소남머리,제주특별자치도 서귀포시 칠십리로 145 (서귀동) ,관광지,자연,자연관광지,해안절경,535.0,1.0,40.0,7.0,6.0,4.0,8.0,6.0,4.0,5.0,33.2443044,126.5690477
소노벨제주,제주특별자치도 제주시 신북로 577 대명리조트 ,숙박,숙박,숙박시설,콘도미니엄,805.0,1.0,226.0,29.0,42.0,44.0,45.0,27.0,11.0,28.0,33.541054,126.6719242
소노캄제주,제주특별자치도 서귀포시 표선면 일주동로 6347-17 ,숙박,인문(문화/예술/역사),휴양관광지,관광단지,1885.0,1.0,301.0,52.0,70.0,40.0,33.0,41.0,30.0,35.0,33.3050378,126.7919081
소라횟집,제주특별자치도 제주시 구좌읍 해맞이해안로 1240-3 ,음식점,음식,음식점,한식,426.0,1.0,28.0,5.0,4.0,3.0,3.0,2.0,5.0,6.0,33.5290971,126.8463777
소랑호젠,제주특별자치도 서귀포시 남원읍 태위로 545 ,숙박,숙박,숙박시설,펜션,417.0,1.0,42.0,10.0,4.0,7.0,4.0,2.0,6.0,9.0,33.2757478,126.7053958
소심한책방,제주특별자치도 제주시 구좌읍 종달동길 29-6 (구좌읍),쇼핑,인문(문화/예술/역사),문화시설,대형서점,669.0,1.0,64.0,14.0,9.0,9.0,9.0,3.0,9.0,11.0,33.4914823,126.9030815
소인국테마파크,제주특별자치도 서귀포시 안덕면 중산간서로 1878 ,관광지,인문(문화/예술/역사),휴양관광지,테마공원,3988.0,1.0,431.0,85.0,60.0,59.0,60.0,65.0,46.0,56.0,33.2903957,126.3226207
소정방폭포,제주특별자치도 서귀포시 칠십리로214번길 17-17 (동홍동) ,관광지,자연,자연관광지,폭포,1705.0,1.0,90.0,14.0,12.0,14.0,11.0,17.0,9.0,13.0,33.2451289,126.5768275
소천지,제주특별자치도 서귀포시 보목동 1400 (보목동),관광지,자연,자연관광지,해안절경,4918.0,1.0,363.0,68.0,55.0,48.0,45.0,54.0,35.0,58.0,33.2417541,126.6027128
손맛촌,제주특별자치도 제주시 조천읍 비자림로 661 ,음식점,음식,음식점,한식,290.0,1.0,29.0,7.0,4.0,2.0,7.0,4.0,2.0,3.0,33.4372651,126.6774482
손지오름,제주특별자치도 제주시 구좌읍 종달리 산 52,관광지,자연,자연관광지,산,913.0,1.0,75.0,14.0,9.0,13.0,10.0,14.0,8.0,7.0,33.4561423,126.8188084
솔동산고기국수,제주특별자치도 서귀포시 부두로 23 유림갈비 ,음식점,음식,음식점,한식,197.0,1.0,33.0,4.0,10.0,3.0,3.0,5.0,2.0,6.0,33.2429797,126.5652584
송당나무,제주특별자치도 제주시 구좌읍 송당5길 68-140 ,음식점,음식,음식점,카페/전통찻집,612.0,1.0,90.0,11.0,14.0,12.0,14.0,12.0,12.0,15.0,33.4769712,126.7890647
송당승마장,제주특별자치도 제주시 구좌읍 번영로 2015 ,레포츠,레포츠,육상 레포츠,승마,2610.0,1.0,344.0,62.0,60.0,48.0,48.0,41.0,30.0,55.0,33.4362132,126.7378524
송악산,제주특별자치도 서귀포시 대정읍 송악관광로 (상모리),관광지,자연,자연관광지,산,9965.0,1.0,1078.0,188.0,184.0,148.0,147.0,136.0,92.0,183.0,33.2077419,126.2909048
송악산진지동굴,제주특별자치도 서귀포시 대정읍 상모리 238 ,관광지,자연,자연관광지,동굴,2483.0,1.0,208.0,34.0,43.0,24.0,35.0,24.0,17.0,31.0,,
송악산둘레길,제주특별자치도 서귀포시 대정읍 상모리 245,관광지,레포츠,육상 레포츠,트래킹,18146.0,1.0,149.0,28.0,26.0,19.0,26.0,18.0,10.0,22.0,33.2077419,126.2909048
송악카트체험장,제주특별자치도 서귀포시 대정읍 송악관광로 404 ,레포츠,레포츠,육상 레포츠,카트,540.0,1.0,54.0,15.0,6.0,5.0,8.0,9.0,2.0,9.0,33.2085318,126.2894054
쇠소깍,제주특별자치도 서귀포시 쇠소깍로 128 (하효동),관광지,자연,자연관광지,계곡,38097.0,1.0,3381.0,613.0,642.0,452.0,379.0,402.0,380.0,513.0,33.2522494,126.6230068
쇠와꽃승마장,제주특별자치도 서귀포시 성산읍 섭지코지로25번길 88-17 ,레포츠,레포츠,육상 레포츠,승마,1147.0,1.0,127.0,16.0,26.0,21.0,17.0,9.0,18.0,20.0,,
수다뜰,제주특별자치도 제주시 명림로 164 ,음식점,음식,음식점,한식,259.0,1.0,22.0,4.0,3.0,2.0,3.0,1.0,5.0,4.0,33.4918919,126.8931112
수목원테마파크,제주특별자치도 제주시 은수길 69 ,관광지,인문(문화/예술/역사),휴양관광지,테마공원,3236.0,1.0,285.0,43.0,57.0,44.0,34.0,32.0,33.0,42.0,33.4705937,126.4883601
수악,제주특별자치도 서귀포시 남원읍 516로 1042 ,관광지,자연,자연관광지,산,641.0,1.0,65.0,13.0,8.0,7.0,10.0,8.0,8.0,11.0,,
수애기베이커리,제주특별자치도 서귀포시 동일하모로98번길 48-59 ,음식점,음식,음식점,카페/전통찻집,312.0,1.0,29.0,9.0,4.0,3.0,3.0,4.0,2.0,4.0,33.2222745,126.2442216
수월봉,제주특별자치도 제주시 한경면 고산리 3760 ,관광지,자연,자연관광지,산,12795.0,1.0,1046.0,206.0,188.0,133.0,147.0,122.0,114.0,136.0,33.29476640000001,126.1634255
순두부엔짬뽕,제주특별자치도 제주시 통물길 30 ,음식점,음식,음식점,한식,330.0,1.0,45.0,9.0,7.0,5.0,7.0,7.0,5.0,5.0,33.4894428,126.4347767
순례자의교회,제주특별자치도 제주시 한경면 일주서로 3960-24 ,관광지,인문(문화/예술/역사),역사관광지,종교성지,2494.0,1.0,271.0,47.0,44.0,25.0,40.0,28.0,32.0,55.0,33.3198062,126.1805485
순옥이네명가,제주특별자치도 제주시 도공로 8 ,음식점,음식,음식점,한식,2476.0,1.0,230.0,53.0,47.0,28.0,26.0,29.0,20.0,27.0,,
술다끄는집,제주특별자치도 서귀포시 성읍정의현로56번길 5 ,문화시설,인문(문화/예술/역사),체험관광지,이색체험,299.0,1.0,25.0,7.0,3.0,6.0,2.0,5.0,0.0,2.0,,
술도가제주바당,제주특별자치도 제주시 구좌읍 한동로 27 1층,음식점,음식,음식점,한식,631.0,1.0,80.0,12.0,12.0,14.0,8.0,14.0,3.0,17.0,33.4934462,126.8991145
쉬리의언덕,제주특별자치도 서귀포시 색달동 3093-1,관광지,자연,자연관광지,자연생태관광지,1722.0,1.0,167.0,29.0,19.0,20.0,30.0,14.0,23.0,32.0,33.245437,126.405584
스누피가든,제주특별자치도 제주시 구좌읍 금백조로 930 스누피 공원,관광지,인문(문화/예술/역사),휴양관광지,테마공원,4482.0,1.0,368.0,71.0,71.0,51.0,51.0,40.0,35.0,49.0,33.4435555,126.7785412
스모크하우스인구억,제주특별자치도 서귀포시 보성구억로 223 ,음식점,음식,음식점,서양식,264.0,1.0,33.0,7.0,7.0,4.0,2.0,4.0,4.0,5.0,33.2707898,126.2783557
스카이온파이브다이닝,제주특별자치도 서귀포시 안덕면 신화역사로304번길 38 ,음식점,음식,음식점,이색음식점,1118.0,1.0,135.0,30.0,20.0,15.0,21.0,23.0,11.0,15.0,,
스타빌,제주특별자치도 서귀포시 광평로 34-154 ,레포츠,레포츠,육상 레포츠,"야영장,오토캠핑장",910.0,1.0,101.0,16.0,22.0,13.0,17.0,10.0,8.0,15.0,33.3394896,126.3947221
스테이위드커피,제주특별자치도 제주시 해안마을5길 29 ,음식점,음식,음식점,카페/전통찻집,274.0,1.0,34.0,7.0,8.0,0.0,6.0,4.0,2.0,7.0,33.4582363,126.4557217
스팅그레이,제주특별자치도 제주시 대한로 860-41 ,음식점,음식,음식점,카페/전통찻집,261.0,1.0,31.0,5.0,4.0,6.0,4.0,3.0,2.0,7.0,33.3039144,126.2474825
슬슬슬로우,제주특별자치도 제주시 구좌읍 덕행로 207 ,음식점,음식,음식점,한식,33.0,1.0,33.0,5.0,6.0,5.0,6.0,6.0,3.0,2.0,33.5561212,126.8067803
시골길,제주특별자치도 제주시 연동13길 9 ,음식점,음식,음식점,한식,228.0,1.0,33.0,7.0,4.0,6.0,2.0,3.0,5.0,6.0,33.4888634,126.4947318
시스터필드,제주특별자치도 서귀포시 월드컵로 8 ,음식점,음식,음식점,카페/전통찻집,266.0,1.0,36.0,9.0,6.0,2.0,5.0,4.0,2.0,8.0,33.2490866,126.506951
신도포구,제주특별자치도 서귀포시 대정읍 신도리 3046-2 ,관광지,자연,자연관광지,항구/포구,569.0,1.0,48.0,16.0,9.0,3.0,4.0,6.0,1.0,9.0,33.2832753,126.1916943
신라스테이제주,제주특별자치도 제주시 노연로 100 ,숙박,숙박,숙박시설,관광호텔,638.0,1.0,62.0,11.0,13.0,8.0,12.0,7.0,6.0,5.0,,
신비의도로,제주특별자치도 제주시 노형동 ,관광지,인문(문화/예술/역사),체험관광지,이색체험,4799.0,1.0,425.0,85.0,71.0,54.0,38.0,62.0,46.0,69.0,33.4511084,126.4872373
신산공원,제주특별자치도 제주시 신산로 92-12 (일도이동),관광지,인문(문화/예술/역사),휴양관광지,공원,1336.0,1.0,81.0,14.0,18.0,9.0,11.0,11.0,6.0,12.0,33.505296,126.5336622
신설오름,제주특별자치도 제주시 고마로17길 2 (일도이동),음식점,음식,음식점,한식,844.0,1.0,111.0,15.0,16.0,15.0,23.0,14.0,15.0,13.0,33.5054457,126.5415639
신양섭지해수욕장,제주특별자치도 서귀포시 성산읍 섭지코지로 107 ,관광지,자연,자연관광지,해수욕장,2736.0,1.0,141.0,27.0,18.0,21.0,15.0,15.0,24.0,21.0,33.4300919,126.9272996
신의한모,제주특별자치도 제주시 하귀14길 11-1 ,음식점,음식,음식점,한식,325.0,1.0,29.0,3.0,6.0,5.0,3.0,1.0,5.0,6.0,33.4854767,126.4080059
신창풍차해안도로,제주특별자치도 제주시 한경면 신창리 1322-1 ,관광지,자연,자연관광지,자연생태관광지,8862.0,1.0,625.0,107.0,116.0,92.0,90.0,75.0,62.0,83.0,33.3434277,126.1739088
신천리벽화마을,제주특별자치도 서귀포시 성산읍 신천리 478-1,관광지,인문(문화/예술/역사),체험관광지,이색체험,757.0,1.0,101.0,11.0,24.0,14.0,13.0,16.0,9.0,14.0,,
신풍리밭담길,제주특별자치도 서귀포시 성산읍 신풍하동로 39 ,레포츠,인문(문화/예술/역사),체험관광지,이색거리,745.0,1.0,86.0,21.0,14.0,11.0,7.0,13.0,7.0,13.0,,
신화워터파크,제주특별자치도 서귀포시 신화역사로304번길 38 ,관광지,인문(문화/예술/역사),산업관광지,기타,2330.0,1.0,154.0,27.0,29.0,15.0,16.0,24.0,19.0,24.0,33.3071802,126.3174379
신화테마파크,제주특별자치도 서귀포시 안덕면 신화역사로304번길 98 ,관광지,인문(문화/예술/역사),산업관광지,기타,3802.0,1.0,395.0,76.0,85.0,59.0,46.0,35.0,41.0,53.0,33.3060039,126.3118145
심바카레,제주특별자치도 제주시 애월읍 애월로 87-16 ,음식점,음식,음식점,일식,238.0,1.0,29.0,7.0,4.0,1.0,5.0,2.0,2.0,8.0,33.4482913,126.302271
싱계물공원,제주특별자치도 제주시 한경면 신창리 1322-1 ,관광지,자연,자연관광지,자연생태관광지,4067.0,1.0,253.0,48.0,43.0,33.0,21.0,37.0,25.0,46.0,,
쌍둥이횟집본점,제주특별자치도 서귀포시 중정로62번길 14 (서귀동),음식점,음식,음식점,한식,630.0,1.0,69.0,8.0,14.0,12.0,9.0,6.0,5.0,15.0,33.2466261,126.5629534
쌍용굴,제주특별자치도 제주시 한림읍 한림로 300 ,관광지,자연,자연관광지,동굴,1406.0,1.0,97.0,23.0,8.0,15.0,14.0,12.0,7.0,18.0,,
썬셋클리프,제주특별자치도 제주시 애월로1길 19-8 ,음식점,음식,음식점,카페/전통찻집,224.0,1.0,21.0,6.0,5.0,1.0,5.0,2.0,1.0,1.0,33.461839,126.3107057
씨리얼,제주특별자치도 제주시 한림읍 명랑로 26 ,음식점,음식,음식점,카페/전통찻집,146.0,1.0,21.0,6.0,4.0,1.0,1.0,4.0,3.0,2.0,33.4143257,126.2674268
씨오르리조트,제주특별자치도 서귀포시 이어도로 989 ,숙박,인문(문화/예술/역사),휴양관광지,관광단지,393.0,1.0,38.0,3.0,7.0,5.0,5.0,6.0,4.0,8.0,33.2423556,126.518405
아끈다랑쉬,제주특별자치도 제주시 구좌읍 세화리 2593 ,관광지,자연,자연관광지,산,1979.0,1.0,213.0,37.0,30.0,19.0,36.0,41.0,24.0,26.0,33.4754137,126.8302981
아날로그감귤밭,제주특별자치도 제주시 해안마을8길 46 (해안동),관광지,인문(문화/예술/역사),체험관광지,농.산.어촌 체험,2457.0,1.0,314.0,62.0,47.0,51.0,44.0,35.0,24.0,51.0,33.455681,126.4509292
아뜰리에안,제주특별자치도 서귀포시 막숙포로 166 ,음식점,음식,음식점,카페/전통찻집,152.0,1.0,18.0,4.0,3.0,0.0,3.0,2.0,2.0,4.0,33.2315085,126.5060228
아라리오뮤지엄동문모텔2,제주특별자치도 제주시 산지로 23 ,문화시설,인문(문화/예술/역사),문화시설,미술관/화랑,445.0,1.0,46.0,6.0,9.0,2.0,3.0,11.0,6.0,9.0,33.5149589,126.5293687
아라리오뮤지엄탑동시네마,제주특별자치도 제주시 탑동로 14 ,문화시설,인문(문화/예술/역사),문화시설,미술관/화랑,1003.0,1.0,97.0,19.0,13.0,12.0,9.0,9.0,10.0,25.0,33.5120406,126.5215055
아름다운리조트,제주특별자치도 서귀포시 성산읍 해맞이해안로 2644 ,숙박,숙박,숙박시설,콘도미니엄,422.0,1.0,46.0,6.0,16.0,6.0,6.0,6.0,1.0,5.0,33.4752576,126.9101107
아리,제주특별자치도 서귀포시 홍중로 99 1층,음식점,음식,음식점,일식,208.0,1.0,42.0,6.0,5.0,7.0,7.0,4.0,1.0,12.0,,
아부오름,제주특별자치도 제주시 구좌읍 금백조로 (구좌읍),관광지,자연,자연관광지,산,9135.0,1.0,1011.0,164.0,170.0,143.0,138.0,119.0,121.0,156.0,33.4476259,126.7772967
아서원,제주특별자치도 서귀포시 일주동로 8143 (하효동),음식점,음식,음식점,중식,41.0,1.0,41.0,9.0,4.0,3.0,9.0,6.0,4.0,6.0,33.2603709,126.6172788
아일랜드팩토리풍류,제주특별자치도 제주시 관덕로8길 31 ,음식점,음식,음식점,카페/전통찻집,244.0,1.0,43.0,10.0,9.0,7.0,4.0,6.0,2.0,5.0,,
아줄레주,제주특별자치도 서귀포시 신풍하동로19번길 59 ,음식점,음식,음식점,카페/전통찻집,355.0,1.0,48.0,9.0,9.0,5.0,7.0,4.0,3.0,11.0,33.3668229,126.8391408
아침미소목장,제주특별자치도 제주시 첨단동길 160-20 (월평동),관광지,인문(문화/예술/역사),산업관광지,기타,2825.0,1.0,270.0,58.0,49.0,38.0,34.0,29.0,17.0,45.0,33.4544337,126.5864979
아침의향기,제주특별자치도 서귀포시 색달중앙로 122 ,숙박,숙박,숙박시설,펜션,244.0,1.0,28.0,4.0,3.0,2.0,5.0,4.0,5.0,5.0,33.2656267,126.4143812
아쿠아플라넷제주,제주특별자치도 서귀포시 성산읍 섭지코지로 95 ,문화시설,인문(문화/예술/역사),휴양관광지,테마공원,14454.0,1.0,912.0,153.0,176.0,122.0,113.0,118.0,83.0,147.0,,
아프리카박물관,제주특별자치도 서귀포시 이어도로 49 (대포동),문화시설,인문(문화/예술/역사),문화시설,박물관,1902.0,1.0,232.0,37.0,47.0,31.0,32.0,25.0,27.0,33.0,33.2398593,126.4290352
안거리밖거리,제주특별자치도 서귀포시 솔동산로 6-1 ,음식점,음식,음식점,한식,606.0,1.0,66.0,12.0,9.0,6.0,11.0,9.0,9.0,10.0,33.2442829,126.5641032
안덕계곡,제주특별자치도 서귀포시 안덕면 일주서로 1524 ,관광지,자연,자연관광지,계곡,4621.0,1.0,292.0,51.0,30.0,53.0,35.0,38.0,31.0,54.0,33.258442,126.3529777
안돌오름,제주특별자치도 제주시 구좌읍 송당리 산 66-2 ,관광지,자연,자연관광지,산,3390.0,1.0,259.0,47.0,41.0,32.0,41.0,35.0,28.0,35.0,33.4572421,126.7561096
알프스승마장포니,제주특별자치도 서귀포시 표선면 서성일로 73 ,레포츠,레포츠,육상 레포츠,승마,549.0,1.0,82.0,20.0,14.0,8.0,7.0,17.0,6.0,10.0,33.3982708,126.8021819
앙뚜아네트용담점,제주특별자치도 제주시 서해안로 671 ,음식점,음식,음식점,카페/전통찻집,161.0,1.0,18.0,1.0,4.0,2.0,1.0,3.0,1.0,6.0,,
앞뱅디식당,제주특별자치도 제주시 선덕로 26 ,음식점,음식,음식점,한식,603.0,1.0,63.0,7.0,11.0,7.0,9.0,11.0,9.0,9.0,33.4853905,126.4999422
애월우니담,제주특별자치도 제주시 고내로13길 107 2층,음식점,음식,음식점,한식,323.0,1.0,36.0,10.0,2.0,4.0,5.0,5.0,5.0,5.0,,
애월더선셋,제주특별자치도 제주시 일주서로 6111 ,음식점,음식,음식점,카페/전통찻집,1163.0,1.0,131.0,26.0,22.0,19.0,16.0,11.0,17.0,20.0,33.4560301,126.308844
애월빵공장앤카페,제주특별자치도 제주시 애월읍 금성5길 42-15 ,음식점,음식,음식점,카페/전통찻집,409.0,1.0,66.0,8.0,18.0,12.0,5.0,7.0,6.0,10.0,33.4482659,126.3016534
야자수식당,제주특별자치도 제주시 한림읍 한림로 300 ,음식점,음식,음식점,한식,329.0,1.0,47.0,6.0,10.0,5.0,2.0,10.0,3.0,11.0,,
야크마을,제주특별자치도 서귀포시 색달중앙로 162 ,숙박,숙박,숙박시설,콘도미니엄,1558.0,1.0,145.0,34.0,25.0,17.0,17.0,26.0,8.0,18.0,33.2685348,126.4165519
약천사,제주특별자치도 서귀포시 이어도로 293-28 (대포동),관광지,인문(문화/예술/역사),역사관광지,사찰,4177.0,1.0,387.0,71.0,60.0,46.0,50.0,39.0,54.0,67.0,33.2461046,126.4495188
양가형제,제주특별자치도 제주시 청수동8길 3 ,음식점,음식,음식점,서양식,1204.0,1.0,147.0,31.0,23.0,18.0,23.0,25.0,16.0,11.0,33.3073191,126.2539604
어머니닭집,제주특별자치도 서귀포시 고성오조로 13 어머니밥집 ,음식점,음식,음식점,한식,262.0,1.0,32.0,7.0,3.0,1.0,11.0,3.0,4.0,3.0,33.4452792,126.9134015
어머니의뜻을담다단지,제주특별자치도 제주시 하귀2길 66 1층,음식점,음식,음식점,한식,491.0,1.0,29.0,7.0,5.0,3.0,7.0,1.0,2.0,4.0,,
어승생,제주특별자치도 제주시 해안동 산220-12 (일대),관광지,자연,자연관광지,산,6592.0,1.0,593.0,104.0,88.0,63.0,95.0,74.0,60.0,109.0,33.4569871,126.4586514
어영공원,제주특별자치도 제주시 서해안로 451 (용담삼동) ,관광지,인문(문화/예술/역사),휴양관광지,공원,1250.0,1.0,113.0,19.0,22.0,17.0,8.0,16.0,13.0,18.0,33.5177971,126.4877926
어우늘,제주특별자치도 제주시 연북로 222 ,음식점,음식,음식점,한식,409.0,1.0,41.0,8.0,4.0,3.0,10.0,5.0,2.0,9.0,33.4811504,126.5050546
엉덩물계곡,제주특별자치도 서귀포시 중문관광로 192 (중문동),관광지,자연,자연관광지,계곡,5162.0,1.0,346.0,69.0,45.0,52.0,58.0,30.0,45.0,47.0,33.2473317,126.4180777
엉또폭포,제주특별자치도 서귀포시 엉또로 104 (강정동) ,관광지,자연,자연관광지,폭포,4123.0,1.0,327.0,51.0,24.0,31.0,46.0,89.0,48.0,38.0,33.2604907,126.4948354
엉알해안,제주특별자치도 제주시 한경면 고산리 3671-1,관광지,자연,자연관광지,해안절경,1576.0,1.0,247.0,43.0,37.0,35.0,35.0,28.0,20.0,49.0,33.2988351,126.1686043
엉알해안산책로,제주특별자치도 제주시 한경면 노을해안로 1143 ,관광지,자연,자연관광지,해안절경,2032.0,1.0,177.0,39.0,24.0,24.0,27.0,27.0,15.0,21.0,33.3080027,126.164116
에버리스골프리조트,제주특별자치도 제주시 애월읍 평화로 1693-75 ,레포츠,레포츠,육상 레포츠,골프,440.0,1.0,47.0,13.0,8.0,4.0,6.0,10.0,1.0,5.0,,
에오마르,제주특별자치도 제주시 선사로8길 13-6 (삼양일동),음식점,음식,음식점,카페/전통찻집,268.0,1.0,23.0,4.0,6.0,1.0,2.0,5.0,1.0,4.0,33.5256798,126.586479
에코그린리조트,제주특별자치도 제주시 한림읍 귀덕6길 94 ,관광지,인문(문화/예술/역사),휴양관광지,관광단지,405.0,1.0,48.0,8.0,7.0,5.0,3.0,6.0,9.0,10.0,33.4357006,126.2915662
에코랜드테마파크,제주특별자치도 제주시 조천읍 번영로 1278-169 ,관광지,인문(문화/예술/역사),휴양관광지,테마공원,14927.0,1.0,1225.0,227.0,217.0,188.0,173.0,151.0,103.0,166.0,,
엠버리조트,제주특별자치도 제주시 1100로 2671-51 (노형동),숙박,숙박,숙박시설,게스트하우스,47.0,1.0,6.0,0.0,1.0,1.0,1.0,2.0,0.0,1.0,33.4236848,126.4889875
여미지식물원,제주특별자치도 서귀포시 중문관광로 93 (색달동),관광지,자연,자연관광지,수목원,11337.0,1.0,740.0,126.0,131.0,89.0,75.0,114.0,85.0,120.0,33.2531755,126.4149952
연대포구,제주특별자치도 제주시 연대마을길 34-10 (외도이동),관광지,자연,자연관광지,항구/포구,428.0,1.0,47.0,9.0,13.0,5.0,4.0,4.0,5.0,7.0,33.4933077,126.4287763
연미정,제주특별자치도 제주시 세평항로 14 ,음식점,음식,음식점,한식,451.0,1.0,45.0,10.0,9.0,10.0,7.0,1.0,2.0,6.0,33.5246567,126.853821
연북정,제주특별자치도 제주시 조천읍 조천리 ,관광지,인문(문화/예술/역사),역사관광지,유적지/사적지,927.0,1.0,78.0,14.0,8.0,14.0,10.0,14.0,8.0,10.0,33.5401964,126.6359829
연정식당,제주특별자치도 제주시 신광로10길 29 ,음식점,음식,음식점,한식,322.0,1.0,36.0,6.0,5.0,5.0,4.0,6.0,1.0,9.0,33.4837868,126.4867686
연화못,제주특별자치도 제주시 애월읍 하가로 (애월읍),관광지,자연,자연관광지,호수,1051.0,1.0,85.0,10.0,25.0,9.0,11.0,13.0,6.0,11.0,33.4431446,126.3556046
연화키친,제주특별자치도 제주시 상가로 51 ,음식점,음식,음식점,한식,286.0,1.0,39.0,7.0,6.0,8.0,6.0,4.0,2.0,6.0,33.4489093,126.3439909
영주말가든,제주특별자치도 제주시 연북로 196 ,음식점,음식,음식점,한식,286.0,1.0,28.0,5.0,6.0,2.0,3.0,4.0,3.0,5.0,33.4812401,126.5019857
영주산,제주특별자치도 서귀포시 표선면 서성일로 73-51 ,관광지,자연,자연관광지,산,1314.0,1.0,138.0,22.0,20.0,18.0,10.0,20.0,16.0,32.0,33.3804615,126.7929855
예술공간이아,제주특별자치도 제주시 중앙로14길 21 ,문화시설,인문(문화/예술/역사),체험관광지,이색체험,571.0,1.0,49.0,9.0,10.0,6.0,5.0,8.0,3.0,8.0,,
예이츠산장,제주특별자치도 서귀포시 남원읍 516로 918 ,숙박,숙박,숙박시설,펜션,394.0,1.0,45.0,11.0,11.0,5.0,5.0,3.0,3.0,7.0,33.3253567,126.6009507
오는정김밥,제주특별자치도 서귀포시 동문동로 2 ,음식점,음식,음식점,한식,954.0,1.0,121.0,30.0,29.0,12.0,12.0,12.0,14.0,12.0,33.2496387,126.5676162
오드랑베이커리,제주특별자치도 제주시 조함해안로 552-3 ,음식점,음식,음식점,카페/전통찻집,331.0,1.0,43.0,5.0,8.0,5.0,7.0,4.0,1.0,13.0,33.5421498,126.6716084
오라디오라,제주특별자치도 서귀포시 사계로114번길 54-102 ,음식점,음식,음식점,카페/전통찻집,269.0,1.0,37.0,10.0,2.0,5.0,6.0,2.0,2.0,10.0,33.2351092,126.3081703
오라숲소리,제주특별자치도 제주시 오라로 80 ,음식점,음식,음식점,한식,598.0,1.0,75.0,12.0,14.0,10.0,9.0,14.0,7.0,9.0,33.4955216,126.5117879
오백나한,제주특별자치도 서귀포시 영실로 (하원동),관광지,자연,자연관광지,산,567.0,1.0,59.0,12.0,5.0,12.0,5.0,9.0,8.0,8.0,33.3331525,126.4761717
오설록티뮤지엄,제주특별자치도 서귀포시 안덕면 신화역사로 15 ,문화시설,인문(문화/예술/역사),문화시설,전시관,27291.0,1.0,1030.0,169.0,198.0,167.0,159.0,104.0,92.0,141.0,33.30601,126.2901309
오조포구,제주특별자치도 서귀포시 성산읍 오조로80번길 47 ,관광지,자연,자연관광지,항구/포구,1290.0,1.0,106.0,18.0,23.0,13.0,11.0,17.0,8.0,16.0,33.4605544,126.903981
오조해녀의집,제주특별자치도 서귀포시 성산읍 한도로 141-13 ,음식점,음식,음식점,한식,372.0,1.0,36.0,10.0,7.0,3.0,4.0,6.0,0.0,6.0,,
오현단,제주특별자치도 제주시 오현길 61 (이도일동),관광지,인문(문화/예술/역사),역사관광지,유적지/사적지,836.0,1.0,66.0,11.0,11.0,8.0,7.0,3.0,14.0,12.0,33.5104855,126.5257264
옥돔마을,제주특별자치도 서귀포시 남원읍 남태해안로 509 ,음식점,음식,음식점,한식,928.0,1.0,139.0,19.0,21.0,25.0,18.0,24.0,19.0,13.0,33.2865197,126.7505763
옥돔식당,제주특별자치도 서귀포시 대정읍 신영로36번길 62 ,음식점,음식,음식점,한식,621.0,1.0,82.0,14.0,8.0,8.0,14.0,12.0,15.0,11.0,33.2199721,126.2490267
온오프,제주특별자치도 제주시 우도면 우도해안길 876 ,음식점,음식,음식점,한식,218.0,1.0,14.0,2.0,3.0,2.0,3.0,1.0,2.0,1.0,33.5129245,126.9614204
올디벗구디,제주특별자치도 서귀포시 일주서로 330 ,음식점,음식,음식점,카페/전통찻집,164.0,1.0,21.0,5.0,3.0,0.0,3.0,3.0,2.0,5.0,33.2529389,126.4735483
올래국수,제주특별자치도 제주시 귀아랑길 24 ,음식점,음식,음식점,한식,2835.0,1.0,295.0,38.0,60.0,45.0,45.0,44.0,32.0,31.0,33.4915195,126.4972577
올티스,제주특별자치도 제주시 조천읍 거문오름길 (23-58) ,음식점,음식,음식점,카페/전통찻집,292.0,1.0,36.0,6.0,5.0,7.0,3.0,4.0,3.0,8.0,33.46311,126.7171488
옷귀마테마타운,제주특별자치도 서귀포시 남원읍 서성로 955-117 ,레포츠,레포츠,육상 레포츠,승마,921.0,1.0,101.0,12.0,18.0,11.0,17.0,11.0,16.0,16.0,33.31887750000001,126.6742738
옹포별장가든,제주특별자치도 제주시 한림읍 한림상로 24 ,음식점,음식,음식점,한식,314.0,1.0,42.0,10.0,9.0,3.0,3.0,5.0,3.0,9.0,33.4049801,126.2580119
와르다레스토랑,제주특별자치도 제주시 관덕로8길 24-1 단독,음식점,음식,음식점,서양식,326.0,1.0,23.0,2.0,3.0,3.0,2.0,5.0,3.0,5.0,,
와이리조트제주,제주특별자치도 서귀포시 안덕면 화순중앙로124번길 75 ,숙박,인문(문화/예술/역사),휴양관광지,관광단지,428.0,1.0,43.0,3.0,6.0,7.0,7.0,6.0,9.0,5.0,,
와토커피,제주특별자치도 서귀포시 동일하모로 238 ,음식점,음식,음식점,카페/전통찻집,293.0,1.0,34.0,4.0,5.0,6.0,4.0,5.0,4.0,6.0,33.2253845,126.2565579
왈종미술관,제주특별자치도 서귀포시 칠십리로214번길 30 (동홍동),문화시설,인문(문화/예술/역사),문화시설,미술관/화랑,1195.0,1.0,70.0,7.0,11.0,7.0,11.0,6.0,15.0,13.0,33.2452,126.5737004
왕이메오름,제주특별자치도 서귀포시 안덕면 광평리 산 79,관광지,자연,자연관광지,산,2261.0,1.0,217.0,46.0,39.0,26.0,23.0,28.0,24.0,31.0,33.3409904,126.3751964
외도339,제주특별자치도 제주시 일주서로 7345 ,음식점,음식,음식점,카페/전통찻집,334.0,1.0,42.0,8.0,8.0,5.0,4.0,6.0,5.0,6.0,33.4937115,126.4317309
외돌개,제주특별자치도 서귀포시 서흥동 791,관광지,자연,관광자원,기암괴석,8990.0,1.0,608.0,127.0,95.0,65.0,86.0,75.0,64.0,96.0,33.2400761,126.5456641
용꽈배기,제주특별자치도 제주시 수덕5길 85-7 ,음식점,음식,음식점,한식,186.0,1.0,30.0,7.0,2.0,3.0,2.0,7.0,3.0,6.0,33.4999308,126.5269289
용눈이오름,제주특별자치도 제주시 구좌읍 종달논길 ,관광지,자연,자연관광지,산,10449.0,1.0,652.0,120.0,104.0,82.0,88.0,94.0,57.0,107.0,33.4612401,126.8335548
용담레포츠공원,제주특별자치도 제주시 서해안로 580 (용담삼동) ,관광지,인문(문화/예술/역사),휴양관광지,공원,1821.0,1.0,140.0,31.0,26.0,22.0,19.0,10.0,16.0,16.0,33.518341,126.4989767
용두암,제주특별자치도 제주시 용두암길 (제주올레길17코스),관광지,자연,자연관광지,해안절경,16135.0,1.0,1269.0,228.0,207.0,184.0,157.0,154.0,130.0,209.0,33.5150353,126.5119671
용두암바당회국수,제주특별자치도 제주시 서해안로 614 ,음식점,음식,음식점,한식,357.0,1.0,37.0,7.0,4.0,7.0,4.0,6.0,4.0,5.0,,
용머리해안,제주특별자치도 서귀포시 안덕면 사계리 118-3 ,관광지,자연,자연관광지,해안절경,48526.0,1.0,2780.0,511.0,459.0,373.0,359.0,299.0,330.0,449.0,33.2383758,126.3026575
용수항,제주특별자치도 제주시 한경면 용수리 4234-4 ,관광지,자연,자연관광지,항구/포구,443.0,1.0,39.0,9.0,4.0,4.0,6.0,3.0,6.0,7.0,33.3238904,126.1799307
용연,제주특별자치도 제주시 용담일동 2581-4,관광지,자연,자연관광지,계곡,4859.0,1.0,449.0,75.0,73.0,89.0,60.0,54.0,32.0,66.0,33.5152142,126.5139637
용이식당,제주특별자치도 서귀포시 중앙로79번길 9 ,음식점,음식,음식점,한식,235.0,1.0,27.0,3.0,5.0,1.0,5.0,4.0,2.0,7.0,33.2509738,126.5603568
용출횟집,제주특별자치도 제주시 서해안로 660 ,음식점,음식,음식점,한식,130.0,1.0,25.0,11.0,4.0,2.0,1.0,1.0,0.0,6.0,33.5155305,126.5077952
우도등대,제주특별자치도 제주시 우도면 우도봉길 105 (우도면) 부근,관광지,자연,자연관광지,등대,1336.0,1.0,116.0,19.0,24.0,16.0,14.0,16.0,8.0,19.0,33.4928776,126.9654349
우도,제주특별자치도 제주시 삼양고수물길 1 ,관광지,자연,자연관광지,섬,75874.0,1.0,7362.0,1369.0,1289.0,964.0,860.0,804.0,831.0,1245.0,,
우도잠수함,제주특별자치도 서귀포시 성산읍 성산등용로 112-7 ,관광지,인문(문화/예술/역사),휴양관광지,유람선/잠수함관광,3184.0,1.0,299.0,55.0,60.0,27.0,43.0,37.0,29.0,48.0,,
우도짜장맨,제주특별자치도 제주시 우도면 우도해안길 1132 ,음식점,음식,음식점,중식,416.0,1.0,45.0,10.0,5.0,5.0,8.0,6.0,4.0,7.0,33.4978514,126.9676091
우도해녀식당,제주특별자치도 제주시 우도면 우도해안길 440 ,음식점,음식,음식점,한식,403.0,1.0,29.0,5.0,7.0,2.0,4.0,2.0,2.0,7.0,33.5144988,126.9489479
우무,제주특별자치도 제주시 한림로 542-1 ,음식점,음식,음식점,카페/전통찻집,1349.0,1.0,210.0,36.0,41.0,22.0,24.0,30.0,34.0,23.0,,
우유부단,제주특별자치도 제주시 금악동길 38 ,음식점,음식,음식점,카페/전통찻집,1404.0,1.0,104.0,19.0,21.0,17.0,17.0,9.0,7.0,14.0,33.3476667,126.3282377
우진해장국,제주특별자치도 제주시 서사로 11 ,음식점,음식,음식점,한식,2273.0,1.0,231.0,32.0,45.0,23.0,35.0,27.0,18.0,51.0,33.5115212,126.5200396
운정이네,제주특별자치도 서귀포시 중산간서로 726 (중문동),음식점,음식,음식점,한식,115.0,1.0,115.0,25.0,18.0,14.0,16.0,20.0,4.0,18.0,33.258442,126.3529777
울트라마린,제주특별자치도 제주시 일주서로 4611 ,음식점,음식,음식점,카페/전통찻집,505.0,1.0,50.0,12.0,5.0,6.0,9.0,7.0,4.0,7.0,33.3694426,126.2060776
웃세오름,제주특별자치도 제주시 애월읍 광령리 산183-1,관광지,자연,자연관광지,산,934.0,1.0,48.0,6.0,6.0,7.0,9.0,7.0,3.0,10.0,,
원앤온리,제주특별자치도 서귀포시 산방로 141 원앤온리 ,음식점,음식,음식점,카페/전통찻집,484.0,1.0,63.0,9.0,10.0,5.0,10.0,10.0,7.0,12.0,33.2392241,126.3193748
월령선인장군락지,제주특별자치도 제주시 한림읍 월령3길 27-4 ,관광지,자연,자연관광지,자연생태관광지,5452.0,1.0,517.0,86.0,98.0,63.0,61.0,62.0,75.0,72.0,33.3778976,126.2157287
월령포구,제주특별자치도 제주시 한림읍 월령리 317-1 ,관광지,자연,자연관광지,항구/포구,670.0,1.0,59.0,21.0,10.0,6.0,3.0,6.0,4.0,9.0,33.3764716,126.2852587
월정리갈비밥,제주특별자치도 제주시 구좌읍 월정7길 46 ,음식점,음식,음식점,한식,382.0,1.0,35.0,6.0,8.0,2.0,5.0,1.0,4.0,9.0,33.5548338,126.7967867
월정리해변,제주특별자치도 제주시 구좌읍 해맞이해안로 480-1 ,관광지,자연,자연관광지,해수욕장,14585.0,1.0,955.0,168.0,167.0,121.0,128.0,139.0,93.0,139.0,33.5551118,126.798641
월정리해안도로,제주특별자치도 제주시 구좌읍 월정리 652-4 ,관광지,자연,자연관광지,자연생태관광지,1135.0,1.0,103.0,12.0,23.0,23.0,12.0,10.0,7.0,16.0,33.5562207,126.7958759
월평포구,제주특별자치도 서귀포시 말질로 462 (월평동),관광지,자연,자연관광지,항구/포구,951.0,1.0,98.0,19.0,11.0,10.0,6.0,19.0,9.0,24.0,33.2347976,126.4637715
웬드구니,제주특별자치도 서귀포시 안덕면 사계신항로 1 ,음식점,음식,음식점,카페/전통찻집,2531.0,1.0,66.0,24.0,4.0,3.0,5.0,5.0,20.0,5.0,33.2500474,126.3209475
위미항,제주특별자치도 서귀포시 남원읍 위미중앙로196번길 6-13 ,관광지,자연,자연관광지,항구/포구,1353.0,1.0,164.0,25.0,31.0,24.0,17.0,21.0,16.0,30.0,33.2709905,126.6637262
윈드1947카트테마파크,제주특별자치도 서귀포시 토평공단로 78-27 ,레포츠,레포츠,육상 레포츠,카트,3930.0,1.0,207.0,33.0,35.0,43.0,24.0,26.0,19.0,27.0,,
윈드스톤,제주특별자치도 제주시 애월읍 광성로 272 ,음식점,음식,음식점,카페/전통찻집,76.0,1.0,4.0,1.0,0.0,1.0,1.0,0.0,1.0,0.0,33.4604277,126.4361207
윌라라,제주특별자치도 서귀포시 성산읍 성산중앙로 33 ,음식점,음식,음식점,서양식,258.0,1.0,32.0,5.0,7.0,3.0,4.0,6.0,4.0,3.0,33.4630272,126.9327639
유동커피,제주특별자치도 서귀포시 태평로 406-1 ,음식점,음식,음식점,카페/전통찻집,1978.0,1.0,99.0,15.0,23.0,10.0,13.0,17.0,7.0,14.0,33.2444903,126.5638733
유민미술관,제주특별자치도 서귀포시 성산읍 고성리 21 ,문화시설,인문(문화/예술/역사),문화시설,미술관/화랑,4937.0,1.0,333.0,66.0,38.0,43.0,50.0,40.0,40.0,56.0,33.4290975,126.9322365
유수암캠핑장,제주특별자치도 제주시 애월읍 하소로 684-25 ,레포츠,레포츠,육상 레포츠,"야영장,오토캠핑장",361.0,1.0,51.0,13.0,7.0,4.0,12.0,5.0,6.0,4.0,33.4222271,126.3939006
은혜전복,제주특별자치도 제주시 애월읍 애월로1길 24-3 ,음식점,음식,음식점,한식,185.0,1.0,35.0,11.0,6.0,5.0,3.0,4.0,2.0,4.0,33.4629675,126.3101799
은희네해장국,제주특별자치도 제주시 고마로13길 8 ,음식점,음식,음식점,한식,551.0,1.0,82.0,14.0,13.0,5.0,15.0,13.0,6.0,16.0,,
이너프,제주특별자치도 제주시 애월읍 고성8길 33 ,음식점,음식,음식점,카페/전통찻집,206.0,1.0,27.0,7.0,3.0,4.0,5.0,2.0,2.0,4.0,33.4561167,126.4190819
이상한나라의앨리스,제주특별자치도 서귀포시 안덕면 중산간서로 1881 ,관광지,인문(문화/예술/역사),체험관광지,이색체험,2759.0,1.0,341.0,50.0,63.0,44.0,37.0,53.0,35.0,59.0,,
이스트포레스트,제주특별자치도 제주시 구좌읍 종달로1길 26-1 ,음식점,음식,음식점,서양식,300.0,1.0,43.0,7.0,9.0,2.0,9.0,6.0,5.0,5.0,33.4959583,126.8988162
이승이오름,제주특별자치도 서귀포시 남원읍 신례천로 267-110 ,관광지,자연,자연관광지,산,2016.0,1.0,228.0,42.0,28.0,35.0,28.0,22.0,30.0,43.0,,
이어도식당,제주특별자치도 서귀포시 성읍정의현로22번길 14 ,음식점,음식,음식점,한식,490.0,1.0,44.0,11.0,9.0,8.0,5.0,5.0,4.0,2.0,33.3840771,126.8020527
이제주숍,제주특별자치도 제주시 연삼로 473 (이도이동),쇼핑,쇼핑,쇼핑,특산물판매점,851.0,1.0,125.0,31.0,28.0,20.0,11.0,20.0,7.0,8.0,33.4994412,126.5403432
이중섭거주지,제주특별자치도 서귀포시 이중섭로 29 (서귀동),관광지,인문(문화/예술/역사),역사관광지,유적지/사적지,2522.0,1.0,160.0,25.0,30.0,23.0,25.0,16.0,15.0,26.0,33.2455473,126.5644088
이중섭미술관,제주특별자치도 서귀포시 이중섭로 27-3 (서귀동),문화시설,인문(문화/예술/역사),문화시설,기념관,4201.0,1.0,283.0,51.0,39.0,49.0,40.0,31.0,25.0,48.0,33.2458718,126.5649209
이춘옥원조고등어쌈밥,제주특별자치도 제주시 애월읍 일주서로 7213 ,음식점,음식,음식점,한식,424.0,1.0,42.0,7.0,5.0,4.0,6.0,4.0,10.0,6.0,33.4889643,126.4186374
이호테우말등대,제주특별자치도 제주시 이호일동 375-43 ,관광지,자연,자연관광지,등대,5223.0,1.0,513.0,119.0,91.0,76.0,56.0,61.0,47.0,63.0,33.5021517,126.4564112
인그리드,제주특별자치도 제주시 서해안로 64 ,음식점,음식,음식점,카페/전통찻집,232.0,1.0,30.0,10.0,4.0,1.0,3.0,5.0,4.0,3.0,33.5024812,126.4567435
인디언키친,제주특별자치도 제주시 애월읍 애원로 191 ,음식점,음식,음식점,이색음식점,868.0,1.0,110.0,18.0,14.0,14.0,20.0,20.0,8.0,16.0,33.4503721,126.3309119
인카페온더비치,제주특별자치도 제주시 해맞이해안로 943 ,음식점,음식,음식점,카페/전통찻집,285.0,1.0,28.0,7.0,6.0,3.0,2.0,6.0,2.0,2.0,33.5290971,126.8463777
일출랜드,제주특별자치도 서귀포시 성산읍 중산간동로 4150-30 ,관광지,인문(문화/예술/역사),휴양관광지,공원,4391.0,1.0,413.0,90.0,77.0,68.0,52.0,46.0,35.0,45.0,33.3831862,126.8418892
일통이반,제주특별자치도 제주시 중앙로2길 25 (삼도이동),음식점,음식,음식점,한식,457.0,1.0,39.0,8.0,10.0,6.0,7.0,5.0,1.0,2.0,33.5170771,126.5220977
잇칸시타,제주특별자치도 제주시 신엄안2길 54-1 ,음식점,음식,음식점,일식,359.0,1.0,50.0,8.0,9.0,7.0,5.0,4.0,7.0,10.0,33.4771354,126.3702005
자구내포구,제주특별자치도 제주시 한경면 노을해안로 1161 ,관광지,자연,자연관광지,항구/포구,1316.0,1.0,133.0,24.0,15.0,17.0,12.0,28.0,16.0,21.0,33.3021091,126.1851714
자리돔횟집,제주특별자치도 서귀포시 동홍동로 7 자리돔횟집 ,음식점,음식,음식점,한식,415.0,1.0,53.0,10.0,7.0,10.0,5.0,6.0,2.0,13.0,33.2555672,126.5746719
잔물결,제주특별자치도 제주시 금능길 58-1 1층,음식점,음식,음식점,카페/전통찻집,259.0,1.0,43.0,9.0,9.0,4.0,5.0,10.0,2.0,4.0,33.3881423,126.2297532
장생의숲길,제주특별자치도 제주시 명림로 584 (봉개동) ,관광지,자연,자연관광지,자연휴양림,1756.0,1.0,162.0,44.0,25.0,13.0,15.0,17.0,19.0,29.0,,
장수해장국,제주특별자치도 서귀포시 천제연로 152 ,음식점,음식,음식점,한식,141.0,1.0,14.0,3.0,3.0,1.0,0.0,2.0,3.0,2.0,33.2538407,126.5100971
장인의집,제주특별자치도 제주시 애월로19길 31 ,음식점,음식,음식점,한식,264.0,1.0,27.0,9.0,4.0,2.0,4.0,2.0,4.0,2.0,33.4658022,126.3268488
저지오름,제주특별자치도 제주시 한경면 중산간서로 ,관광지,자연,자연관광지,산,1323.0,1.0,143.0,31.0,30.0,19.0,8.0,13.0,12.0,30.0,,
절부암,제주특별자치도 제주시 한경면 용수리 4241-5,관광지,자연,관광자원,기암괴석,520.0,1.0,58.0,13.0,8.0,8.0,7.0,9.0,4.0,9.0,33.3239831,126.1671817
점보빌리지,제주특별자치도 서귀포시 안덕면 평화로319번길 31-11 (안덕면),관광지,인문(문화/예술/역사),문화시설,공연장,1541.0,1.0,168.0,25.0,31.0,28.0,21.0,25.0,16.0,22.0,33.27601,126.3050559
정물오름,제주특별자치도 제주시 한림읍 금악리 산52-1,관광지,자연,자연관광지,산,1006.0,1.0,129.0,35.0,26.0,10.0,12.0,14.0,10.0,22.0,33.3379302,126.3299153
정방폭포,제주특별자치도 서귀포시 칠십리로214번길 37 ,관광지,자연,자연관광지,폭포,24044.0,1.0,1426.0,283.0,225.0,187.0,171.0,176.0,134.0,250.0,33.2447334,126.5731658
정의향교,제주특별자치도 서귀포시 표선면 성읍서문로 14 ,관광지,인문(문화/예술/역사),역사관광지,유적지/사적지,562.0,1.0,46.0,7.0,6.0,8.0,7.0,4.0,4.0,10.0,33.3869287,126.799942
제레미,제주특별자치도 제주시 애월로 106-1 ,음식점,음식,음식점,카페/전통찻집,262.0,1.0,24.0,4.0,4.0,3.0,3.0,4.0,0.0,6.0,33.4645383,126.3185137
제스토리,제주특별자치도 서귀포시 막숙포로 60 ,쇼핑,쇼핑,쇼핑,특산물판매점,453.0,1.0,78.0,18.0,8.0,10.0,13.0,11.0,3.0,15.0,33.2360926,126.5149193
제일토산품,제주특별자치도 제주시 관덕로 24 ,쇼핑,쇼핑,쇼핑,특산물판매점,490.0,1.0,37.0,6.0,3.0,3.0,9.0,5.0,6.0,5.0,33.5129597,126.5216976
제주메이플호텔,제주특별자치도 제주시 원노형3길 41 메이플호텔 ,숙박,숙박,숙박시설,관광호텔,166.0,1.0,26.0,6.0,6.0,5.0,3.0,2.0,2.0,2.0,33.4865368,126.4817031
제주보성시장,제주특별자치도 제주시 동광로1길 32 ,쇼핑,쇼핑,쇼핑,상설시장,661.0,1.0,65.0,11.0,14.0,5.0,8.0,11.0,7.0,9.0,33.50332900000001,126.5277844
제주삼양동유적,제주특별자치도 제주시 선사로2길 13 ,관광지,인문(문화/예술/역사),역사관광지,유적지/사적지,1196.0,1.0,128.0,20.0,18.0,13.0,21.0,23.0,20.0,13.0,,
제주세계자연유산센터,제주특별자치도 제주시 조천읍 선교로 569-36 ,문화시설,인문(문화/예술/역사),문화시설,기념관,2993.0,1.0,132.0,17.0,25.0,26.0,16.0,19.0,13.0,16.0,33.4569963,126.7143064
제주센트럴파크,제주특별자치도 제주시 조천읍 비자림로 606 ,관광지,인문(문화/예술/역사),휴양관광지,테마공원,2173.0,1.0,225.0,47.0,29.0,41.0,25.0,25.0,25.0,33.0,33.4334415,126.6743965
제주오리엔탈호텔,제주특별자치도 제주시 탑동로 47 ,숙박,숙박,숙박시설,관광호텔,234.0,1.0,34.0,6.0,3.0,7.0,4.0,3.0,6.0,5.0,33.5174647,126.5197921
제주유리의성,제주특별자치도 제주시 한경면 녹차분재로 462 ,관광지,인문(문화/예술/역사),휴양관광지,테마공원,4234.0,1.0,467.0,64.0,85.0,72.0,69.0,53.0,55.0,69.0,33.314546,126.2739234
제주중앙지하상가,제주특별자치도 제주시 중앙로 60 ,쇼핑,쇼핑,쇼핑,전문매장/상가,1359.0,1.0,128.0,19.0,25.0,12.0,21.0,14.0,13.0,24.0,,
제주추사관,제주특별자치도 서귀포시 대정읍 추사로 44 ,문화시설,인문(문화/예술/역사),문화시설,전시관,2635.0,1.0,175.0,24.0,31.0,36.0,24.0,20.0,10.0,30.0,33.250164,126.2782893
제주펄관광호텔,제주특별자치도 제주시 신대로20길 49 (연동),숙박,숙박,숙박시설,관광호텔,213.0,1.0,24.0,6.0,8.0,0.0,3.0,1.0,3.0,3.0,33.4834605,126.4907753
제주항공우주호텔,제주특별자치도 서귀포시 녹차분재로 216 제주항공우주호텔 ,숙박,숙박,숙박시설,관광호텔,274.0,1.0,32.0,4.0,3.0,7.0,0.0,3.0,9.0,6.0,33.3022751,126.2947784
제주901,제주특별자치도 제주시 1100로 2977-10 ,숙박,숙박,숙박시설,민박,1429.0,1.0,135.0,26.0,16.0,16.0,15.0,19.0,15.0,28.0,33.4529974,126.4864001
제주개생활연구소,제주특별자치도 제주시 녹차분재로 502 ,음식점,음식,음식점,카페/전통찻집,411.0,1.0,41.0,8.0,9.0,5.0,6.0,6.0,4.0,3.0,33.3168806,126.2703719
제주공룡랜드,제주특별자치도 제주시 애월읍 광령평화2길 1 ,관광지,인문(문화/예술/역사),휴양관광지,테마공원,2609.0,1.0,192.0,29.0,31.0,23.0,30.0,22.0,23.0,34.0,,
제주곶자왈도립공원,제주특별자치도 서귀포시 에듀시티로 178 ,관광지,자연,자연관광지,도립공원,4018.0,1.0,252.0,42.0,43.0,26.0,40.0,35.0,28.0,38.0,33.289275,126.2749677
제주관덕정분식,제주특별자치도 제주시 관덕로8길 7-9 ,음식점,음식,음식점,한식,265.0,1.0,30.0,10.0,2.0,5.0,2.0,3.0,4.0,4.0,33.5126091,126.5243351
제주교육박물관,제주특별자치도 제주시 오복4길 25 (이도이동),문화시설,인문(문화/예술/역사),문화시설,박물관,1023.0,1.0,97.0,12.0,12.0,20.0,14.0,11.0,15.0,13.0,33.4945087,126.5380361
제주국제평화센터,제주특별자치도 서귀포시 중문관광로 227-24 (중문동),문화시설,인문(문화/예술/역사),문화시설,전시관,645.0,1.0,59.0,8.0,11.0,7.0,6.0,15.0,4.0,8.0,33.2446048,126.421732
제주그림카페,제주특별자치도 서귀포시 녹차분재로 218 제주항공우주박물관 4층,음식점,음식,음식점,카페/전통찻집,999.0,1.0,123.0,24.0,29.0,13.0,11.0,11.0,11.0,24.0,33.3027032,126.2991031
제주돌문화공원,제주특별자치도 제주시 조천읍 남조로 2023 ,문화시설,인문(문화/예술/역사),문화시설,박물관,10123.0,1.0,487.0,92.0,78.0,74.0,57.0,66.0,52.0,68.0,33.4373391,126.6668484
제주돌창고,제주특별자치도 제주시 한경면 조수7길 8 ,음식점,음식,음식점,카페/전통찻집,620.0,1.0,56.0,8.0,12.0,5.0,6.0,8.0,9.0,8.0,33.3371501,126.2335927
제주동백수목원,제주특별자치도 서귀포시 남원읍 태위로 (288) ,관광지,자연,자연관광지,수목원,14183.0,1.0,1770.0,333.0,283.0,281.0,217.0,156.0,212.0,288.0,33.2728896,126.6749197
제주뚝배기,제주특별자치도 서귀포시 성산읍 일출로 255 ,음식점,음식,음식점,한식,459.0,1.0,41.0,6.0,11.0,3.0,5.0,4.0,3.0,9.0,33.4611419,126.932983
제주러브랜드,제주특별자치도 제주시 1100로 2894-72 (연동),관광지,인문(문화/예술/역사),휴양관광지,테마공원,4360.0,1.0,251.0,46.0,42.0,42.0,33.0,27.0,21.0,40.0,33.4517135,126.4901715
제주레일바이크,제주특별자치도 제주시 구좌읍 용눈이오름로 641 ,레포츠,레포츠,육상 레포츠,트래킹,9852.0,1.0,787.0,130.0,117.0,124.0,116.0,102.0,83.0,115.0,33.4646218,126.8369517
제주로얄호텔,제주특별자치도 제주시 신대로12길 45 ,숙박,숙박,숙박시설,관광호텔,98.0,1.0,19.0,6.0,0.0,3.0,2.0,0.0,4.0,4.0,33.4885606,126.4917047
제주명가두루치기,제주특별자치도 서귀포시 태평로 495 ,음식점,음식,음식점,한식,473.0,1.0,49.0,9.0,4.0,8.0,8.0,4.0,5.0,11.0,33.2495756,126.5710384
제주목관아,제주특별자치도 제주시 관덕로 25 (삼도이동),관광지,인문(문화/예술/역사),역사관광지,고궁,2575.0,1.0,178.0,27.0,42.0,27.0,30.0,22.0,14.0,16.0,33.5138664,126.5217134
제주목화휴양펜션,제주특별자치도 서귀포시 남원읍 태위로 485 ,숙박,숙박,숙박시설,펜션,294.0,1.0,32.0,7.0,1.0,1.0,3.0,2.0,4.0,14.0,33.27517,126.6990102
제주미향,제주특별자치도 서귀포시 천제연로 99 ,음식점,음식,음식점,한식,856.0,1.0,88.0,10.0,16.0,8.0,16.0,12.0,11.0,15.0,33.2550602,126.4163814
제주민속식품,제주특별자치도 제주시 구좌읍 번영로 2178 ,쇼핑,쇼핑,쇼핑,전문매장/상가,258.0,1.0,24.0,4.0,4.0,3.0,2.0,3.0,4.0,4.0,33.4281061,126.751044
제주민속촌,제주특별자치도 서귀포시 표선면 민속해안로 631-34 ,문화시설,인문(문화/예술/역사),역사관광지,민속마을,4966.0,1.0,400.0,64.0,73.0,59.0,41.0,63.0,37.0,63.0,33.3225098,126.8418176
제주바다체험장,제주특별자치도 제주시 구좌읍 일주동로 1777 ,관광지,인문(문화/예술/역사),체험관광지,농.산.어촌 체험,1227.0,1.0,90.0,14.0,22.0,9.0,12.0,8.0,12.0,13.0,33.5546738,126.7218438
제주베스트힐,제주특별자치도 제주시 조천읍 남조로 2109-36 ,레포츠,레포츠,육상 레포츠,"야영장,오토캠핑장",385.0,1.0,38.0,5.0,7.0,6.0,5.0,2.0,4.0,9.0,33.4540851,126.6576267
제주별빛누리공원,제주특별자치도 제주시 선돌목동길 60 (오등동) ,관광지,인문(문화/예술/역사),휴양관광지,공원,1639.0,1.0,102.0,13.0,21.0,9.0,17.0,14.0,14.0,14.0,33.4451439,126.5492347
제주빅볼랜드,제주특별자치도 제주시 구좌읍 송당리 산164-4,레포츠,레포츠,복합 레포츠,복합 레포츠,3658.0,1.0,361.0,64.0,71.0,45.0,60.0,39.0,32.0,50.0,33.3896886,126.3755247
제주삼다국수,제주특별자치도 서귀포시 김정문화로 59-1 ,음식점,음식,음식점,한식,214.0,1.0,27.0,2.0,7.0,4.0,3.0,3.0,5.0,3.0,33.2510903,126.5111484
제주성지,제주특별자치도 제주시 오현길 61 (이도일동),관광지,인문(문화/예술/역사),역사관광지,성,603.0,1.0,62.0,12.0,13.0,9.0,5.0,4.0,7.0,12.0,33.5104855,126.5257264
제주승마공원,제주특별자치도 제주시 애월읍 녹고메길 152-1 (애월읍),레포츠,레포츠,육상 레포츠,승마,1826.0,1.0,209.0,36.0,31.0,17.0,41.0,29.0,18.0,37.0,33.4052867,126.405382
제주시새우리,제주특별자치도 제주시 무근성7길 24 ,음식점,음식,음식점,한식,148.0,1.0,21.0,3.0,3.0,2.0,2.0,3.0,3.0,5.0,,
제주아이브리조트,제주특별자치도 서귀포시 산록남로 1966-34 (영남동),관광지,인문(문화/예술/역사),휴양관광지,관광단지,709.0,1.0,94.0,14.0,9.0,14.0,10.0,12.0,13.0,22.0,33.288409,126.4968764
제주아트서커스,제주특별자치도 서귀포시 안덕면 동광로 214 ,문화시설,인문(문화/예술/역사),문화시설,공연장,9898.0,1.0,807.0,142.0,152.0,103.0,131.0,102.0,58.0,119.0,33.3143833,126.3446028
제주아트센터,제주특별자치도 제주시 오남로 231 제주아트센터 ,문화시설,인문(문화/예술/역사),문화시설,공연장,675.0,1.0,90.0,20.0,11.0,9.0,13.0,10.0,14.0,13.0,33.4750765,126.5152756
제주안전체험관,제주특별자치도 제주시 애월읍 평화로 1885 ,관광지,인문(문화/예술/역사),체험관광지,이색체험,2271.0,1.0,117.0,28.0,27.0,15.0,14.0,9.0,8.0,16.0,33.3942008,126.3737312
제주양떼목장,제주특별자치도 제주시 애월읍 도치돌길 289-13 ,관광지,인문(문화/예술/역사),체험관광지,농.산.어촌 체험,1043.0,1.0,136.0,31.0,16.0,21.0,16.0,17.0,15.0,20.0,33.4109424,126.3653661
제주에가면,제주특별자치도 제주시 탑동로 119 ,음식점,음식,음식점,한식,99.0,1.0,6.0,1.0,1.0,2.0,0.0,0.0,0.0,2.0,33.5147467,126.5180225
제주엠리조트,제주특별자치도 서귀포시 중산간서로157번길 28-6 제주M리조트 ,숙박,숙박,숙박시설,관광호텔,202.0,1.0,23.0,7.0,3.0,1.0,1.0,4.0,2.0,5.0,33.2577831,126.4945114
제주유리박물관,제주특별자치도 서귀포시 중산간서로 1403 (상예동),문화시설,인문(문화/예술/역사),문화시설,박물관,1687.0,1.0,185.0,35.0,34.0,25.0,33.0,16.0,14.0,28.0,33.278366,126.3699424
제주절물자연휴양림,제주특별자치도 제주시 명림로 584 ,관광지,자연,자연관광지,자연휴양림,14568.0,1.0,541.0,92.0,99.0,86.0,71.0,62.0,58.0,73.0,33.4302354,126.6227963
제주제트,제주특별자치도 서귀포시 대포로 172-5 (대포동),레포츠,레포츠,레포츠소개,수상레포츠,1213.0,1.0,71.0,14.0,8.0,9.0,13.0,8.0,7.0,12.0,33.2384891,126.4394879
제주팔레스호텔,제주특별자치도 제주시 탑동로 9 ,숙박,숙박,숙박시설,관광호텔,248.0,1.0,35.0,7.0,8.0,1.0,2.0,6.0,4.0,7.0,33.5168727,126.52372
제주펜션향림원,제주특별자치도 서귀포시 칠십리로394번길 8-3 ,숙박,숙박,숙박시설,펜션,229.0,1.0,41.0,6.0,5.0,3.0,4.0,7.0,5.0,11.0,33.2437709,126.5932026
제주플래티늄카라반,제주특별자치도 제주시 애월읍 하귀미수포길 5-8 ,레포츠,레포츠,육상 레포츠,"야영장,오토캠핑장",428.0,1.0,51.0,8.0,13.0,5.0,9.0,5.0,4.0,7.0,33.4834503,126.4018565
제주항공우주박물관,제주특별자치도 서귀포시 안덕면 녹차분재로 218 ,문화시설,인문(문화/예술/역사),문화시설,박물관,3775.0,1.0,445.0,80.0,89.0,67.0,64.0,63.0,33.0,49.0,33.3027032,126.2991031
제주항일기념관,제주특별자치도 제주시 조천읍 신북로 303 ,문화시설,인문(문화/예술/역사),문화시설,기념관,918.0,1.0,61.0,12.0,6.0,14.0,8.0,7.0,4.0,10.0,33.5416465,126.6427429
제주해물밥,제주특별자치도 제주시 월대3길 14-6 ,음식점,음식,음식점,한식,632.0,1.0,82.0,14.0,16.0,6.0,17.0,12.0,8.0,9.0,33.4946797,126.4339883
제주해양동물박물관,제주특별자치도 서귀포시 성산읍 서성일로 689-21 ,문화시설,인문(문화/예술/역사),문화시설,박물관,2617.0,1.0,285.0,47.0,45.0,39.0,46.0,32.0,31.0,45.0,33.4296617,126.8555492
제주해양레저,제주특별자치도 서귀포시 중문관광로 192 ,레포츠,레포츠,복합 레포츠,복합 레포츠,1164.0,1.0,69.0,17.0,12.0,5.0,10.0,10.0,4.0,11.0,33.2473317,126.4180777
제주향교,제주특별자치도 제주시 서문로 43 (용담일동),관광지,인문(문화/예술/역사),역사관광지,유적지/사적지,773.0,1.0,57.0,11.0,7.0,7.0,13.0,6.0,3.0,10.0,33.5111677,126.5159523
제주허브동산,제주특별자치도 서귀포시 표선면 돈오름로 170 ,관광지,인문(문화/예술/역사),산업관광지,기타,3429.0,1.0,278.0,58.0,44.0,30.0,35.0,33.0,26.0,52.0,33.330435,126.8154056
제주현대미술관,제주특별자치도 제주시 한경면 저지14길 35 ,문화시설,인문(문화/예술/역사),문화시설,미술관/화랑,4648.0,1.0,429.0,88.0,65.0,72.0,61.0,54.0,37.0,52.0,33.339892,126.2656119
제주힐링명상센터,제주특별자치도 제주시 애월읍 어음13길 196 ,관광지,인문(문화/예술/역사),체험관광지,이색체험,2763.0,1.0,265.0,49.0,50.0,35.0,38.0,42.0,17.0,34.0,33.3955297,126.3610931
제지기오름,제주특별자치도 서귀포시 보목동 275-1 (일대),관광지,자연,자연관광지,산,988.0,1.0,91.0,21.0,15.0,15.0,7.0,13.0,6.0,14.0,33.2419331,126.6096102
젠하이드어웨이,제주특별자치도 서귀포시 안덕면 사계남로 186-8 ,음식점,음식,음식점,카페/전통찻집,2976.0,1.0,105.0,35.0,7.0,6.0,15.0,11.0,20.0,11.0,33.229588,126.3085478
조랑말체험공원,제주특별자치도 서귀포시 표선면 녹산로 381-15 ,관광지,인문(문화/예술/역사),체험관광지,이색체험,1821.0,1.0,164.0,34.0,35.0,23.0,21.0,17.0,7.0,27.0,33.3831928,126.7359802
조안베어뮤지엄,제주특별자치도 서귀포시 대포로 113 (대포동),문화시설,인문(문화/예술/역사),문화시설,박물관,804.0,1.0,98.0,18.0,18.0,16.0,11.0,13.0,12.0,10.0,33.240272,126.4340355
조천만세동산,제주특별자치도 제주시 조천읍 조천리 1142-1,관광지,인문(문화/예술/역사),역사관광지,유적지/사적지,1237.0,1.0,76.0,16.0,8.0,13.0,9.0,12.0,4.0,14.0,33.5399846,126.6416165
조천함덕해안도로,제주특별자치도 제주시 조천읍 조함해안로 525 ,관광지,자연,자연관광지,자연생태관광지,1614.0,1.0,139.0,21.0,13.0,29.0,17.0,21.0,14.0,24.0,33.5313895,126.6429191
족은노꼬메오름,제주특별자치도 제주시 애월읍 산록서로 482-34 ,레포츠,레포츠,육상 레포츠,트래킹,933.0,1.0,99.0,21.0,15.0,19.0,8.0,11.0,9.0,16.0,33.4102354,126.412865
종달리해안도로,제주특별자치도 제주시 구좌읍 종달리 ,관광지,자연,자연관광지,자연생태관광지,1858.0,1.0,163.0,30.0,22.0,32.0,17.0,22.0,19.0,21.0,33.4828963,126.9017162
종달리수국길,제주특별자치도 제주시 구좌읍 종달리 112-4 ,관광지,자연,자연관광지,자연생태관광지,4291.0,1.0,132.0,20.0,23.0,19.0,18.0,14.0,10.0,28.0,33.5290971,126.8463777
종달리해변,제주특별자치도 제주시 구좌읍 종달리 565-72,관광지,자연,자연관광지,해수욕장,1097.0,1.0,128.0,22.0,18.0,23.0,9.0,18.0,17.0,21.0,33.4963748,126.9096779
종달해녀의집,제주특별자치도 제주시 구좌읍 해맞이해안로 2276 ,음식점,음식,음식점,한식,370.0,1.0,28.0,5.0,3.0,4.0,5.0,3.0,1.0,7.0,33.5290971,126.8463777
주상절리대,제주특별자치도 서귀포시 이어도로 36-30 (중문동),관광지,자연,자연관광지,해안절경,39913.0,1.0,1491.0,223.0,241.0,215.0,196.0,191.0,158.0,267.0,,
죽성고을,제주특별자치도 제주시 한북로 176 ,음식점,음식,음식점,한식,212.0,1.0,26.0,5.0,2.0,3.0,5.0,5.0,1.0,5.0,33.4622582,126.5341448
중문모메든식당,제주특별자치도 서귀포시 일주서로 508 ,음식점,음식,음식점,한식,248.0,1.0,31.0,7.0,7.0,4.0,3.0,6.0,3.0,1.0,33.2534421,126.4545515
중문관광단지,제주특별자치도 서귀포시 중문관광로 38 (중문관광단지안내소),관광지,인문(문화/예술/역사),휴양관광지,관광단지,7359.0,1.0,660.0,137.0,104.0,74.0,87.0,103.0,66.0,89.0,33.2482702,126.4104128
중문미로파크,제주특별자치도 서귀포시 상예동 3592-5 ,관광지,인문(문화/예술/역사),휴양관광지,테마공원,2467.0,1.0,338.0,73.0,47.0,46.0,40.0,29.0,41.0,62.0,33.2635326,126.3818174
중문색달해수욕장,제주특별자치도 서귀포시 색달동 ,관광지,자연,자연관광지,해수욕장,12171.0,1.0,544.0,95.0,86.0,74.0,68.0,70.0,71.0,80.0,33.2459369,126.4126699
중문수두리보말칼국수,제주특별자치도 서귀포시 천제연로 192 (중문동),음식점,음식,음식점,한식,1050.0,1.0,123.0,18.0,16.0,18.0,28.0,13.0,10.0,20.0,33.2515791,126.425044
중문승마공원,제주특별자치도 서귀포시 대포동 2270 ,레포츠,레포츠,육상 레포츠,승마,675.0,1.0,96.0,16.0,17.0,14.0,11.0,10.0,9.0,19.0,33.2423154,126.4455515
중문향토오일시장,제주특별자치도 서귀포시 천제연로188번길 12 ,쇼핑,쇼핑,쇼핑,5일장,3142.0,1.0,287.0,43.0,40.0,32.0,38.0,33.0,40.0,61.0,33.2507996,126.4241933
지미봉,제주특별자치도 제주시 구좌읍 종달리 산3-1,관광지,자연,자연관광지,산,1897.0,1.0,183.0,48.0,27.0,22.0,19.0,25.0,19.0,23.0,33.4966806,126.9065947
지오아라,제주특별자치도 서귀포시 안덕면 사계로114번길 54-86 ,음식점,음식,음식점,카페/전통찻집,2509.0,1.0,74.0,24.0,5.0,4.0,7.0,7.0,19.0,8.0,33.2364028,126.3076973
진주식당,제주특별자치도 서귀포시 태평로 353 ,음식점,음식,음식점,한식,224.0,1.0,31.0,8.0,5.0,6.0,1.0,2.0,5.0,4.0,33.2466681,126.559071
짬뽕에취한날,제주특별자치도 제주시 귀아랑2길 4 (연동),음식점,음식,음식점,중식,343.0,1.0,44.0,5.0,10.0,7.0,9.0,6.0,3.0,4.0,33.4911642,126.4978563
쪼끌락,제주특별자치도 제주시 김녕로21길 21 ,음식점,음식,음식점,카페/전통찻집,28.0,1.0,28.0,8.0,5.0,3.0,2.0,3.0,2.0,5.0,33.55785170000001,126.7552118
차귀도,제주특별자치도 제주시 한경면 고락로 200-52 ,관광지,자연,자연관광지,섬,4269.0,1.0,365.0,78.0,54.0,62.0,37.0,42.0,38.0,54.0,33.3011544,126.2055959
차귀도요트,제주특별자치도 제주시 한경면 한경해안로 156 ,레포츠,레포츠,수상 레포츠,요트,611.0,1.0,37.0,7.0,2.0,8.0,5.0,4.0,7.0,4.0,33.3240083,126.1660356
차귀도유람선,제주특별자치도 제주시 한경면 노을해안로 1160 ,관광지,인문(문화/예술/역사),휴양관광지,유람선/잠수함관광,2279.0,1.0,163.0,24.0,28.0,28.0,24.0,16.0,14.0,29.0,33.3089439,126.1655204
착한집,제주특별자치도 제주시 서광로 98 (오라삼동),음식점,음식,음식점,한식,227.0,1.0,41.0,8.0,7.0,6.0,5.0,6.0,3.0,6.0,33.49999220000001,126.5068802
참맛나김밥,제주특별자치도 제주시 한라대학로 31 ,음식점,음식,음식점,한식,240.0,1.0,36.0,7.0,4.0,4.0,6.0,3.0,2.0,10.0,33.4786503,126.4750481
채훈이네해장국,제주특별자치도 제주시 한림읍 한림상로 29 ,음식점,음식,음식점,한식,349.0,1.0,40.0,5.0,4.0,8.0,2.0,7.0,3.0,11.0,33.3493983,126.1825103
천아오름,제주특별자치도 제주시 애월읍 산록서로 678-207 ,관광지,자연,자연관광지,산,548.0,1.0,58.0,13.0,6.0,11.0,6.0,11.0,3.0,8.0,,
천왕사,제주특별자치도 제주시 1100로 2528-111 (노형동) ,관광지,인문(문화/예술/역사),역사관광지,사찰,2561.0,1.0,273.0,40.0,36.0,33.0,34.0,39.0,28.0,63.0,33.4087029,126.4944197
천제연토속음식점,제주특별자치도 서귀포시 천제연로 45 ,음식점,음식,음식점,한식,383.0,1.0,47.0,11.0,7.0,2.0,4.0,9.0,6.0,8.0,33.2567896,126.410776
천제연폭포,제주특별자치도 서귀포시 천제연로 132 (중문동),관광지,자연,자연관광지,폭포,15638.0,1.0,1105.0,195.0,175.0,137.0,139.0,132.0,137.0,190.0,33.2522307,126.4183698
천지연폭포,제주특별자치도 서귀포시 천지동 667-7,관광지,자연,자연관광지,폭포,45349.0,1.0,3122.0,591.0,510.0,395.0,409.0,374.0,330.0,513.0,33.2447302,126.5597984
철가방을든해녀,제주특별자치도 서귀포시 마라로 85 ,음식점,음식,음식점,중식,301.0,1.0,30.0,7.0,5.0,4.0,2.0,4.0,2.0,6.0,33.1165519,126.2660528
청수곶자왈,제주특별자치도 제주시 한경면 연명로 348 ,관광지,자연,자연관광지,산,1526.0,1.0,107.0,19.0,18.0,17.0,9.0,16.0,13.0,15.0,33.3177234,126.2476181
청운식당,제주특별자치도 서귀포시 성산읍 일출로 285 ,음식점,음식,음식점,한식,284.0,1.0,31.0,4.0,6.0,6.0,2.0,6.0,3.0,4.0,33.4630574,126.9348328
청재설헌,제주특별자치도 서귀포시 인정오름로 135-18 ,숙박,숙박,숙박시설,펜션,439.0,1.0,63.0,8.0,6.0,4.0,15.0,4.0,11.0,15.0,33.2892686,126.5716866
청춘부부,제주특별자치도 서귀포시 추사로38번길 181 ,음식점,음식,음식점,카페/전통찻집,240.0,1.0,31.0,9.0,5.0,3.0,5.0,3.0,3.0,3.0,33.2659786,126.2789592
초콜릿박물관,제주특별자치도 서귀포시 대정읍 일주서로3000번길 144 ,문화시설,인문(문화/예술/역사),문화시설,박물관,3175.0,1.0,400.0,78.0,77.0,53.0,53.0,44.0,43.0,52.0,33.2572278,126.2298012
추자도,제주특별자치도 제주시 추자면 추자도,관광지,자연,자연관광지,섬,5463.0,1.0,241.0,44.0,35.0,32.0,35.0,31.0,27.0,37.0,33.9470135,126.3200969
추자도등대,제주특별자치도 제주시 추자면 영흥4길 43 (추자면),관광지,자연,자연관광지,등대,319.0,1.0,37.0,4.0,10.0,3.0,7.0,6.0,5.0,2.0,33.957785,126.2982082
취다선리조트,제주특별자치도 서귀포시 성산읍 해맞이해안로 2688 ,숙박,숙박,숙박시설,게스트하우스,1342.0,1.0,169.0,17.0,28.0,24.0,23.0,31.0,18.0,28.0,33.4718627,126.9128692
칠분의오,제주특별자치도 제주시 해맞이해안로 650-20 ,음식점,음식,음식점,서양식,292.0,1.0,35.0,5.0,5.0,3.0,4.0,5.0,5.0,8.0,33.5290971,126.8463777
카고크루즈,제주특별자치도 제주시 탑동로 43 ,음식점,음식,음식점,서양식,141.0,1.0,21.0,3.0,3.0,2.0,2.0,5.0,2.0,4.0,33.51758179999999,126.5203646
카멜리아힐,제주특별자치도 서귀포시 안덕면 병악로 166 ,관광지,자연,자연관광지,수목원,24856.0,1.0,1685.0,320.0,304.0,254.0,192.0,194.0,171.0,250.0,33.2897826,126.3698049
카이로스,제주특별자치도 제주시 애월읍 장유길 49-43 ,숙박,숙박,숙박시설,펜션,385.0,1.0,38.0,5.0,10.0,5.0,5.0,4.0,2.0,7.0,33.44929279999999,126.4001638
카페글렌코,제주특별자치도 제주시 비자림로 1202 ,음식점,음식,음식점,카페/전통찻집,491.0,1.0,60.0,6.0,17.0,5.0,6.0,9.0,11.0,6.0,,
카페동백,제주특별자치도 제주시 동백로 68 ,음식점,음식,음식점,카페/전통찻집,501.0,1.0,66.0,8.0,11.0,6.0,10.0,10.0,5.0,16.0,33.5089901,126.7145853
카페라라라,제주특별자치도 제주시 해맞이해안로 1430 ,음식점,음식,음식점,카페/전통찻집,184.0,1.0,20.0,0.0,2.0,3.0,3.0,2.0,1.0,9.0,,
카페아오오,제주특별자치도 서귀포시 성산읍 환해장성로 75 ,음식점,음식,음식점,카페/전통찻집,277.0,1.0,44.0,8.0,6.0,7.0,5.0,8.0,3.0,7.0,33.3791372,126.8799189
카페갤러리,제주특별자치도 제주시 남조로 1717-24 ,음식점,음식,음식점,카페/전통찻집,355.0,1.0,39.0,5.0,7.0,5.0,3.0,7.0,4.0,8.0,33.4220279,126.6750438
카페더라이트,제주특별자치도 서귀포시 한도로 269 ,음식점,음식,음식점,카페/전통찻집,200.0,1.0,32.0,6.0,9.0,3.0,2.0,3.0,4.0,5.0,33.4658365,126.9358933
카페리,제주특별자치도 제주시 구좌읍 평대2길 39 ,음식점,음식,음식점,카페/전통찻집,306.0,1.0,36.0,13.0,7.0,2.0,2.0,5.0,3.0,4.0,,
카페보롬왓,제주특별자치도 서귀포시 번영로 2350-104 ,음식점,음식,음식점,카페/전통찻집,1045.0,1.0,44.0,7.0,13.0,6.0,2.0,5.0,4.0,7.0,,
카페숑,제주특별자치도 서귀포시 공천포로 91 ,음식점,음식,음식점,카페/전통찻집,621.0,1.0,70.0,11.0,14.0,8.0,9.0,7.0,8.0,13.0,33.2664325,126.6427599
카페유주,제주특별자치도 제주시 한림상로 17 ,음식점,음식,음식점,카페/전통찻집,290.0,1.0,71.0,11.0,8.0,28.0,7.0,6.0,4.0,7.0,33.4054513,126.2572727
카페코지,제주특별자치도 서귀포시 성산읍 한도로 200 ,음식점,음식,음식점,카페/전통찻집,466.0,1.0,38.0,9.0,5.0,3.0,2.0,6.0,2.0,11.0,33.4682057,126.9291872
카페콜라,제주특별자치도 제주시 일주서로 5857 ,음식점,음식,음식점,카페/전통찻집,620.0,1.0,59.0,9.0,12.0,8.0,10.0,5.0,5.0,10.0,33.4433286,126.2919658
카페텐저린,제주특별자치도 서귀포시 이어도로 880 ,음식점,음식,음식점,카페/전통찻집,206.0,1.0,27.0,5.0,6.0,2.0,4.0,2.0,5.0,3.0,33.2363429,126.5086719
카페한라산,제주특별자치도 제주시 면수1길 48 ,음식점,음식,음식점,카페/전통찻집,308.0,1.0,47.0,8.0,10.0,4.0,6.0,6.0,4.0,9.0,33.5246978,126.8629837
캐릭파크,제주특별자치도 제주시 조천읍 선교로 264 ,문화시설,인문(문화/예술/역사),문화시설,전시관,764.0,1.0,105.0,18.0,19.0,15.0,13.0,11.0,11.0,18.0,33.4793022,126.7006286
캔디원,제주특별자치도 제주시 조천읍 선교로 384 ,관광지,인문(문화/예술/역사),체험관광지,이색체험,1066.0,1.0,143.0,22.0,19.0,26.0,22.0,20.0,10.0,24.0,33.4712877,126.707937
캠파제주,제주특별자치도 서귀포시 516로 574-23 (상효동),레포츠,레포츠,육상 레포츠,"야영장,오토캠핑장",340.0,1.0,50.0,3.0,3.0,10.0,16.0,7.0,6.0,5.0,33.2984063,126.6009149
커피스케치,제주특별자치도 서귀포시 사계남로216번길 24-32 네덜란드엿보기전시관 ,음식점,음식,음식점,카페/전통찻집,205.0,1.0,16.0,6.0,3.0,3.0,1.0,0.0,3.0,0.0,33.2333579,126.3133497
커피템플,제주특별자치도 제주시 영평길 269 (월평동),음식점,음식,음식점,카페/전통찻집,592.0,1.0,49.0,15.0,10.0,3.0,6.0,5.0,5.0,5.0,33.4780569,126.5700107
컴플리트커피,제주특별자치도 제주시 노형6길 21 1층,음식점,음식,음식점,카페/전통찻집,206.0,1.0,23.0,6.0,1.0,1.0,4.0,3.0,1.0,7.0,33.4782533,126.491307
켄싱턴리조트서귀포,제주특별자치도 서귀포시 이어도로 684 ,숙박,인문(문화/예술/역사),휴양관광지,관광단지,431.0,1.0,66.0,6.0,5.0,6.0,13.0,14.0,9.0,13.0,,
코델리아리조트,제주특별자치도 서귀포시 성산읍 일주동로4120번길 23-20 ,관광지,인문(문화/예술/역사),휴양관광지,관광단지,383.0,1.0,35.0,7.0,9.0,3.0,5.0,3.0,4.0,4.0,33.4591059,126.9102124
코코리파이프,제주특별자치도 제주시 하귀6길 22 ,음식점,음식,음식점,서양식,237.0,1.0,34.0,7.0,5.0,2.0,7.0,3.0,4.0,6.0,33.4888546,126.4144067
코코마마,제주특별자치도 서귀포시 성산읍 일출로 258-11 ,음식점,음식,음식점,서양식,447.0,1.0,41.0,5.0,7.0,6.0,6.0,7.0,2.0,8.0,33.4610441,126.9342629
코코메아,제주특별자치도 제주시 판포중길 31 ,음식점,음식,음식점,카페/전통찻집,238.0,1.0,30.0,7.0,4.0,5.0,2.0,4.0,4.0,4.0,33.3597184,126.202494
크라운돼지,제주특별자치도 제주시 상가목장길 84 ,음식점,음식,음식점,한식,241.0,1.0,29.0,7.0,5.0,2.0,4.0,4.0,2.0,5.0,33.3928731,126.3816476
킴스캐빈,제주특별자치도 서귀포시 성산읍 시흥상동로53번길 88-54 ,숙박,숙박,숙박시설,펜션,262.0,1.0,28.0,7.0,6.0,2.0,3.0,3.0,3.0,4.0,33.4744649,126.8866861
타무라,제주특별자치도 제주시 중산간동로 670 1층,음식점,음식,음식점,이색음식점,295.0,1.0,38.0,6.0,4.0,8.0,5.0,4.0,1.0,10.0,33.4989102,126.6568797
타임스탬프,제주특별자치도 제주시 조천읍 신북로 92-1 1층,음식점,음식,음식점,카페/전통찻집,256.0,1.0,31.0,6.0,3.0,2.0,2.0,4.0,6.0,8.0,33.5350161,126.6235637
태광식당,제주특별자치도 제주시 탑동로 144 (용담일동),음식점,음식,음식점,한식,354.0,1.0,39.0,10.0,2.0,2.0,6.0,5.0,5.0,9.0,33.5126649,126.5186913
태웃개,제주특별자치도 서귀포시 남원읍 태위로398번길 57 ,관광지,자연,자연관광지,항구/포구,947.0,1.0,77.0,10.0,11.0,14.0,8.0,8.0,14.0,12.0,33.2706694,126.6908148
털보네장원랜드,제주특별자치도 제주시 1100로 3001 ,음식점,음식,음식점,일식,284.0,1.0,42.0,9.0,11.0,5.0,3.0,9.0,3.0,2.0,,
테디베어뮤지엄제주,제주특별자치도 서귀포시 중문관광로110번길 31 (색달동),문화시설,인문(문화/예술/역사),문화시설,박물관,3128.0,1.0,266.0,58.0,50.0,26.0,30.0,32.0,27.0,43.0,33.2499815,126.4121571
토끼와거북이,"제주특별자치도 제주시 서해안로 498-6 (용담삼동,블루문)",음식점,음식,음식점,한식,1697.0,1.0,89.0,23.0,15.0,8.0,12.0,9.0,9.0,13.0,33.5189764,126.49214
토스카나호텔,제주특별자치도 서귀포시 용흥로66번길 158-7 토스카나 가족호텔 ,숙박,숙박,숙박시설,관광호텔,446.0,1.0,47.0,9.0,10.0,4.0,3.0,5.0,8.0,8.0,33.2654814,126.4842785
토이파크,제주특별자치도 서귀포시 안덕면 동광로 267-7 ,관광지,인문(문화/예술/역사),문화시설,박물관,1141.0,1.0,148.0,29.0,32.0,22.0,22.0,15.0,13.0,15.0,33.3189962,126.3456767
톰톰카레,제주특별자치도 제주시 해맞이해안로 1112 ,음식점,음식,음식점,이색음식점,417.0,1.0,61.0,12.0,10.0,7.0,6.0,7.0,4.0,15.0,33.5290971,126.8463777
트라이브,제주특별자치도 제주시 애월로 11 ,음식점,음식,음식점,카페/전통찻집,329.0,1.0,39.0,9.0,5.0,4.0,5.0,8.0,3.0,5.0,33.460236,126.3112022
틸다하우스,제주특별자치도 제주시 중산간서로 3367-1 ,숙박,숙박,숙박시설,펜션,1053.0,1.0,122.0,17.0,20.0,22.0,14.0,15.0,9.0,25.0,33.31092,126.2373473
파더스가든,제주특별자치도 서귀포시 안덕면 병악로 44-33 ,관광지,자연,자연관광지,수목원,775.0,1.0,92.0,24.0,15.0,13.0,11.0,8.0,6.0,15.0,33.2800295,126.3657111
판포포구,제주특별자치도 제주시 한경면 판포리 2877-3 ,관광지,자연,자연관광지,항구/포구,5424.0,1.0,260.0,43.0,56.0,31.0,32.0,33.0,29.0,36.0,33.3654094,126.1996228
팜밸리리조트,제주특별자치도 서귀포시 중산간서로 193 (강정동),숙박,인문(문화/예술/역사),휴양관광지,관광단지,204.0,1.0,34.0,8.0,2.0,3.0,4.0,4.0,2.0,11.0,33.2593043,126.4907423
팜핑제주,제주특별자치도 서귀포시 중산간서로400번길 105 (도순동),레포츠,레포츠,육상 레포츠,"야영장,오토캠핑장",184.0,1.0,32.0,5.0,6.0,1.0,2.0,6.0,4.0,8.0,33.2689768,126.4726432
팰롱팰롱빛나는,제주특별자치도 제주시 애월읍 애월해안로 474 ,쇼핑,쇼핑,쇼핑,특산물판매점,463.0,1.0,58.0,14.0,10.0,6.0,7.0,7.0,5.0,9.0,,
페를로,제주특별자치도 서귀포시 덕수회관로74번길 33 ,음식점,음식,음식점,서양식,382.0,1.0,40.0,3.0,7.0,7.0,6.0,4.0,2.0,11.0,33.2565954,126.3061941
펜션연리,제주특별자치도 서귀포시 논짓물로 50 (하예동),숙박,숙박,숙박시설,게스트하우스,132.0,1.0,13.0,1.0,2.0,4.0,1.0,2.0,1.0,2.0,33.2403591,126.3863078
펠리스타운,제주특별자치도 서귀포시 성산읍 시흥하동로50번길 23 ,숙박,숙박,숙박시설,유스호스텔,152.0,1.0,21.0,3.0,0.0,3.0,3.0,6.0,3.0,3.0,33.47445390000001,126.9079588
평대스낵,제주특별자치도 제주시 대수길 26 ,음식점,음식,음식점,한식,26.0,1.0,26.0,7.0,2.0,0.0,5.0,6.0,2.0,4.0,33.5354286,126.839358
평대해변,제주특별자치도 제주시 구좌읍 평대리 1994-20 ,관광지,자연,자연관광지,해수욕장,1199.0,1.0,112.0,29.0,15.0,16.0,11.0,9.0,15.0,17.0,33.533203,126.8406
평화통일불사리탑,제주특별자치도 제주시 조천읍 일주동로 884 (조천읍),관광지,인문(문화/예술/역사),역사관광지,사찰,1216.0,1.0,133.0,20.0,13.0,16.0,15.0,28.0,13.0,28.0,,
포도원흑돼지,제주특별자치도 제주시 1100로 3155 ,음식점,음식,음식점,한식,428.0,1.0,43.0,8.0,7.0,2.0,6.0,10.0,7.0,3.0,33.4682089,126.4847052
포도호텔,제주특별자치도 서귀포시 안덕면 산록남로 863 ,숙박,숙박,숙박시설,모텔,1269.0,1.0,177.0,37.0,26.0,23.0,19.0,28.0,17.0,27.0,33.315764,126.3873272
포레스트사파리,제주특별자치도 제주시 조천읍 선교로 474-1 ,관광지,인문(문화/예술/역사),휴양관광지,테마공원,972.0,1.0,92.0,14.0,19.0,10.0,16.0,10.0,5.0,18.0,,
풀베개,제주특별자치도 서귀포시 화순서서로 492-4 ,음식점,음식,음식점,카페/전통찻집,326.0,1.0,41.0,11.0,8.0,6.0,4.0,5.0,3.0,4.0,33.2854765,126.3032039
풍림다방송당점,제주특별자치도 제주시 중산간동로 2267-4 ,음식점,음식,음식점,카페/전통찻집,391.0,1.0,55.0,7.0,5.0,6.0,9.0,11.0,4.0,13.0,,
플레이스캠프제주,제주특별자치도 서귀포시 성산읍 동류암로 20 ,숙박,숙박,숙박시설,콘도미니엄,543.0,1.0,104.0,17.0,22.0,15.0,9.0,17.0,13.0,11.0,,
피규어뮤지엄제주,제주특별자치도 서귀포시 안덕면 한창로 243 ,쇼핑,쇼핑,쇼핑,사후면세점,1661.0,1.0,187.0,40.0,30.0,28.0,22.0,20.0,22.0,25.0,,
피어22,제주특별자치도 제주시 금능7길 22 금능어촌계복지회관 ,음식점,음식,음식점,서양식,833.0,1.0,97.0,20.0,20.0,14.0,7.0,15.0,8.0,13.0,33.3899216,126.227792
하고수동해변,제주특별자치도 제주시 우도면 연평리 ,관광지,자연,자연관광지,해수욕장,1368.0,1.0,91.0,14.0,26.0,9.0,6.0,14.0,10.0,12.0,33.5054213,126.9554832
하노이안브라더스,제주특별자치도 제주시 천수동로 1 (건입동) ,음식점,음식,음식점,이색음식점,312.0,1.0,44.0,5.0,9.0,4.0,8.0,6.0,6.0,6.0,33.5096412,126.5436129
하니크라운호텔,제주특별자치도 제주시 삼성로 10 ,숙박,숙박,숙박시설,관광호텔,342.0,1.0,52.0,10.0,7.0,11.0,4.0,8.0,4.0,8.0,33.5050011,126.5277575
하도해변,제주특별자치도 제주시 구좌읍 해맞이해안로 1973 ,관광지,자연,자연관광지,해수욕장,1968.0,1.0,193.0,45.0,23.0,19.0,20.0,32.0,18.0,36.0,33.5290971,126.8463777
하르방밀면,제주특별자치도 서귀포시 대정읍 동일하모로 229 ,음식점,음식,음식점,한식,125.0,1.0,27.0,5.0,3.0,4.0,6.0,4.0,1.0,4.0,,
하르방짬뽕,제주특별자치도 제주시 하귀동남4길 4 ,음식점,음식,음식점,중식,225.0,1.0,24.0,5.0,4.0,0.0,4.0,3.0,1.0,7.0,33.4824939,126.4124658
하멜기념비,제주특별자치도 서귀포시 안덕면 사계리 112-3 ,관광지,인문(문화/예술/역사),건축/조형물,기념탑/기념비/전망대,1119.0,1.0,122.0,16.0,12.0,15.0,27.0,13.0,17.0,22.0,33.2334813,126.3146307
하얀언덕,제주특별자치도 서귀포시 표선면 민속해안로 351 ,숙박,숙박,숙박시설,펜션,202.0,1.0,27.0,4.0,6.0,1.0,4.0,4.0,5.0,3.0,33.3114895,126.8340241
하우스레서피,제주특별자치도 제주시 한림읍 일주서로 5892 ,음식점,음식,음식점,카페/전통찻집,224.0,1.0,26.0,3.0,7.0,1.0,7.0,1.0,4.0,3.0,33.4439265,126.2954039
하하호호,제주특별자치도 제주시 우도해안길 532 ,음식점,음식,음식점,서양식,982.0,1.0,72.0,15.0,12.0,10.0,10.0,12.0,6.0,7.0,,
한국야구명예전당,제주특별자치도 서귀포시 중산간서로 97-1 (강정동),문화시설,인문(문화/예술/역사),문화시설,전시관,2112.0,1.0,207.0,43.0,22.0,26.0,24.0,32.0,20.0,40.0,,
한담해변,제주특별자치도 제주시 애월읍 애월로1길 26-4 ,관광지,자연,자연관광지,해수욕장,2485.0,1.0,191.0,28.0,38.0,29.0,22.0,17.0,22.0,35.0,33.462749,126.3100651
한라생태숲,제주특별자치도 제주시 516로 2596 ,관광지,자연,자연관광지,수목원,3045.0,1.0,122.0,30.0,12.0,18.0,21.0,15.0,16.0,10.0,33.4316359,126.603808
한라수목원,제주특별자치도 제주시 수목원길 72 (연동),관광지,자연,자연관광지,수목원,5036.0,1.0,539.0,88.0,110.0,73.0,65.0,76.0,51.0,76.0,33.4691312,126.4903542
한라식당,제주특별자치도 제주시 광양9길 19 ,음식점,음식,음식점,한식,223.0,1.0,20.0,5.0,0.0,7.0,1.0,0.0,4.0,3.0,33.3843125,126.8017998
한림공원,제주특별자치도 제주시 한림읍 한림로 300 ,관광지,인문(문화/예술/역사),휴양관광지,공원,8246.0,1.0,678.0,126.0,118.0,89.0,102.0,81.0,75.0,87.0,33.3883099,126.2394248
한림매일시장,제주특별자치도 제주시 한림읍 한림로 687 ,쇼핑,쇼핑,쇼핑,상설시장,1035.0,1.0,147.0,23.0,33.0,13.0,18.0,18.0,18.0,24.0,33.4161163,126.2649111
한림항,제주특별자치도 제주시 한림읍 한림해안로 192 ,관광지,자연,자연관광지,항구/포구,3006.0,1.0,214.0,43.0,40.0,36.0,24.0,20.0,22.0,29.0,33.4192401,126.2625971
한성식당,제주특별자치도 서귀포시 성산읍 일출로 287 ,음식점,음식,음식점,한식,233.0,1.0,25.0,5.0,4.0,4.0,2.0,2.0,4.0,4.0,33.4631651,126.9349485
한화리조트제주,제주특별자치도 제주시 명림로 575-107 ,숙박,인문(문화/예술/역사),휴양관광지,관광단지,1786.0,1.0,206.0,36.0,34.0,32.0,34.0,24.0,19.0,27.0,,
함덕민속오일시장,제주특별자치도 제주시 조천읍 함덕16길 15-13 ,쇼핑,쇼핑,쇼핑,5일장,1374.0,1.0,201.0,31.0,22.0,20.0,36.0,24.0,23.0,45.0,33.5401737,126.6679742
함덕삼다펜션,제주특별자치도 제주시 조천읍 조함해안로 488 ,숙박,숙박,숙박시설,펜션,688.0,1.0,74.0,16.0,12.0,6.0,10.0,11.0,10.0,9.0,33.5426734,126.6648439
함덕잠수함,제주특별자치도 제주시 조천읍 조함해안로 378 ,관광지,인문(문화/예술/역사),휴양관광지,유람선/잠수함관광,1403.0,1.0,115.0,20.0,19.0,13.0,18.0,17.0,11.0,17.0,,
해녀박물관,제주특별자치도 제주시 구좌읍 해녀박물관길 26 ,문화시설,인문(문화/예술/역사),문화시설,박물관,4791.0,1.0,318.0,56.0,57.0,55.0,49.0,32.0,24.0,45.0,33.523385,126.8622061
해녀세자매,제주특별자치도 제주시 한림읍 한림로3길 10-11 ,음식점,음식,음식점,한식,805.0,1.0,108.0,13.0,23.0,13.0,12.0,15.0,15.0,17.0,33.4139954,126.2606548
해녀의부엌북촌점,제주특별자치도 제주시 북촌9길 31 북촌리어촌계 ,음식점,음식,음식점,한식,575.0,1.0,31.0,6.0,4.0,4.0,0.0,7.0,3.0,7.0,,
해맞이해안로,제주특별자치도 제주시 구좌읍 김녕리 ,관광지,자연,자연관광지,자연생태관광지,1205.0,1.0,128.0,28.0,22.0,7.0,13.0,16.0,10.0,32.0,33.5389636,126.7494481
해성도뚜리,제주특별자치도 제주시 애월읍 애월해안로 682 ,음식점,음식,음식점,한식,317.0,1.0,36.0,7.0,5.0,1.0,8.0,5.0,5.0,5.0,33.481804,126.3750381
해왓,제주특별자치도 서귀포시 성산읍 신고로 30-1 ,음식점,음식,음식점,한식,280.0,1.0,25.0,6.0,5.0,3.0,4.0,1.0,2.0,4.0,33.438513,126.9171875
해주소반,"제주특별자치도 서귀포시 글로벌에듀로 370 이노에듀파크 105호, 106호",음식점,음식,음식점,한식,236.0,1.0,29.0,2.0,6.0,5.0,7.0,3.0,2.0,4.0,33.2807109,126.2782769
해품은체험농장,제주특별자치도 서귀포시 성산읍 서성일로 1078-14 ,관광지,인문(문화/예술/역사),산업관광지,기타,609.0,1.0,74.0,18.0,14.0,9.0,8.0,7.0,4.0,14.0,33.443438,126.8926365
허니문하우스,제주특별자치도 서귀포시 칠십리로 228-13 ,음식점,음식,음식점,카페/전통찻집,953.0,1.0,73.0,15.0,11.0,11.0,6.0,10.0,11.0,9.0,33.2458822,126.578581
헌마공신김만일기념관,제주특별자치도 서귀포시 서성로 919 ,문화시설,인문(문화/예술/역사),문화시설,기념관,421.0,1.0,46.0,9.0,12.0,11.0,4.0,1.0,3.0,6.0,33.31887750000001,126.6742738
헬로키티아일랜드,제주특별자치도 서귀포시 안덕면 한창로 340 ,문화시설,인문(문화/예술/역사),문화시설,전시관,7036.0,1.0,936.0,178.0,156.0,113.0,107.0,110.0,115.0,157.0,33.290091,126.352092
협재굴,제주특별자치도 제주시 한림읍 한림로 300 (한림읍),관광지,자연,자연관광지,동굴,3351.0,1.0,260.0,42.0,40.0,37.0,44.0,34.0,27.0,36.0,,
협재신국수,제주특별자치도 제주시 명재로 17 ,음식점,음식,음식점,한식,211.0,1.0,35.0,6.0,8.0,2.0,2.0,4.0,4.0,9.0,33.3951307,126.2488575
협재온다정,제주특별자치도 제주시 한림로 381-4 ,음식점,음식,음식점,한식,219.0,1.0,34.0,5.0,6.0,1.0,7.0,6.0,3.0,6.0,33.3970236,126.2434328
협재포구,제주특별자치도 제주시 한림읍 협재리 ,관광지,자연,자연관광지,항구/포구,727.0,1.0,69.0,23.0,10.0,7.0,6.0,5.0,5.0,13.0,33.3819398,126.2497525
협재해녀의집,제주특별자치도 제주시 한림읍 협재3길 19 ,음식점,음식,음식점,한식,948.0,1.0,84.0,14.0,13.0,7.0,7.0,11.0,22.0,10.0,33.3988809,126.2439254
협재해물라면오빠네,제주특별자치도 제주시 한림로 475 바다방면 1층,음식점,음식,음식점,한식,380.0,1.0,48.0,9.0,3.0,5.0,7.0,18.0,1.0,5.0,33.4020165,126.251045
협재해수욕장,제주특별자치도 제주시 한림읍 한림로 329-10 ,관광지,자연,자연관광지,해수욕장,33373.0,1.0,1935.0,304.0,341.0,304.0,283.0,211.0,210.0,282.0,33.39356,126.239538
형돈,제주특별자치도 제주시 구남로 22 ,음식점,음식,음식점,한식,182.0,1.0,27.0,6.0,3.0,3.0,4.0,1.0,0.0,10.0,33.4893373,126.5329324
형제섬,제주특별자치도 서귀포시 안덕면 사계리 산44,관광지,자연,자연관광지,섬,2050.0,1.0,154.0,27.0,20.0,15.0,26.0,17.0,12.0,37.0,33.2100186,126.3142952
형제해안도로,제주특별자치도 서귀포시 안덕면 사계리 3682 ,관광지,자연,자연관광지,자연생태관광지,1084.0,1.0,144.0,29.0,20.0,30.0,19.0,15.0,9.0,22.0,33.2010015,126.2801453
호텔리젠트마린,제주특별자치도 제주시 서부두2길 20 (건입동),숙박,숙박,숙박시설,모텔,261.0,1.0,38.0,4.0,5.0,4.0,7.0,3.0,3.0,12.0,,
호텔서귀피안,제주특별자치도 서귀포시 보목로64번길 178 (보목동),숙박,숙박,숙박시설,게스트하우스,147.0,1.0,16.0,4.0,3.0,0.0,1.0,2.0,2.0,4.0,33.2444011,126.5906654
호텔앨리스앤트렁크,제주특별자치도 제주시 연동12길 4 ,숙박,숙박,숙박시설,관광호텔,62.0,1.0,15.0,1.0,2.0,1.0,4.0,1.0,0.0,6.0,,
호텔레오,제주특별자치도 제주시 삼무로 14 (연동),숙박,숙박,숙박시설,관광호텔,285.0,1.0,38.0,6.0,9.0,4.0,7.0,7.0,1.0,4.0,33.4897519,126.4882605
호텔제이엠,제주특별자치도 제주시 삼무로1길 10-7 ,숙박,숙박,숙박시설,모텔,116.0,1.0,10.0,2.0,0.0,1.0,2.0,1.0,2.0,2.0,33.4904023,126.4887698
호텔컬리넌제주,제주특별자치도 제주시 사장1길 26 (연동) ,숙박,숙박,숙박시설,관광호텔,90.0,1.0,17.0,2.0,3.0,2.0,1.0,4.0,4.0,1.0,33.4854123,126.4928464
혼인지,제주특별자치도 서귀포시 성산읍 혼인지로 39-22 (성산읍),관광지,자연,자연관광지,자연생태관광지,3739.0,1.0,220.0,43.0,38.0,24.0,28.0,30.0,31.0,26.0,33.41514350000001,126.8938099
화조원,제주특별자치도 제주시 애월읍 애원로 804 ,관광지,인문(문화/예술/역사),휴양관광지,테마공원,1388.0,1.0,135.0,15.0,30.0,16.0,21.0,17.0,10.0,26.0,33.411109,126.3714311
환상숲곶자왈공원,제주특별자치도 제주시 한경면 저지리 2848-2 ,관광지,자연,자연관광지,자연휴양림,6303.0,1.0,567.0,81.0,100.0,90.0,79.0,96.0,45.0,76.0,,
황금어장,제주특별자치도 제주시 사장길 14 (연동),음식점,음식,음식점,한식,1169.0,1.0,29.0,8.0,5.0,4.0,4.0,2.0,2.0,4.0,33.2490972,126.5631376
황우지해안열두굴,제주특별자치도 서귀포시 남성로 93 (서홍동),관광지,자연,자연관광지,동굴,1220.0,1.0,136.0,31.0,16.0,17.0,13.0,26.0,14.0,19.0,,
회양과국수군,제주특별자치도 제주시 우도면 우도해안길270 1층 2호 ,음식점,음식,음식점,한식,262.0,1.0,31.0,9.0,6.0,2.0,2.0,5.0,2.0,5.0,,
효명사,제주특별자치도 서귀포시 516로 815-41 효명사 ,관광지,인문(문화/예술/역사),역사관광지,사찰,673.0,1.0,80.0,16.0,15.0,7.0,10.0,10.0,9.0,13.0,33.3227935,126.5956233
훈남횟집,제주특별자치도 제주시 함덕13길 7 1층,음식점,음식,음식점,한식,383.0,1.0,53.0,10.0,11.0,3.0,7.0,4.0,8.0,10.0,33.5421033,126.6678732
훈데르트바서파크,제주특별자치도 제주시 우도면 우도해안길 32-24 ,문화시설,인문(문화/예술/역사),문화시설,전시관,1666.0,1.0,148.0,33.0,22.0,23.0,17.0,16.0,16.0,21.0,33.4932337,126.9561537
휘닉스제주섭지코지,제주특별자치도 서귀포시 성산읍 섭지코지로 107 ,숙박,숙박,숙박시설,콘도미니엄,2850.0,1.0,210.0,38.0,35.0,38.0,26.0,27.0,23.0,23.0,,
휴림,제주특별자치도 제주시 애월읍 광령남서길 40 ,관광지,인문(문화/예술/역사),휴양관광지,테마공원,1637.0,1.0,120.0,21.0,19.0,16.0,17.0,15.0,15.0,17.0,33.443332,126.4292669
휴애리자연생활공원,제주특별자치도 서귀포시 남원읍 신례동로 256 ,관광지,인문(문화/예술/역사),휴양관광지,공원,13757.0,1.0,1111.0,219.0,185.0,148.0,164.0,128.0,97.0,170.0,,
휴일로,제주특별자치도 서귀포시 안덕면 난드르로 49-65 ,음식점,음식,음식점,카페/전통찻집,158.0,1.0,20.0,4.0,2.0,3.0,1.0,6.0,0.0,4.0,33.2322827,126.3663795
흑돈향,제주특별자치도 서귀포시 태평로 58 ,음식점,음식,음식점,한식,218.0,1.0,27.0,4.0,0.0,1.0,11.0,7.0,1.0,3.0,33.2446641,126.5294065
흑돼지거리,제주특별자치도 제주시 일도일동 ,관광지,인문(문화/예술/역사),체험관광지,이색거리,924.0,1.0,114.0,27.0,20.0,10.0,17.0,11.0,9.0,20.0,33.5153591,126.5420032
흑돼지구이집하영,제주특별자치도 서귀포시 천제연로 101 ,음식점,음식,음식점,한식,1117.0,1.0,108.0,17.0,27.0,13.0,12.0,14.0,13.0,12.0,,
흑한우명품관,제주특별자치도 서귀포시 일주동로 8421 ,음식점,음식,음식점,한식,715.0,1.0,71.0,9.0,10.0,10.0,17.0,5.0,8.0,12.0,33.2573483,126.5884481
1100고지습지,제주특별자치도 서귀포시 1100로 1555 ,관광지,자연,자연관광지,자연생태관광지,14221.0,1.0,4075.0,662.0,643.0,599.0,404.0,541.0,502.0,724.0,33.3575237,126.4628967
5.16도로숲터널,제주특별자치도 서귀포시 남원읍 신례천로 267-110 ,관광지,인문(문화/예술/역사),건축/조형물,터널,1772.0,1.0,148.0,33.0,19.0,21.0,23.0,26.0,12.0,14.0,33.3330338,126.6180657
513텐동,제주특별자치도 제주시 테우해안로 46 2층,음식점,음식,음식점,일식,409.0,1.0,37.0,5.0,9.0,8.0,10.0,1.0,2.0,2.0,33.495777,126.4399891
73st,제주특별자치도 제주시 해안마을길 73 ,음식점,음식,음식점,카페/전통찻집,219.0,1.0,32.0,11.0,3.0,1.0,6.0,2.0,1.0,8.0,33.4571058,126.4550379
9.81파크,제주특별자치도 제주시 애월읍 천덕로 880-24 ,레포츠,레포츠,육상 레포츠,카트,5731.0,1.0,396.0,72.0,65.0,42.0,63.0,53.0,48.0,53.0,,
BK호텔제주,제주특별자치도 서귀포시 칠십리로91번길 12 (서귀동) ,숙박,숙박,숙박시설,관광호텔,142.0,1.0,26.0,5.0,4.0,2.0,0.0,4.0,3.0,8.0,33.2410573,126.564319
