관광지명,주소,장소 카테고리,대분류,중분류,소분류,총 방문자수,기준월,월별 방문자수,월요일방문자수,화요일방문자수,수요일방문자수,목요일방문자수,금요일방문자수,토요일방문자수,일요일방문자수,정보,위도,경도
가파도,제주특별자치도 서귀포시 대정읍 가파로 ,관광지,자연,자연관광지,섬,12905.0,10.0,278.0,34.0,45.0,38.0,41.0,34.0,26.0,60.0,"'가파도'은/는 제주특별자치도 서귀포시 대정읍 가파로 에 위치한 관광지로, 관광지에 속하며, 대분류: 자연, 중분류: 자연관광지, 소분류: 섬입니다. 해당 관광지는 기준월(10.0) 동안 총 12905.0명의 방문자를 기록했습니다. 2월 한 달 동안 278.0명이 방문했습니다. 요일별 방문자수는 월요일 34.0명, 화요일 45.0명, 수요일 38.0명, 목요일 41.0명, 금요일 34.0명, 토요일 26.0명, 일요일 60.0명입니다.",33.1697336,126.271453
갈중이,제주특별자치도 서귀포시 사계남로216번길 24-61 갈중이 ,관광지,인문(문화/예술/역사),체험관광지,전통체험,500.0,10.0,18.0,6.0,2.0,3.0,2.0,2.0,1.0,2.0,"'갈중이'은/는 제주특별자치도 서귀포시 사계남로216번길 24-61 갈중이 에 위치한 관광지로, 관광지에 속하며, 대분류: 인문(문화/예술/역사), 중분류: 체험관광지, 소분류: 전통체험입니다. 해당 관광지는 기준월(10.0) 동안 총 500.0명의 방문자를 기록했습니다. 2월 한 달 동안 18.0명이 방문했습니다. 요일별 방문자수는 월요일 6.0명, 화요일 2.0명, 수요일 3.0명, 목요일 2.0명, 금요일 2.0명, 토요일 1.0명, 일요일 2.0명입니다.",33.2350546,126.3136741
감수굴밭담길,제주특별자치도 제주시 구좌읍 평대7길 34 ,관광지,인문(문화/예술/역사),체험관광지,농.산.어촌 체험,551.0,10.0,45.0,9.0,3.0,7.0,2.0,8.0,4.0,12.0,"'감수굴밭담길'은/는 제주특별자치도 제주시 구좌읍 평대7길 34 에 위치한 관광지로, 관광지에 속하며, 대분류: 인문(문화/예술/역사), 중분류: 체험관광지, 소분류: 농.산.어촌 체험입니다. 해당 관광지는 기준월(10.0) 동안 총 551.0명의 방문자를 기록했습니다. 2월 한 달 동안 45.0명이 방문했습니다. 요일별 방문자수는 월요일 9.0명, 화요일 3.0명, 수요일 7.0명, 목요일 2.0명, 금요일 8.0명, 토요일 4.0명, 일요일 12.0명입니다.",,
검멀레해변,제주특별자치도 제주시 우도면 우도해안길 (우도면),관광지,자연,자연관광지,해수욕장,3355.0,10.0,383.0,67.0,83.0,49.0,61.0,46.0,32.0,45.0,"'검멀레해변'은/는 제주특별자치도 제주시 우도면 우도해안길 (우도면)에 위치한 관광지로, 관광지에 속하며, 대분류: 자연, 중분류: 자연관광지, 소분류: 해수욕장입니다. 해당 관광지는 기준월(10.0) 동안 총 3355.0명의 방문자를 기록했습니다. 2월 한 달 동안 383.0명이 방문했습니다. 요일별 방문자수는 월요일 67.0명, 화요일 83.0명, 수요일 49.0명, 목요일 61.0명, 금요일 46.0명, 토요일 32.0명, 일요일 45.0명입니다.",33.5065528,126.9549021
고산일과해안도로,제주특별자치도 서귀포시 대정읍 신도리 3135-1 ,관광지,자연,자연관광지,자연생태관광지,542.0,10.0,32.0,4.0,6.0,4.0,3.0,0.0,1.0,14.0,"'고산일과해안도로'은/는 제주특별자치도 서귀포시 대정읍 신도리 3135-1 에 위치한 관광지로, 관광지에 속하며, 대분류: 자연, 중분류: 자연관광지, 소분류: 자연생태관광지입니다. 해당 관광지는 기준월(10.0) 동안 총 542.0명의 방문자를 기록했습니다. 2월 한 달 동안 32.0명이 방문했습니다. 요일별 방문자수는 월요일 4.0명, 화요일 6.0명, 수요일 4.0명, 목요일 3.0명, 금요일 0.0명, 토요일 1.0명, 일요일 14.0명입니다.",33.2575958,126.214254
곽지해수욕장,제주특별자치도 제주시 애월읍 곽지리 1565 ,관광지,자연,자연관광지,해수욕장,11572.0,10.0,533.0,102.0,88.0,87.0,65.0,62.0,54.0,75.0,"'곽지해수욕장'은/는 제주특별자치도 제주시 애월읍 곽지리 1565 에 위치한 관광지로, 관광지에 속하며, 대분류: 자연, 중분류: 자연관광지, 소분류: 해수욕장입니다. 해당 관광지는 기준월(10.0) 동안 총 11572.0명의 방문자를 기록했습니다. 2월 한 달 동안 533.0명이 방문했습니다. 요일별 방문자수는 월요일 102.0명, 화요일 88.0명, 수요일 87.0명, 목요일 65.0명, 금요일 62.0명, 토요일 54.0명, 일요일 75.0명입니다.",33.45329040000001,126.3212801
광치기해변,제주특별자치도 서귀포시 성산읍 고성리 ,관광지,자연,자연관광지,해수욕장,10642.0,10.0,606.0,109.0,112.0,99.0,88.0,54.0,38.0,106.0,"'광치기해변'은/는 제주특별자치도 서귀포시 성산읍 고성리 에 위치한 관광지로, 관광지에 속하며, 대분류: 자연, 중분류: 자연관광지, 소분류: 해수욕장입니다. 해당 관광지는 기준월(10.0) 동안 총 10642.0명의 방문자를 기록했습니다. 2월 한 달 동안 606.0명이 방문했습니다. 요일별 방문자수는 월요일 109.0명, 화요일 112.0명, 수요일 99.0명, 목요일 88.0명, 금요일 54.0명, 토요일 38.0명, 일요일 106.0명입니다.",33.4370258,126.9224025
구엄포구,제주특별자치도 제주시 애월읍 구엄리 607-5 일대 ,관광지,자연,자연관광지,항구/포구,563.0,10.0,38.0,8.0,6.0,1.0,6.0,5.0,3.0,9.0,"'구엄포구'은/는 제주특별자치도 제주시 애월읍 구엄리 607-5 일대 에 위치한 관광지로, 관광지에 속하며, 대분류: 자연, 중분류: 자연관광지, 소분류: 항구/포구입니다. 해당 관광지는 기준월(10.0) 동안 총 563.0명의 방문자를 기록했습니다. 2월 한 달 동안 38.0명이 방문했습니다. 요일별 방문자수는 월요일 8.0명, 화요일 6.0명, 수요일 1.0명, 목요일 6.0명, 금요일 5.0명, 토요일 3.0명, 일요일 9.0명입니다.",33.4791227,126.3813732
금능포구,제주특별자치도 제주시 한림읍 금능리 ,관광지,인문(문화/예술/역사),체험관광지,농.산.어촌 체험,457.0,10.0,38.0,2.0,9.0,3.0,3.0,7.0,5.0,9.0,"'금능포구'은/는 제주특별자치도 제주시 한림읍 금능리 에 위치한 관광지로, 관광지에 속하며, 대분류: 인문(문화/예술/역사), 중분류: 체험관광지, 소분류: 농.산.어촌 체험입니다. 해당 관광지는 기준월(10.0) 동안 총 457.0명의 방문자를 기록했습니다. 2월 한 달 동안 38.0명이 방문했습니다. 요일별 방문자수는 월요일 2.0명, 화요일 9.0명, 수요일 3.0명, 목요일 3.0명, 금요일 7.0명, 토요일 5.0명, 일요일 9.0명입니다.",33.3700283,126.2392054
금능해수욕장,제주특별자치도 제주시 한림읍 금능길 119-10 ,관광지,자연,자연관광지,해수욕장,13346.0,10.0,693.0,116.0,96.0,82.0,134.0,83.0,58.0,124.0,"'금능해수욕장'은/는 제주특별자치도 제주시 한림읍 금능길 119-10 에 위치한 관광지로, 관광지에 속하며, 대분류: 자연, 중분류: 자연관광지, 소분류: 해수욕장입니다. 해당 관광지는 기준월(10.0) 동안 총 13346.0명의 방문자를 기록했습니다. 2월 한 달 동안 693.0명이 방문했습니다. 요일별 방문자수는 월요일 116.0명, 화요일 96.0명, 수요일 82.0명, 목요일 134.0명, 금요일 83.0명, 토요일 58.0명, 일요일 124.0명입니다.",33.3911311,126.2362647
김경숙해바라기농장,제주특별자치도 제주시 번영로 854-1 (회천동) ,관광지,자연,자연관광지,자연생태관광지,4832.0,10.0,285.0,49.0,33.0,44.0,39.0,35.0,25.0,60.0,"'김경숙해바라기농장'은/는 제주특별자치도 제주시 번영로 854-1 (회천동) 에 위치한 관광지로, 관광지에 속하며, 대분류: 자연, 중분류: 자연관광지, 소분류: 자연생태관광지입니다. 해당 관광지는 기준월(10.0) 동안 총 4832.0명의 방문자를 기록했습니다. 2월 한 달 동안 285.0명이 방문했습니다. 요일별 방문자수는 월요일 49.0명, 화요일 33.0명, 수요일 44.0명, 목요일 39.0명, 금요일 35.0명, 토요일 25.0명, 일요일 60.0명입니다.",33.477406,126.62762
노을해안로,제주특별자치도 서귀포시 대정읍 영락리 ,관광지,자연,자연관광지,자연생태관광지,1349.0,10.0,108.0,20.0,14.0,9.0,7.0,20.0,21.0,17.0,"'노을해안로'은/는 제주특별자치도 서귀포시 대정읍 영락리 에 위치한 관광지로, 관광지에 속하며, 대분류: 자연, 중분류: 자연관광지, 소분류: 자연생태관광지입니다. 해당 관광지는 기준월(10.0) 동안 총 1349.0명의 방문자를 기록했습니다. 2월 한 달 동안 108.0명이 방문했습니다. 요일별 방문자수는 월요일 20.0명, 화요일 14.0명, 수요일 9.0명, 목요일 7.0명, 금요일 20.0명, 토요일 21.0명, 일요일 17.0명입니다.",33.2425714,126.2243799
논짓물,제주특별자치도 서귀포시 예래해안로 253 (하예동),관광지,자연,자연관광지,해수욕장,7654.0,10.0,188.0,20.0,24.0,35.0,25.0,24.0,19.0,41.0,"'논짓물'은/는 제주특별자치도 서귀포시 예래해안로 253 (하예동)에 위치한 관광지로, 관광지에 속하며, 대분류: 자연, 중분류: 자연관광지, 소분류: 해수욕장입니다. 해당 관광지는 기준월(10.0) 동안 총 7654.0명의 방문자를 기록했습니다. 2월 한 달 동안 188.0명이 방문했습니다. 요일별 방문자수는 월요일 20.0명, 화요일 24.0명, 수요일 35.0명, 목요일 25.0명, 금요일 24.0명, 토요일 19.0명, 일요일 41.0명입니다.",33.2399183,126.3797536
누웨마루거리,제주특별자치도 제주시 신광로 47 (연동) ,관광지,인문(문화/예술/역사),체험관광지,이색거리,2082.0,10.0,184.0,25.0,35.0,26.0,26.0,26.0,20.0,26.0,"'누웨마루거리'은/는 제주특별자치도 제주시 신광로 47 (연동) 에 위치한 관광지로, 관광지에 속하며, 대분류: 인문(문화/예술/역사), 중분류: 체험관광지, 소분류: 이색거리입니다. 해당 관광지는 기준월(10.0) 동안 총 2082.0명의 방문자를 기록했습니다. 2월 한 달 동안 184.0명이 방문했습니다. 요일별 방문자수는 월요일 25.0명, 화요일 35.0명, 수요일 26.0명, 목요일 26.0명, 금요일 26.0명, 토요일 20.0명, 일요일 26.0명입니다.",,
다려도,제주특별자치도 제주시 조천읍 북촌리 산 89,관광지,자연,자연관광지,섬,696.0,10.0,30.0,8.0,3.0,2.0,3.0,7.0,1.0,6.0,"'다려도'은/는 제주특별자치도 제주시 조천읍 북촌리 산 89에 위치한 관광지로, 관광지에 속하며, 대분류: 자연, 중분류: 자연관광지, 소분류: 섬입니다. 해당 관광지는 기준월(10.0) 동안 총 696.0명의 방문자를 기록했습니다. 2월 한 달 동안 30.0명이 방문했습니다. 요일별 방문자수는 월요일 8.0명, 화요일 3.0명, 수요일 2.0명, 목요일 3.0명, 금요일 7.0명, 토요일 1.0명, 일요일 6.0명입니다.",33.5374849,126.6939218
닭머르해안길,제주특별자치도 제주시 조천읍 신촌북3길 62-1 ,관광지,자연,자연관광지,자연생태관광지,12241.0,10.0,2099.0,350.0,350.0,245.0,289.0,228.0,291.0,346.0,"'닭머르해안길'은/는 제주특별자치도 제주시 조천읍 신촌북3길 62-1 에 위치한 관광지로, 관광지에 속하며, 대분류: 자연, 중분류: 자연관광지, 소분류: 자연생태관광지입니다. 해당 관광지는 기준월(10.0) 동안 총 12241.0명의 방문자를 기록했습니다. 2월 한 달 동안 2099.0명이 방문했습니다. 요일별 방문자수는 월요일 350.0명, 화요일 350.0명, 수요일 245.0명, 목요일 289.0명, 금요일 228.0명, 토요일 291.0명, 일요일 346.0명입니다.",33.5378704,126.6132214
대평포구,제주특별자치도 서귀포시 안덕면 창천리 914-5 ,관광지,자연,자연관광지,항구/포구,1424.0,10.0,118.0,20.0,20.0,18.0,23.0,8.0,12.0,17.0,"'대평포구'은/는 제주특별자치도 서귀포시 안덕면 창천리 914-5 에 위치한 관광지로, 관광지에 속하며, 대분류: 자연, 중분류: 자연관광지, 소분류: 항구/포구입니다. 해당 관광지는 기준월(10.0) 동안 총 1424.0명의 방문자를 기록했습니다. 2월 한 달 동안 118.0명이 방문했습니다. 요일별 방문자수는 월요일 20.0명, 화요일 20.0명, 수요일 18.0명, 목요일 23.0명, 금요일 8.0명, 토요일 12.0명, 일요일 17.0명입니다.",33.2594294,126.3576754
대포포구,제주특별자치도 서귀포시 대포로 172-8 (대포동),관광지,자연,자연관광지,항구/포구,585.0,10.0,29.0,6.0,3.0,5.0,3.0,2.0,3.0,7.0,"'대포포구'은/는 제주특별자치도 서귀포시 대포로 172-8 (대포동)에 위치한 관광지로, 관광지에 속하며, 대분류: 자연, 중분류: 자연관광지, 소분류: 항구/포구입니다. 해당 관광지는 기준월(10.0) 동안 총 585.0명의 방문자를 기록했습니다. 2월 한 달 동안 29.0명이 방문했습니다. 요일별 방문자수는 월요일 6.0명, 화요일 3.0명, 수요일 5.0명, 목요일 3.0명, 금요일 2.0명, 토요일 3.0명, 일요일 7.0명입니다.",33.2423126,126.4345568
도두항,제주특별자치도 제주시 도공로 2 (도두일동),관광지,자연,자연관광지,항구/포구,960.0,10.0,69.0,6.0,10.0,11.0,10.0,14.0,5.0,13.0,"'도두항'은/는 제주특별자치도 제주시 도공로 2 (도두일동)에 위치한 관광지로, 관광지에 속하며, 대분류: 자연, 중분류: 자연관광지, 소분류: 항구/포구입니다. 해당 관광지는 기준월(10.0) 동안 총 960.0명의 방문자를 기록했습니다. 2월 한 달 동안 69.0명이 방문했습니다. 요일별 방문자수는 월요일 6.0명, 화요일 10.0명, 수요일 11.0명, 목요일 10.0명, 금요일 14.0명, 토요일 5.0명, 일요일 13.0명입니다.",33.5060695,126.4649759
도치돌알파카목장,제주특별자치도 제주시 애월읍 도치돌길 293 ,관광지,인문(문화/예술/역사),체험관광지,농.산.어촌 체험,1675.0,10.0,84.0,11.0,14.0,14.0,9.0,17.0,10.0,9.0,"'도치돌알파카목장'은/는 제주특별자치도 제주시 애월읍 도치돌길 293 에 위치한 관광지로, 관광지에 속하며, 대분류: 인문(문화/예술/역사), 중분류: 체험관광지, 소분류: 농.산.어촌 체험입니다. 해당 관광지는 기준월(10.0) 동안 총 1675.0명의 방문자를 기록했습니다. 2월 한 달 동안 84.0명이 방문했습니다. 요일별 방문자수는 월요일 11.0명, 화요일 14.0명, 수요일 14.0명, 목요일 9.0명, 금요일 17.0명, 토요일 10.0명, 일요일 9.0명입니다.",,
돈내코,제주특별자치도 서귀포시 돈내코로 137 ,관광지,자연,자연관광지,계곡,6251.0,10.0,583.0,84.0,107.0,72.0,72.0,80.0,73.0,95.0,"'돈내코'은/는 제주특별자치도 서귀포시 돈내코로 137 에 위치한 관광지로, 관광지에 속하며, 대분류: 자연, 중분류: 자연관광지, 소분류: 계곡입니다. 해당 관광지는 기준월(10.0) 동안 총 6251.0명의 방문자를 기록했습니다. 2월 한 달 동안 583.0명이 방문했습니다. 요일별 방문자수는 월요일 84.0명, 화요일 107.0명, 수요일 72.0명, 목요일 72.0명, 금요일 80.0명, 토요일 73.0명, 일요일 95.0명입니다.",33.3510774,126.620716
동일리포구,제주특별자치도 서귀포시 대정읍 동일하모로98번길 14-32 ,관광지,자연,자연관광지,항구/포구,478.0,10.0,30.0,5.0,3.0,4.0,3.0,1.0,5.0,9.0,"'동일리포구'은/는 제주특별자치도 서귀포시 대정읍 동일하모로98번길 14-32 에 위치한 관광지로, 관광지에 속하며, 대분류: 자연, 중분류: 자연관광지, 소분류: 항구/포구입니다. 해당 관광지는 기준월(10.0) 동안 총 478.0명의 방문자를 기록했습니다. 2월 한 달 동안 30.0명이 방문했습니다. 요일별 방문자수는 월요일 5.0명, 화요일 3.0명, 수요일 4.0명, 목요일 3.0명, 금요일 1.0명, 토요일 5.0명, 일요일 9.0명입니다.",33.247276,126.2475706
두맹이골목,제주특별자치도 제주시 일도이동 1006-11,관광지,인문(문화/예술/역사),체험관광지,이색거리,741.0,10.0,55.0,6.0,10.0,6.0,13.0,5.0,3.0,12.0,"'두맹이골목'은/는 제주특별자치도 제주시 일도이동 1006-11에 위치한 관광지로, 관광지에 속하며, 대분류: 인문(문화/예술/역사), 중분류: 체험관광지, 소분류: 이색거리입니다. 해당 관광지는 기준월(10.0) 동안 총 741.0명의 방문자를 기록했습니다. 2월 한 달 동안 55.0명이 방문했습니다. 요일별 방문자수는 월요일 6.0명, 화요일 10.0명, 수요일 6.0명, 목요일 13.0명, 금요일 5.0명, 토요일 3.0명, 일요일 12.0명입니다.",33.5120308,126.5349279
마라도등대,"제주특별자치도 서귀포시 대정읍 마라로 (165, 마라도항로표지관리소) ",관광지,자연,자연관광지,등대,834.0,10.0,51.0,3.0,12.0,7.0,6.0,8.0,6.0,9.0,"'마라도등대'은/는 제주특별자치도 서귀포시 대정읍 마라로 (165, 마라도항로표지관리소) 에 위치한 관광지로, 관광지에 속하며, 대분류: 자연, 중분류: 자연관광지, 소분류: 등대입니다. 해당 관광지는 기준월(10.0) 동안 총 834.0명의 방문자를 기록했습니다. 2월 한 달 동안 51.0명이 방문했습니다. 요일별 방문자수는 월요일 3.0명, 화요일 12.0명, 수요일 7.0명, 목요일 6.0명, 금요일 8.0명, 토요일 6.0명, 일요일 9.0명입니다.",33.1697336,126.271453
마라도,제주특별자치도 서귀포시 대정읍 마라로101번길 46 ,관광지,자연,자연관광지,섬,6306.0,10.0,689.0,110.0,122.0,92.0,109.0,90.0,62.0,104.0,"'마라도'은/는 제주특별자치도 서귀포시 대정읍 마라로101번길 46 에 위치한 관광지로, 관광지에 속하며, 대분류: 자연, 중분류: 자연관광지, 소분류: 섬입니다. 해당 관광지는 기준월(10.0) 동안 총 6306.0명의 방문자를 기록했습니다. 2월 한 달 동안 689.0명이 방문했습니다. 요일별 방문자수는 월요일 110.0명, 화요일 122.0명, 수요일 92.0명, 목요일 109.0명, 금요일 90.0명, 토요일 62.0명, 일요일 104.0명입니다.",,
무수천,제주특별자치도 제주시 애월읍 무수천길 (애월읍) 일대,관광지,자연,자연관광지,계곡,814.0,10.0,40.0,7.0,3.0,4.0,6.0,8.0,7.0,5.0,"'무수천'은/는 제주특별자치도 제주시 애월읍 무수천길 (애월읍) 일대에 위치한 관광지로, 관광지에 속하며, 대분류: 자연, 중분류: 자연관광지, 소분류: 계곡입니다. 해당 관광지는 기준월(10.0) 동안 총 814.0명의 방문자를 기록했습니다. 2월 한 달 동안 40.0명이 방문했습니다. 요일별 방문자수는 월요일 7.0명, 화요일 3.0명, 수요일 4.0명, 목요일 6.0명, 금요일 8.0명, 토요일 7.0명, 일요일 5.0명입니다.",33.4633826,126.4445845
물뫼힐링팜,제주특별자치도 제주시 애월읍 예원로 51 ,관광지,인문(문화/예술/역사),체험관광지,이색체험,987.0,10.0,88.0,11.0,16.0,4.0,15.0,15.0,8.0,19.0,"'물뫼힐링팜'은/는 제주특별자치도 제주시 애월읍 예원로 51 에 위치한 관광지로, 관광지에 속하며, 대분류: 인문(문화/예술/역사), 중분류: 체험관광지, 소분류: 이색체험입니다. 해당 관광지는 기준월(10.0) 동안 총 987.0명의 방문자를 기록했습니다. 2월 한 달 동안 88.0명이 방문했습니다. 요일별 방문자수는 월요일 11.0명, 화요일 16.0명, 수요일 4.0명, 목요일 15.0명, 금요일 15.0명, 토요일 8.0명, 일요일 19.0명입니다.",33.4642593,126.3965364
박수기정,제주특별자치도 서귀포시 안덕면 난드르로 90-25 ,관광지,자연,자연관광지,해안절경,9479.0,10.0,844.0,135.0,118.0,110.0,81.0,125.0,124.0,151.0,"'박수기정'은/는 제주특별자치도 서귀포시 안덕면 난드르로 90-25 에 위치한 관광지로, 관광지에 속하며, 대분류: 자연, 중분류: 자연관광지, 소분류: 해안절경입니다. 해당 관광지는 기준월(10.0) 동안 총 9479.0명의 방문자를 기록했습니다. 2월 한 달 동안 844.0명이 방문했습니다. 요일별 방문자수는 월요일 135.0명, 화요일 118.0명, 수요일 110.0명, 목요일 81.0명, 금요일 125.0명, 토요일 124.0명, 일요일 151.0명입니다.",33.237153,126.3587249
발자국화석공원,제주특별자치도 서귀포시 대정읍 형제해안로 192 ,관광지,자연,관광자원,기암괴석,1281.0,10.0,103.0,17.0,15.0,17.0,11.0,7.0,15.0,21.0,"'발자국화석공원'은/는 제주특별자치도 서귀포시 대정읍 형제해안로 192 에 위치한 관광지로, 관광지에 속하며, 대분류: 자연, 중분류: 관광자원, 소분류: 기암괴석입니다. 해당 관광지는 기준월(10.0) 동안 총 1281.0명의 방문자를 기록했습니다. 2월 한 달 동안 103.0명이 방문했습니다. 요일별 방문자수는 월요일 17.0명, 화요일 15.0명, 수요일 17.0명, 목요일 11.0명, 금요일 7.0명, 토요일 15.0명, 일요일 21.0명입니다.",33.2173222,126.2930456
방선문,제주특별자치도 제주시 오라이동 39-1,관광지,자연,자연관광지,계곡,623.0,10.0,41.0,4.0,2.0,4.0,6.0,8.0,7.0,10.0,"'방선문'은/는 제주특별자치도 제주시 오라이동 39-1에 위치한 관광지로, 관광지에 속하며, 대분류: 자연, 중분류: 자연관광지, 소분류: 계곡입니다. 해당 관광지는 기준월(10.0) 동안 총 623.0명의 방문자를 기록했습니다. 2월 한 달 동안 41.0명이 방문했습니다. 요일별 방문자수는 월요일 4.0명, 화요일 2.0명, 수요일 4.0명, 목요일 6.0명, 금요일 8.0명, 토요일 7.0명, 일요일 10.0명입니다.",33.4712097,126.5020906
법환포구,제주특별자치도 서귀포시 막숙포로 46 (법환동),관광지,자연,자연관광지,항구/포구,2010.0,10.0,157.0,16.0,24.0,21.0,26.0,23.0,20.0,27.0,"'법환포구'은/는 제주특별자치도 서귀포시 막숙포로 46 (법환동)에 위치한 관광지로, 관광지에 속하며, 대분류: 자연, 중분류: 자연관광지, 소분류: 항구/포구입니다. 해당 관광지는 기준월(10.0) 동안 총 2010.0명의 방문자를 기록했습니다. 2월 한 달 동안 157.0명이 방문했습니다. 요일별 방문자수는 월요일 16.0명, 화요일 24.0명, 수요일 21.0명, 목요일 26.0명, 금요일 23.0명, 토요일 20.0명, 일요일 27.0명입니다.",33.2378108,126.5157218
보목포구,제주특별자치도 서귀포시 보목포로 46 (보목동),관광지,자연,자연관광지,항구/포구,1004.0,10.0,88.0,14.0,12.0,8.0,23.0,8.0,6.0,17.0,"'보목포구'은/는 제주특별자치도 서귀포시 보목포로 46 (보목동)에 위치한 관광지로, 관광지에 속하며, 대분류: 자연, 중분류: 자연관광지, 소분류: 항구/포구입니다. 해당 관광지는 기준월(10.0) 동안 총 1004.0명의 방문자를 기록했습니다. 2월 한 달 동안 88.0명이 방문했습니다. 요일별 방문자수는 월요일 14.0명, 화요일 12.0명, 수요일 8.0명, 목요일 23.0명, 금요일 8.0명, 토요일 6.0명, 일요일 17.0명입니다.",33.2395268,126.6073589
보통청춘기록실청춘사진관,제주특별자치도 제주시 한림읍 일주서로 5867 ,관광지,인문(문화/예술/역사),체험관광지,이색체험,786.0,10.0,35.0,9.0,5.0,3.0,4.0,6.0,3.0,5.0,"'보통청춘기록실청춘사진관'은/는 제주특별자치도 제주시 한림읍 일주서로 5867 에 위치한 관광지로, 관광지에 속하며, 대분류: 인문(문화/예술/역사), 중분류: 체험관광지, 소분류: 이색체험입니다. 해당 관광지는 기준월(10.0) 동안 총 786.0명의 방문자를 기록했습니다. 2월 한 달 동안 35.0명이 방문했습니다. 요일별 방문자수는 월요일 9.0명, 화요일 5.0명, 수요일 3.0명, 목요일 4.0명, 금요일 6.0명, 토요일 3.0명, 일요일 5.0명입니다.",,
북촌리4.3길,제주특별자치도 제주시 조천읍 북촌3길 3 ,관광지,자연,자연관광지,자연생태관광지,836.0,10.0,79.0,7.0,7.0,13.0,12.0,11.0,8.0,21.0,"'북촌리4.3길'은/는 제주특별자치도 제주시 조천읍 북촌3길 3 에 위치한 관광지로, 관광지에 속하며, 대분류: 자연, 중분류: 자연관광지, 소분류: 자연생태관광지입니다. 해당 관광지는 기준월(10.0) 동안 총 836.0명의 방문자를 기록했습니다. 2월 한 달 동안 79.0명이 방문했습니다. 요일별 방문자수는 월요일 7.0명, 화요일 7.0명, 수요일 13.0명, 목요일 12.0명, 금요일 11.0명, 토요일 8.0명, 일요일 21.0명입니다.",,
붉은오름자연휴양림,제주특별자치도 서귀포시 표선면 남조로 1487-73 ,관광지,자연,자연관광지,자연휴양림,3950.0,10.0,670.0,132.0,114.0,97.0,68.0,89.0,65.0,105.0,"'붉은오름자연휴양림'은/는 제주특별자치도 서귀포시 표선면 남조로 1487-73 에 위치한 관광지로, 관광지에 속하며, 대분류: 자연, 중분류: 자연관광지, 소분류: 자연휴양림입니다. 해당 관광지는 기준월(10.0) 동안 총 3950.0명의 방문자를 기록했습니다. 2월 한 달 동안 670.0명이 방문했습니다. 요일별 방문자수는 월요일 132.0명, 화요일 114.0명, 수요일 97.0명, 목요일 68.0명, 금요일 89.0명, 토요일 65.0명, 일요일 105.0명입니다.",,
비양도,제주특별자치도 제주시 한림읍 한림리 ,관광지,자연,자연관광지,섬,9499.0,10.0,1071.0,173.0,173.0,121.0,133.0,136.0,138.0,197.0,"'비양도'은/는 제주특별자치도 제주시 한림읍 한림리 에 위치한 관광지로, 관광지에 속하며, 대분류: 자연, 중분류: 자연관광지, 소분류: 섬입니다. 해당 관광지는 기준월(10.0) 동안 총 9499.0명의 방문자를 기록했습니다. 2월 한 달 동안 1071.0명이 방문했습니다. 요일별 방문자수는 월요일 173.0명, 화요일 173.0명, 수요일 121.0명, 목요일 133.0명, 금요일 136.0명, 토요일 138.0명, 일요일 197.0명입니다.",33.3819398,126.2497525
사계해변,제주특별자치도 서귀포시 안덕면 사계리 2147-35,관광지,자연,자연관광지,해수욕장,7256.0,10.0,491.0,81.0,83.0,59.0,47.0,73.0,52.0,96.0,"'사계해변'은/는 제주특별자치도 서귀포시 안덕면 사계리 2147-35에 위치한 관광지로, 관광지에 속하며, 대분류: 자연, 중분류: 자연관광지, 소분류: 해수욕장입니다. 해당 관광지는 기준월(10.0) 동안 총 7256.0명의 방문자를 기록했습니다. 2월 한 달 동안 491.0명이 방문했습니다. 요일별 방문자수는 월요일 81.0명, 화요일 83.0명, 수요일 59.0명, 목요일 47.0명, 금요일 73.0명, 토요일 52.0명, 일요일 96.0명입니다.",33.2281549,126.3083471
산지등대,제주특별자치도 제주시 사라봉동길 108-1 (건입동),관광지,자연,자연관광지,등대,1222.0,10.0,122.0,13.0,15.0,22.0,22.0,16.0,8.0,26.0,"'산지등대'은/는 제주특별자치도 제주시 사라봉동길 108-1 (건입동)에 위치한 관광지로, 관광지에 속하며, 대분류: 자연, 중분류: 자연관광지, 소분류: 등대입니다. 해당 관광지는 기준월(10.0) 동안 총 1222.0명의 방문자를 기록했습니다. 2월 한 달 동안 122.0명이 방문했습니다. 요일별 방문자수는 월요일 13.0명, 화요일 15.0명, 수요일 22.0명, 목요일 22.0명, 금요일 16.0명, 토요일 8.0명, 일요일 26.0명입니다.",33.5213689,126.5456439
산지천,제주특별자치도 제주시 건입동 ,관광지,자연,자연관광지,계곡,2021.0,10.0,147.0,31.0,17.0,20.0,19.0,19.0,14.0,27.0,"'산지천'은/는 제주특별자치도 제주시 건입동 에 위치한 관광지로, 관광지에 속하며, 대분류: 자연, 중분류: 자연관광지, 소분류: 계곡입니다. 해당 관광지는 기준월(10.0) 동안 총 2021.0명의 방문자를 기록했습니다. 2월 한 달 동안 147.0명이 방문했습니다. 요일별 방문자수는 월요일 31.0명, 화요일 17.0명, 수요일 20.0명, 목요일 19.0명, 금요일 19.0명, 토요일 14.0명, 일요일 27.0명입니다.",33.5153591,126.5420032
산천단곰솔,제주특별자치도 제주시 516로 3041-24 (아라일동),관광지,자연,관광자원,희귀동.식물,528.0,10.0,31.0,5.0,3.0,4.0,4.0,4.0,4.0,7.0,"'산천단곰솔'은/는 제주특별자치도 제주시 516로 3041-24 (아라일동)에 위치한 관광지로, 관광지에 속하며, 대분류: 자연, 중분류: 관광자원, 소분류: 희귀동.식물입니다. 해당 관광지는 기준월(10.0) 동안 총 528.0명의 방문자를 기록했습니다. 2월 한 달 동안 31.0명이 방문했습니다. 요일별 방문자수는 월요일 5.0명, 화요일 3.0명, 수요일 4.0명, 목요일 4.0명, 금요일 4.0명, 토요일 4.0명, 일요일 7.0명입니다.",33.44761440000001,126.5548272
삼양해수욕장,제주특별자치도 제주시 삼양이동 ,관광지,자연,자연관광지,해수욕장,3979.0,10.0,320.0,70.0,62.0,35.0,40.0,45.0,22.0,46.0,"'삼양해수욕장'은/는 제주특별자치도 제주시 삼양이동 에 위치한 관광지로, 관광지에 속하며, 대분류: 자연, 중분류: 자연관광지, 소분류: 해수욕장입니다. 해당 관광지는 기준월(10.0) 동안 총 3979.0명의 방문자를 기록했습니다. 2월 한 달 동안 320.0명이 방문했습니다. 요일별 방문자수는 월요일 70.0명, 화요일 62.0명, 수요일 35.0명, 목요일 40.0명, 금요일 45.0명, 토요일 22.0명, 일요일 46.0명입니다.",33.5152875,126.5914354
삼양해안도로,제주특별자치도 제주시 삼양삼동 2582-1 ,관광지,자연,자연관광지,자연생태관광지,481.0,10.0,35.0,7.0,3.0,3.0,4.0,7.0,4.0,7.0,"'삼양해안도로'은/는 제주특별자치도 제주시 삼양삼동 2582-1 에 위치한 관광지로, 관광지에 속하며, 대분류: 자연, 중분류: 자연관광지, 소분류: 자연생태관광지입니다. 해당 관광지는 기준월(10.0) 동안 총 481.0명의 방문자를 기록했습니다. 2월 한 달 동안 35.0명이 방문했습니다. 요일별 방문자수는 월요일 7.0명, 화요일 3.0명, 수요일 3.0명, 목요일 4.0명, 금요일 7.0명, 토요일 4.0명, 일요일 7.0명입니다.",33.52099949999999,126.5841277
서건도,제주특별자치도 서귀포시 강정동 ,관광지,자연,자연관광지,섬,2003.0,10.0,97.0,19.0,13.0,10.0,10.0,17.0,9.0,19.0,"'서건도'은/는 제주특별자치도 서귀포시 강정동 에 위치한 관광지로, 관광지에 속하며, 대분류: 자연, 중분류: 자연관광지, 소분류: 섬입니다. 해당 관광지는 기준월(10.0) 동안 총 2003.0명의 방문자를 기록했습니다. 2월 한 달 동안 97.0명이 방문했습니다. 요일별 방문자수는 월요일 19.0명, 화요일 13.0명, 수요일 10.0명, 목요일 10.0명, 금요일 17.0명, 토요일 9.0명, 일요일 19.0명입니다.",33.2300776,126.4984926
서귀포치유의숲,제주특별자치도 서귀포시 산록남로 2271 (호근동),관광지,인문(문화/예술/역사),휴양관광지,헬스투어,11271.0,10.0,576.0,101.0,89.0,86.0,92.0,84.0,54.0,70.0,"'서귀포치유의숲'은/는 제주특별자치도 서귀포시 산록남로 2271 (호근동)에 위치한 관광지로, 관광지에 속하며, 대분류: 인문(문화/예술/역사), 중분류: 휴양관광지, 소분류: 헬스투어입니다. 해당 관광지는 기준월(10.0) 동안 총 11271.0명의 방문자를 기록했습니다. 2월 한 달 동안 576.0명이 방문했습니다. 요일별 방문자수는 월요일 101.0명, 화요일 89.0명, 수요일 86.0명, 목요일 92.0명, 금요일 84.0명, 토요일 54.0명, 일요일 70.0명입니다.",33.3025489,126.5245747
서귀포자연휴양림,제주특별자치도 서귀포시 1100로 882 ,관광지,자연,자연관광지,자연휴양림,2851.0,10.0,264.0,44.0,37.0,31.0,40.0,46.0,28.0,38.0,"'서귀포자연휴양림'은/는 제주특별자치도 서귀포시 1100로 882 에 위치한 관광지로, 관광지에 속하며, 대분류: 자연, 중분류: 자연관광지, 소분류: 자연휴양림입니다. 해당 관광지는 기준월(10.0) 동안 총 2851.0명의 방문자를 기록했습니다. 2월 한 달 동안 264.0명이 방문했습니다. 요일별 방문자수는 월요일 44.0명, 화요일 37.0명, 수요일 31.0명, 목요일 40.0명, 금요일 46.0명, 토요일 28.0명, 일요일 38.0명입니다.",33.3107796,126.4597767
서귀포항,제주특별자치도 서귀포시 칠십리로72번길 14 (서귀동),관광지,자연,자연관광지,항구/포구,2308.0,10.0,175.0,31.0,32.0,30.0,24.0,19.0,13.0,26.0,"'서귀포항'은/는 제주특별자치도 서귀포시 칠십리로72번길 14 (서귀동)에 위치한 관광지로, 관광지에 속하며, 대분류: 자연, 중분류: 자연관광지, 소분류: 항구/포구입니다. 해당 관광지는 기준월(10.0) 동안 총 2308.0명의 방문자를 기록했습니다. 2월 한 달 동안 175.0명이 방문했습니다. 요일별 방문자수는 월요일 31.0명, 화요일 32.0명, 수요일 30.0명, 목요일 24.0명, 금요일 19.0명, 토요일 13.0명, 일요일 26.0명입니다.",33.2382947,126.5668633
서귀포해안,제주특별자치도 서귀포시 남성로128번길 13 (서홍동) ,관광지,자연,자연관광지,해안절경,444.0,10.0,24.0,3.0,3.0,4.0,3.0,3.0,1.0,7.0,"'서귀포해안'은/는 제주특별자치도 서귀포시 남성로128번길 13 (서홍동) 에 위치한 관광지로, 관광지에 속하며, 대분류: 자연, 중분류: 자연관광지, 소분류: 해안절경입니다. 해당 관광지는 기준월(10.0) 동안 총 444.0명의 방문자를 기록했습니다. 2월 한 달 동안 24.0명이 방문했습니다. 요일별 방문자수는 월요일 3.0명, 화요일 3.0명, 수요일 4.0명, 목요일 3.0명, 금요일 3.0명, 토요일 1.0명, 일요일 7.0명입니다.",33.2857414,126.51819
섭지코지,제주특별자치도 서귀포시 성산읍 섭지코지로 107 ,관광지,자연,자연관광지,해안절경,37459.0,10.0,3338.0,589.0,566.0,471.0,510.0,393.0,317.0,492.0,"'섭지코지'은/는 제주특별자치도 서귀포시 성산읍 섭지코지로 107 에 위치한 관광지로, 관광지에 속하며, 대분류: 자연, 중분류: 자연관광지, 소분류: 해안절경입니다. 해당 관광지는 기준월(10.0) 동안 총 37459.0명의 방문자를 기록했습니다. 2월 한 달 동안 3338.0명이 방문했습니다. 요일별 방문자수는 월요일 589.0명, 화요일 566.0명, 수요일 471.0명, 목요일 510.0명, 금요일 393.0명, 토요일 317.0명, 일요일 492.0명입니다.",33.4300919,126.9272996
성읍녹차마을,제주특별자치도 서귀포시 중산간동로 4778 녹차가공공장 ,관광지,인문(문화/예술/역사),체험관광지,농.산.어촌 체험,1271.0,10.0,78.0,15.0,12.0,12.0,13.0,8.0,6.0,12.0,"'성읍녹차마을'은/는 제주특별자치도 서귀포시 중산간동로 4778 녹차가공공장 에 위치한 관광지로, 관광지에 속하며, 대분류: 인문(문화/예술/역사), 중분류: 체험관광지, 소분류: 농.산.어촌 체험입니다. 해당 관광지는 기준월(10.0) 동안 총 1271.0명의 방문자를 기록했습니다. 2월 한 달 동안 78.0명이 방문했습니다. 요일별 방문자수는 월요일 15.0명, 화요일 12.0명, 수요일 12.0명, 목요일 13.0명, 금요일 8.0명, 토요일 6.0명, 일요일 12.0명입니다.",33.3810103,126.7901958
성읍민속마을,제주특별자치도 서귀포시 표선면 성읍정의현로 19 ,관광지,인문(문화/예술/역사),역사관광지,민속마을,8542.0,10.0,897.0,167.0,138.0,113.0,116.0,97.0,109.0,157.0,"'성읍민속마을'은/는 제주특별자치도 서귀포시 표선면 성읍정의현로 19 에 위치한 관광지로, 관광지에 속하며, 대분류: 인문(문화/예술/역사), 중분류: 역사관광지, 소분류: 민속마을입니다. 해당 관광지는 기준월(10.0) 동안 총 8542.0명의 방문자를 기록했습니다. 2월 한 달 동안 897.0명이 방문했습니다. 요일별 방문자수는 월요일 167.0명, 화요일 138.0명, 수요일 113.0명, 목요일 116.0명, 금요일 97.0명, 토요일 109.0명, 일요일 157.0명입니다.",33.3844862,126.8003558
성이시돌목장,제주특별자치도 제주시 한림읍 산록남로 53 ,관광지,인문(문화/예술/역사),체험관광지,농.산.어촌 체험,11292.0,10.0,1183.0,174.0,165.0,155.0,165.0,179.0,152.0,193.0,"'성이시돌목장'은/는 제주특별자치도 제주시 한림읍 산록남로 53 에 위치한 관광지로, 관광지에 속하며, 대분류: 인문(문화/예술/역사), 중분류: 체험관광지, 소분류: 농.산.어촌 체험입니다. 해당 관광지는 기준월(10.0) 동안 총 11292.0명의 방문자를 기록했습니다. 2월 한 달 동안 1183.0명이 방문했습니다. 요일별 방문자수는 월요일 174.0명, 화요일 165.0명, 수요일 155.0명, 목요일 165.0명, 금요일 179.0명, 토요일 152.0명, 일요일 193.0명입니다.",33.3459727,126.3215552
세화해변,제주특별자치도 제주시 구좌읍 세화길 (구좌읍),관광지,자연,자연관광지,해수욕장,11079.0,10.0,611.0,73.0,99.0,105.0,75.0,85.0,58.0,116.0,"'세화해변'은/는 제주특별자치도 제주시 구좌읍 세화길 (구좌읍)에 위치한 관광지로, 관광지에 속하며, 대분류: 자연, 중분류: 자연관광지, 소분류: 해수욕장입니다. 해당 관광지는 기준월(10.0) 동안 총 11079.0명의 방문자를 기록했습니다. 2월 한 달 동안 611.0명이 방문했습니다. 요일별 방문자수는 월요일 73.0명, 화요일 99.0명, 수요일 105.0명, 목요일 75.0명, 금요일 85.0명, 토요일 58.0명, 일요일 116.0명입니다.",33.5233947,126.8622722
소남머리,제주특별자치도 서귀포시 칠십리로 145 (서귀동) ,관광지,자연,자연관광지,해안절경,535.0,10.0,44.0,3.0,9.0,5.0,6.0,8.0,5.0,8.0,"'소남머리'은/는 제주특별자치도 서귀포시 칠십리로 145 (서귀동) 에 위치한 관광지로, 관광지에 속하며, 대분류: 자연, 중분류: 자연관광지, 소분류: 해안절경입니다. 해당 관광지는 기준월(10.0) 동안 총 535.0명의 방문자를 기록했습니다. 2월 한 달 동안 44.0명이 방문했습니다. 요일별 방문자수는 월요일 3.0명, 화요일 9.0명, 수요일 5.0명, 목요일 6.0명, 금요일 8.0명, 토요일 5.0명, 일요일 8.0명입니다.",33.2443044,126.5690477
소천지,제주특별자치도 서귀포시 보목동 1400 (보목동),관광지,자연,자연관광지,해안절경,4918.0,10.0,350.0,54.0,65.0,59.0,42.0,57.0,40.0,33.0,"'소천지'은/는 제주특별자치도 서귀포시 보목동 1400 (보목동)에 위치한 관광지로, 관광지에 속하며, 대분류: 자연, 중분류: 자연관광지, 소분류: 해안절경입니다. 해당 관광지는 기준월(10.0) 동안 총 4918.0명의 방문자를 기록했습니다. 2월 한 달 동안 350.0명이 방문했습니다. 요일별 방문자수는 월요일 54.0명, 화요일 65.0명, 수요일 59.0명, 목요일 42.0명, 금요일 57.0명, 토요일 40.0명, 일요일 33.0명입니다.",33.2417541,126.6027128
쇠소깍,제주특별자치도 서귀포시 쇠소깍로 128 (하효동),관광지,자연,자연관광지,계곡,38097.0,10.0,2643.0,468.0,416.0,311.0,322.0,311.0,305.0,510.0,"'쇠소깍'은/는 제주특별자치도 서귀포시 쇠소깍로 128 (하효동)에 위치한 관광지로, 관광지에 속하며, 대분류: 자연, 중분류: 자연관광지, 소분류: 계곡입니다. 해당 관광지는 기준월(10.0) 동안 총 38097.0명의 방문자를 기록했습니다. 2월 한 달 동안 2643.0명이 방문했습니다. 요일별 방문자수는 월요일 468.0명, 화요일 416.0명, 수요일 311.0명, 목요일 322.0명, 금요일 311.0명, 토요일 305.0명, 일요일 510.0명입니다.",33.2522494,126.6230068
술다끄는집,제주특별자치도 서귀포시 성읍정의현로56번길 5 ,문화시설,인문(문화/예술/역사),체험관광지,이색체험,299.0,10.0,11.0,1.0,2.0,1.0,3.0,3.0,1.0,0.0,"'술다끄는집'은/는 제주특별자치도 서귀포시 성읍정의현로56번길 5 에 위치한 관광지로, 문화시설에 속하며, 대분류: 인문(문화/예술/역사), 중분류: 체험관광지, 소분류: 이색체험입니다. 해당 관광지는 기준월(10.0) 동안 총 299.0명의 방문자를 기록했습니다. 2월 한 달 동안 11.0명이 방문했습니다. 요일별 방문자수는 월요일 1.0명, 화요일 2.0명, 수요일 1.0명, 목요일 3.0명, 금요일 3.0명, 토요일 1.0명, 일요일 0.0명입니다.",,
쉬리의언덕,제주특별자치도 서귀포시 색달동 3093-1,관광지,자연,자연관광지,자연생태관광지,1722.0,10.0,115.0,20.0,28.0,13.0,13.0,17.0,8.0,16.0,"'쉬리의언덕'은/는 제주특별자치도 서귀포시 색달동 3093-1에 위치한 관광지로, 관광지에 속하며, 대분류: 자연, 중분류: 자연관광지, 소분류: 자연생태관광지입니다. 해당 관광지는 기준월(10.0) 동안 총 1722.0명의 방문자를 기록했습니다. 2월 한 달 동안 115.0명이 방문했습니다. 요일별 방문자수는 월요일 20.0명, 화요일 28.0명, 수요일 13.0명, 목요일 13.0명, 금요일 17.0명, 토요일 8.0명, 일요일 16.0명입니다.",33.245437,126.405584
신도포구,제주특별자치도 서귀포시 대정읍 신도리 3046-2 ,관광지,자연,자연관광지,항구/포구,569.0,10.0,33.0,9.0,2.0,4.0,1.0,5.0,2.0,10.0,"'신도포구'은/는 제주특별자치도 서귀포시 대정읍 신도리 3046-2 에 위치한 관광지로, 관광지에 속하며, 대분류: 자연, 중분류: 자연관광지, 소분류: 항구/포구입니다. 해당 관광지는 기준월(10.0) 동안 총 569.0명의 방문자를 기록했습니다. 2월 한 달 동안 33.0명이 방문했습니다. 요일별 방문자수는 월요일 9.0명, 화요일 2.0명, 수요일 4.0명, 목요일 1.0명, 금요일 5.0명, 토요일 2.0명, 일요일 10.0명입니다.",33.2832753,126.1916943
신비의도로,제주특별자치도 제주시 노형동 ,관광지,인문(문화/예술/역사),체험관광지,이색체험,4799.0,10.0,287.0,40.0,43.0,39.0,41.0,48.0,27.0,49.0,"'신비의도로'은/는 제주특별자치도 제주시 노형동 에 위치한 관광지로, 관광지에 속하며, 대분류: 인문(문화/예술/역사), 중분류: 체험관광지, 소분류: 이색체험입니다. 해당 관광지는 기준월(10.0) 동안 총 4799.0명의 방문자를 기록했습니다. 2월 한 달 동안 287.0명이 방문했습니다. 요일별 방문자수는 월요일 40.0명, 화요일 43.0명, 수요일 39.0명, 목요일 41.0명, 금요일 48.0명, 토요일 27.0명, 일요일 49.0명입니다.",33.4511084,126.4872373
신양섭지해수욕장,제주특별자치도 서귀포시 성산읍 섭지코지로 107 ,관광지,자연,자연관광지,해수욕장,2736.0,10.0,134.0,16.0,23.0,19.0,21.0,18.0,9.0,28.0,"'신양섭지해수욕장'은/는 제주특별자치도 서귀포시 성산읍 섭지코지로 107 에 위치한 관광지로, 관광지에 속하며, 대분류: 자연, 중분류: 자연관광지, 소분류: 해수욕장입니다. 해당 관광지는 기준월(10.0) 동안 총 2736.0명의 방문자를 기록했습니다. 2월 한 달 동안 134.0명이 방문했습니다. 요일별 방문자수는 월요일 16.0명, 화요일 23.0명, 수요일 19.0명, 목요일 21.0명, 금요일 18.0명, 토요일 9.0명, 일요일 28.0명입니다.",33.4300919,126.9272996
신창풍차해안도로,제주특별자치도 제주시 한경면 신창리 1322-1 ,관광지,자연,자연관광지,자연생태관광지,8862.0,10.0,772.0,121.0,123.0,108.0,103.0,106.0,91.0,120.0,"'신창풍차해안도로'은/는 제주특별자치도 제주시 한경면 신창리 1322-1 에 위치한 관광지로, 관광지에 속하며, 대분류: 자연, 중분류: 자연관광지, 소분류: 자연생태관광지입니다. 해당 관광지는 기준월(10.0) 동안 총 8862.0명의 방문자를 기록했습니다. 2월 한 달 동안 772.0명이 방문했습니다. 요일별 방문자수는 월요일 121.0명, 화요일 123.0명, 수요일 108.0명, 목요일 103.0명, 금요일 106.0명, 토요일 91.0명, 일요일 120.0명입니다.",33.3434277,126.1739088
신천리벽화마을,제주특별자치도 서귀포시 성산읍 신천리 478-1,관광지,인문(문화/예술/역사),체험관광지,이색체험,757.0,10.0,57.0,14.0,13.0,4.0,10.0,3.0,5.0,8.0,"'신천리벽화마을'은/는 제주특별자치도 서귀포시 성산읍 신천리 478-1에 위치한 관광지로, 관광지에 속하며, 대분류: 인문(문화/예술/역사), 중분류: 체험관광지, 소분류: 이색체험입니다. 해당 관광지는 기준월(10.0) 동안 총 757.0명의 방문자를 기록했습니다. 2월 한 달 동안 57.0명이 방문했습니다. 요일별 방문자수는 월요일 14.0명, 화요일 13.0명, 수요일 4.0명, 목요일 10.0명, 금요일 3.0명, 토요일 5.0명, 일요일 8.0명입니다.",,
신풍리밭담길,제주특별자치도 서귀포시 성산읍 신풍하동로 39 ,레포츠,인문(문화/예술/역사),체험관광지,이색거리,745.0,10.0,56.0,15.0,3.0,6.0,4.0,10.0,6.0,12.0,"'신풍리밭담길'은/는 제주특별자치도 서귀포시 성산읍 신풍하동로 39 에 위치한 관광지로, 레포츠에 속하며, 대분류: 인문(문화/예술/역사), 중분류: 체험관광지, 소분류: 이색거리입니다. 해당 관광지는 기준월(10.0) 동안 총 745.0명의 방문자를 기록했습니다. 2월 한 달 동안 56.0명이 방문했습니다. 요일별 방문자수는 월요일 15.0명, 화요일 3.0명, 수요일 6.0명, 목요일 4.0명, 금요일 10.0명, 토요일 6.0명, 일요일 12.0명입니다.",,
싱계물공원,제주특별자치도 제주시 한경면 신창리 1322-1 ,관광지,자연,자연관광지,자연생태관광지,4067.0,10.0,390.0,65.0,72.0,50.0,59.0,27.0,51.0,66.0,"'싱계물공원'은/는 제주특별자치도 제주시 한경면 신창리 1322-1 에 위치한 관광지로, 관광지에 속하며, 대분류: 자연, 중분류: 자연관광지, 소분류: 자연생태관광지입니다. 해당 관광지는 기준월(10.0) 동안 총 4067.0명의 방문자를 기록했습니다. 2월 한 달 동안 390.0명이 방문했습니다. 요일별 방문자수는 월요일 65.0명, 화요일 72.0명, 수요일 50.0명, 목요일 59.0명, 금요일 27.0명, 토요일 51.0명, 일요일 66.0명입니다.",,
아날로그감귤밭,제주특별자치도 제주시 해안마을8길 46 (해안동),관광지,인문(문화/예술/역사),체험관광지,농.산.어촌 체험,2457.0,10.0,224.0,45.0,55.0,19.0,29.0,20.0,20.0,36.0,"'아날로그감귤밭'은/는 제주특별자치도 제주시 해안마을8길 46 (해안동)에 위치한 관광지로, 관광지에 속하며, 대분류: 인문(문화/예술/역사), 중분류: 체험관광지, 소분류: 농.산.어촌 체험입니다. 해당 관광지는 기준월(10.0) 동안 총 2457.0명의 방문자를 기록했습니다. 2월 한 달 동안 224.0명이 방문했습니다. 요일별 방문자수는 월요일 45.0명, 화요일 55.0명, 수요일 19.0명, 목요일 29.0명, 금요일 20.0명, 토요일 20.0명, 일요일 36.0명입니다.",33.455681,126.4509292
안덕계곡,제주특별자치도 서귀포시 안덕면 일주서로 1524 ,관광지,자연,자연관광지,계곡,4621.0,10.0,433.0,64.0,68.0,40.0,57.0,57.0,58.0,89.0,"'안덕계곡'은/는 제주특별자치도 서귀포시 안덕면 일주서로 1524 에 위치한 관광지로, 관광지에 속하며, 대분류: 자연, 중분류: 자연관광지, 소분류: 계곡입니다. 해당 관광지는 기준월(10.0) 동안 총 4621.0명의 방문자를 기록했습니다. 2월 한 달 동안 433.0명이 방문했습니다. 요일별 방문자수는 월요일 64.0명, 화요일 68.0명, 수요일 40.0명, 목요일 57.0명, 금요일 57.0명, 토요일 58.0명, 일요일 89.0명입니다.",33.258442,126.3529777
엉덩물계곡,제주특별자치도 서귀포시 중문관광로 192 (중문동),관광지,자연,자연관광지,계곡,5162.0,10.0,126.0,20.0,17.0,18.0,22.0,10.0,13.0,26.0,"'엉덩물계곡'은/는 제주특별자치도 서귀포시 중문관광로 192 (중문동)에 위치한 관광지로, 관광지에 속하며, 대분류: 자연, 중분류: 자연관광지, 소분류: 계곡입니다. 해당 관광지는 기준월(10.0) 동안 총 5162.0명의 방문자를 기록했습니다. 2월 한 달 동안 126.0명이 방문했습니다. 요일별 방문자수는 월요일 20.0명, 화요일 17.0명, 수요일 18.0명, 목요일 22.0명, 금요일 10.0명, 토요일 13.0명, 일요일 26.0명입니다.",33.2473317,126.4180777
엉알해안,제주특별자치도 제주시 한경면 고산리 3671-1,관광지,자연,자연관광지,해안절경,1576.0,10.0,147.0,18.0,19.0,23.0,29.0,23.0,8.0,27.0,"'엉알해안'은/는 제주특별자치도 제주시 한경면 고산리 3671-1에 위치한 관광지로, 관광지에 속하며, 대분류: 자연, 중분류: 자연관광지, 소분류: 해안절경입니다. 해당 관광지는 기준월(10.0) 동안 총 1576.0명의 방문자를 기록했습니다. 2월 한 달 동안 147.0명이 방문했습니다. 요일별 방문자수는 월요일 18.0명, 화요일 19.0명, 수요일 23.0명, 목요일 29.0명, 금요일 23.0명, 토요일 8.0명, 일요일 27.0명입니다.",33.2988351,126.1686043
엉알해안산책로,제주특별자치도 제주시 한경면 노을해안로 1143 ,관광지,자연,자연관광지,해안절경,2032.0,10.0,154.0,27.0,23.0,17.0,23.0,17.0,19.0,28.0,"'엉알해안산책로'은/는 제주특별자치도 제주시 한경면 노을해안로 1143 에 위치한 관광지로, 관광지에 속하며, 대분류: 자연, 중분류: 자연관광지, 소분류: 해안절경입니다. 해당 관광지는 기준월(10.0) 동안 총 2032.0명의 방문자를 기록했습니다. 2월 한 달 동안 154.0명이 방문했습니다. 요일별 방문자수는 월요일 27.0명, 화요일 23.0명, 수요일 17.0명, 목요일 23.0명, 금요일 17.0명, 토요일 19.0명, 일요일 28.0명입니다.",33.3080027,126.164116
연대포구,제주특별자치도 제주시 연대마을길 34-10 (외도이동),관광지,자연,자연관광지,항구/포구,428.0,10.0,30.0,4.0,4.0,3.0,1.0,2.0,3.0,13.0,"'연대포구'은/는 제주특별자치도 제주시 연대마을길 34-10 (외도이동)에 위치한 관광지로, 관광지에 속하며, 대분류: 자연, 중분류: 자연관광지, 소분류: 항구/포구입니다. 해당 관광지는 기준월(10.0) 동안 총 428.0명의 방문자를 기록했습니다. 2월 한 달 동안 30.0명이 방문했습니다. 요일별 방문자수는 월요일 4.0명, 화요일 4.0명, 수요일 3.0명, 목요일 1.0명, 금요일 2.0명, 토요일 3.0명, 일요일 13.0명입니다.",33.4933077,126.4287763
연화못,제주특별자치도 제주시 애월읍 하가로 (애월읍),관광지,자연,자연관광지,호수,1051.0,10.0,63.0,12.0,6.0,8.0,7.0,9.0,6.0,15.0,"'연화못'은/는 제주특별자치도 제주시 애월읍 하가로 (애월읍)에 위치한 관광지로, 관광지에 속하며, 대분류: 자연, 중분류: 자연관광지, 소분류: 호수입니다. 해당 관광지는 기준월(10.0) 동안 총 1051.0명의 방문자를 기록했습니다. 2월 한 달 동안 63.0명이 방문했습니다. 요일별 방문자수는 월요일 12.0명, 화요일 6.0명, 수요일 8.0명, 목요일 7.0명, 금요일 9.0명, 토요일 6.0명, 일요일 15.0명입니다.",33.4431446,126.3556046
예술공간이아,제주특별자치도 제주시 중앙로14길 21 ,문화시설,인문(문화/예술/역사),체험관광지,이색체험,571.0,10.0,59.0,10.0,11.0,8.0,6.0,8.0,4.0,12.0,"'예술공간이아'은/는 제주특별자치도 제주시 중앙로14길 21 에 위치한 관광지로, 문화시설에 속하며, 대분류: 인문(문화/예술/역사), 중분류: 체험관광지, 소분류: 이색체험입니다. 해당 관광지는 기준월(10.0) 동안 총 571.0명의 방문자를 기록했습니다. 2월 한 달 동안 59.0명이 방문했습니다. 요일별 방문자수는 월요일 10.0명, 화요일 11.0명, 수요일 8.0명, 목요일 6.0명, 금요일 8.0명, 토요일 4.0명, 일요일 12.0명입니다.",,
오조포구,제주특별자치도 서귀포시 성산읍 오조로80번길 47 ,관광지,자연,자연관광지,항구/포구,1290.0,10.0,67.0,13.0,14.0,5.0,9.0,6.0,7.0,13.0,"'오조포구'은/는 제주특별자치도 서귀포시 성산읍 오조로80번길 47 에 위치한 관광지로, 관광지에 속하며, 대분류: 자연, 중분류: 자연관광지, 소분류: 항구/포구입니다. 해당 관광지는 기준월(10.0) 동안 총 1290.0명의 방문자를 기록했습니다. 2월 한 달 동안 67.0명이 방문했습니다. 요일별 방문자수는 월요일 13.0명, 화요일 14.0명, 수요일 5.0명, 목요일 9.0명, 금요일 6.0명, 토요일 7.0명, 일요일 13.0명입니다.",33.4605544,126.903981
외돌개,제주특별자치도 서귀포시 서흥동 791,관광지,자연,관광자원,기암괴석,8990.0,10.0,917.0,163.0,161.0,118.0,135.0,107.0,93.0,140.0,"'외돌개'은/는 제주특별자치도 서귀포시 서흥동 791에 위치한 관광지로, 관광지에 속하며, 대분류: 자연, 중분류: 관광자원, 소분류: 기암괴석입니다. 해당 관광지는 기준월(10.0) 동안 총 8990.0명의 방문자를 기록했습니다. 2월 한 달 동안 917.0명이 방문했습니다. 요일별 방문자수는 월요일 163.0명, 화요일 161.0명, 수요일 118.0명, 목요일 135.0명, 금요일 107.0명, 토요일 93.0명, 일요일 140.0명입니다.",33.2400761,126.5456641
용두암,제주특별자치도 제주시 용두암길 (제주올레길17코스),관광지,자연,자연관광지,해안절경,16135.0,10.0,1364.0,243.0,253.0,181.0,180.0,181.0,136.0,190.0,"'용두암'은/는 제주특별자치도 제주시 용두암길 (제주올레길17코스)에 위치한 관광지로, 관광지에 속하며, 대분류: 자연, 중분류: 자연관광지, 소분류: 해안절경입니다. 해당 관광지는 기준월(10.0) 동안 총 16135.0명의 방문자를 기록했습니다. 2월 한 달 동안 1364.0명이 방문했습니다. 요일별 방문자수는 월요일 243.0명, 화요일 253.0명, 수요일 181.0명, 목요일 180.0명, 금요일 181.0명, 토요일 136.0명, 일요일 190.0명입니다.",33.5150353,126.5119671
용머리해안,제주특별자치도 서귀포시 안덕면 사계리 118-3 ,관광지,자연,자연관광지,해안절경,48526.0,10.0,4564.0,797.0,754.0,536.0,575.0,539.0,522.0,841.0,"'용머리해안'은/는 제주특별자치도 서귀포시 안덕면 사계리 118-3 에 위치한 관광지로, 관광지에 속하며, 대분류: 자연, 중분류: 자연관광지, 소분류: 해안절경입니다. 해당 관광지는 기준월(10.0) 동안 총 48526.0명의 방문자를 기록했습니다. 2월 한 달 동안 4564.0명이 방문했습니다. 요일별 방문자수는 월요일 797.0명, 화요일 754.0명, 수요일 536.0명, 목요일 575.0명, 금요일 539.0명, 토요일 522.0명, 일요일 841.0명입니다.",33.2383758,126.3026575
용수항,제주특별자치도 제주시 한경면 용수리 4234-4 ,관광지,자연,자연관광지,항구/포구,443.0,10.0,44.0,8.0,4.0,8.0,5.0,4.0,2.0,13.0,"'용수항'은/는 제주특별자치도 제주시 한경면 용수리 4234-4 에 위치한 관광지로, 관광지에 속하며, 대분류: 자연, 중분류: 자연관광지, 소분류: 항구/포구입니다. 해당 관광지는 기준월(10.0) 동안 총 443.0명의 방문자를 기록했습니다. 2월 한 달 동안 44.0명이 방문했습니다. 요일별 방문자수는 월요일 8.0명, 화요일 4.0명, 수요일 8.0명, 목요일 5.0명, 금요일 4.0명, 토요일 2.0명, 일요일 13.0명입니다.",33.3238904,126.1799307
용연,제주특별자치도 제주시 용담일동 2581-4,관광지,자연,자연관광지,계곡,4859.0,10.0,318.0,53.0,58.0,45.0,40.0,42.0,39.0,41.0,"'용연'은/는 제주특별자치도 제주시 용담일동 2581-4에 위치한 관광지로, 관광지에 속하며, 대분류: 자연, 중분류: 자연관광지, 소분류: 계곡입니다. 해당 관광지는 기준월(10.0) 동안 총 4859.0명의 방문자를 기록했습니다. 2월 한 달 동안 318.0명이 방문했습니다. 요일별 방문자수는 월요일 53.0명, 화요일 58.0명, 수요일 45.0명, 목요일 40.0명, 금요일 42.0명, 토요일 39.0명, 일요일 41.0명입니다.",33.5152142,126.5139637
우도등대,제주특별자치도 제주시 우도면 우도봉길 105 (우도면) 부근,관광지,자연,자연관광지,등대,1336.0,10.0,90.0,13.0,9.0,12.0,12.0,16.0,10.0,18.0,"'우도등대'은/는 제주특별자치도 제주시 우도면 우도봉길 105 (우도면) 부근에 위치한 관광지로, 관광지에 속하며, 대분류: 자연, 중분류: 자연관광지, 소분류: 등대입니다. 해당 관광지는 기준월(10.0) 동안 총 1336.0명의 방문자를 기록했습니다. 2월 한 달 동안 90.0명이 방문했습니다. 요일별 방문자수는 월요일 13.0명, 화요일 9.0명, 수요일 12.0명, 목요일 12.0명, 금요일 16.0명, 토요일 10.0명, 일요일 18.0명입니다.",33.4928776,126.9654349
우도,제주특별자치도 제주시 삼양고수물길 1 ,관광지,자연,자연관광지,섬,75874.0,10.0,5089.0,848.0,836.0,720.0,697.0,651.0,502.0,835.0,"'우도'은/는 제주특별자치도 제주시 삼양고수물길 1 에 위치한 관광지로, 관광지에 속하며, 대분류: 자연, 중분류: 자연관광지, 소분류: 섬입니다. 해당 관광지는 기준월(10.0) 동안 총 75874.0명의 방문자를 기록했습니다. 2월 한 달 동안 5089.0명이 방문했습니다. 요일별 방문자수는 월요일 848.0명, 화요일 836.0명, 수요일 720.0명, 목요일 697.0명, 금요일 651.0명, 토요일 502.0명, 일요일 835.0명입니다.",,
월령선인장군락지,제주특별자치도 제주시 한림읍 월령3길 27-4 ,관광지,자연,자연관광지,자연생태관광지,5452.0,10.0,436.0,74.0,72.0,58.0,55.0,64.0,48.0,65.0,"'월령선인장군락지'은/는 제주특별자치도 제주시 한림읍 월령3길 27-4 에 위치한 관광지로, 관광지에 속하며, 대분류: 자연, 중분류: 자연관광지, 소분류: 자연생태관광지입니다. 해당 관광지는 기준월(10.0) 동안 총 5452.0명의 방문자를 기록했습니다. 2월 한 달 동안 436.0명이 방문했습니다. 요일별 방문자수는 월요일 74.0명, 화요일 72.0명, 수요일 58.0명, 목요일 55.0명, 금요일 64.0명, 토요일 48.0명, 일요일 65.0명입니다.",33.3778976,126.2157287
월령포구,제주특별자치도 제주시 한림읍 월령리 317-1 ,관광지,자연,자연관광지,항구/포구,670.0,10.0,36.0,4.0,7.0,3.0,6.0,8.0,1.0,7.0,"'월령포구'은/는 제주특별자치도 제주시 한림읍 월령리 317-1 에 위치한 관광지로, 관광지에 속하며, 대분류: 자연, 중분류: 자연관광지, 소분류: 항구/포구입니다. 해당 관광지는 기준월(10.0) 동안 총 670.0명의 방문자를 기록했습니다. 2월 한 달 동안 36.0명이 방문했습니다. 요일별 방문자수는 월요일 4.0명, 화요일 7.0명, 수요일 3.0명, 목요일 6.0명, 금요일 8.0명, 토요일 1.0명, 일요일 7.0명입니다.",33.3764716,126.2852587
월정리해변,제주특별자치도 제주시 구좌읍 해맞이해안로 480-1 ,관광지,자연,자연관광지,해수욕장,14585.0,10.0,1056.0,191.0,166.0,150.0,122.0,138.0,96.0,193.0,"'월정리해변'은/는 제주특별자치도 제주시 구좌읍 해맞이해안로 480-1 에 위치한 관광지로, 관광지에 속하며, 대분류: 자연, 중분류: 자연관광지, 소분류: 해수욕장입니다. 해당 관광지는 기준월(10.0) 동안 총 14585.0명의 방문자를 기록했습니다. 2월 한 달 동안 1056.0명이 방문했습니다. 요일별 방문자수는 월요일 191.0명, 화요일 166.0명, 수요일 150.0명, 목요일 122.0명, 금요일 138.0명, 토요일 96.0명, 일요일 193.0명입니다.",33.5551118,126.798641
월정리해안도로,제주특별자치도 제주시 구좌읍 월정리 652-4 ,관광지,자연,자연관광지,자연생태관광지,1135.0,10.0,81.0,16.0,15.0,8.0,11.0,6.0,6.0,19.0,"'월정리해안도로'은/는 제주특별자치도 제주시 구좌읍 월정리 652-4 에 위치한 관광지로, 관광지에 속하며, 대분류: 자연, 중분류: 자연관광지, 소분류: 자연생태관광지입니다. 해당 관광지는 기준월(10.0) 동안 총 1135.0명의 방문자를 기록했습니다. 2월 한 달 동안 81.0명이 방문했습니다. 요일별 방문자수는 월요일 16.0명, 화요일 15.0명, 수요일 8.0명, 목요일 11.0명, 금요일 6.0명, 토요일 6.0명, 일요일 19.0명입니다.",33.5562207,126.7958759
월평포구,제주특별자치도 서귀포시 말질로 462 (월평동),관광지,자연,자연관광지,항구/포구,951.0,10.0,48.0,12.0,8.0,5.0,7.0,9.0,4.0,3.0,"'월평포구'은/는 제주특별자치도 서귀포시 말질로 462 (월평동)에 위치한 관광지로, 관광지에 속하며, 대분류: 자연, 중분류: 자연관광지, 소분류: 항구/포구입니다. 해당 관광지는 기준월(10.0) 동안 총 951.0명의 방문자를 기록했습니다. 2월 한 달 동안 48.0명이 방문했습니다. 요일별 방문자수는 월요일 12.0명, 화요일 8.0명, 수요일 5.0명, 목요일 7.0명, 금요일 9.0명, 토요일 4.0명, 일요일 3.0명입니다.",33.2347976,126.4637715
위미항,제주특별자치도 서귀포시 남원읍 위미중앙로196번길 6-13 ,관광지,자연,자연관광지,항구/포구,1353.0,10.0,90.0,15.0,10.0,14.0,7.0,12.0,15.0,17.0,"'위미항'은/는 제주특별자치도 서귀포시 남원읍 위미중앙로196번길 6-13 에 위치한 관광지로, 관광지에 속하며, 대분류: 자연, 중분류: 자연관광지, 소분류: 항구/포구입니다. 해당 관광지는 기준월(10.0) 동안 총 1353.0명의 방문자를 기록했습니다. 2월 한 달 동안 90.0명이 방문했습니다. 요일별 방문자수는 월요일 15.0명, 화요일 10.0명, 수요일 14.0명, 목요일 7.0명, 금요일 12.0명, 토요일 15.0명, 일요일 17.0명입니다.",33.2709905,126.6637262
이상한나라의앨리스,제주특별자치도 서귀포시 안덕면 중산간서로 1881 ,관광지,인문(문화/예술/역사),체험관광지,이색체험,2759.0,10.0,171.0,28.0,25.0,16.0,22.0,30.0,16.0,34.0,"'이상한나라의앨리스'은/는 제주특별자치도 서귀포시 안덕면 중산간서로 1881 에 위치한 관광지로, 관광지에 속하며, 대분류: 인문(문화/예술/역사), 중분류: 체험관광지, 소분류: 이색체험입니다. 해당 관광지는 기준월(10.0) 동안 총 2759.0명의 방문자를 기록했습니다. 2월 한 달 동안 171.0명이 방문했습니다. 요일별 방문자수는 월요일 28.0명, 화요일 25.0명, 수요일 16.0명, 목요일 22.0명, 금요일 30.0명, 토요일 16.0명, 일요일 34.0명입니다.",,
이호테우말등대,제주특별자치도 제주시 이호일동 375-43 ,관광지,자연,자연관광지,등대,5223.0,10.0,386.0,65.0,70.0,51.0,54.0,52.0,31.0,63.0,"'이호테우말등대'은/는 제주특별자치도 제주시 이호일동 375-43 에 위치한 관광지로, 관광지에 속하며, 대분류: 자연, 중분류: 자연관광지, 소분류: 등대입니다. 해당 관광지는 기준월(10.0) 동안 총 5223.0명의 방문자를 기록했습니다. 2월 한 달 동안 386.0명이 방문했습니다. 요일별 방문자수는 월요일 65.0명, 화요일 70.0명, 수요일 51.0명, 목요일 54.0명, 금요일 52.0명, 토요일 31.0명, 일요일 63.0명입니다.",33.5021517,126.4564112
자구내포구,제주특별자치도 제주시 한경면 노을해안로 1161 ,관광지,자연,자연관광지,항구/포구,1316.0,10.0,127.0,16.0,14.0,19.0,20.0,22.0,14.0,22.0,"'자구내포구'은/는 제주특별자치도 제주시 한경면 노을해안로 1161 에 위치한 관광지로, 관광지에 속하며, 대분류: 자연, 중분류: 자연관광지, 소분류: 항구/포구입니다. 해당 관광지는 기준월(10.0) 동안 총 1316.0명의 방문자를 기록했습니다. 2월 한 달 동안 127.0명이 방문했습니다. 요일별 방문자수는 월요일 16.0명, 화요일 14.0명, 수요일 19.0명, 목요일 20.0명, 금요일 22.0명, 토요일 14.0명, 일요일 22.0명입니다.",33.3021091,126.1851714
장생의숲길,제주특별자치도 제주시 명림로 584 (봉개동) ,관광지,자연,자연관광지,자연휴양림,1756.0,10.0,152.0,22.0,24.0,16.0,31.0,16.0,17.0,26.0,"'장생의숲길'은/는 제주특별자치도 제주시 명림로 584 (봉개동) 에 위치한 관광지로, 관광지에 속하며, 대분류: 자연, 중분류: 자연관광지, 소분류: 자연휴양림입니다. 해당 관광지는 기준월(10.0) 동안 총 1756.0명의 방문자를 기록했습니다. 2월 한 달 동안 152.0명이 방문했습니다. 요일별 방문자수는 월요일 22.0명, 화요일 24.0명, 수요일 16.0명, 목요일 31.0명, 금요일 16.0명, 토요일 17.0명, 일요일 26.0명입니다.",,
절부암,제주특별자치도 제주시 한경면 용수리 4241-5,관광지,자연,관광자원,기암괴석,520.0,10.0,40.0,6.0,3.0,4.0,10.0,6.0,3.0,8.0,"'절부암'은/는 제주특별자치도 제주시 한경면 용수리 4241-5에 위치한 관광지로, 관광지에 속하며, 대분류: 자연, 중분류: 관광자원, 소분류: 기암괴석입니다. 해당 관광지는 기준월(10.0) 동안 총 520.0명의 방문자를 기록했습니다. 2월 한 달 동안 40.0명이 방문했습니다. 요일별 방문자수는 월요일 6.0명, 화요일 3.0명, 수요일 4.0명, 목요일 10.0명, 금요일 6.0명, 토요일 3.0명, 일요일 8.0명입니다.",33.3239831,126.1671817
제주곶자왈도립공원,제주특별자치도 서귀포시 에듀시티로 178 ,관광지,자연,자연관광지,도립공원,4018.0,10.0,329.0,47.0,48.0,44.0,59.0,46.0,27.0,58.0,"'제주곶자왈도립공원'은/는 제주특별자치도 서귀포시 에듀시티로 178 에 위치한 관광지로, 관광지에 속하며, 대분류: 자연, 중분류: 자연관광지, 소분류: 도립공원입니다. 해당 관광지는 기준월(10.0) 동안 총 4018.0명의 방문자를 기록했습니다. 2월 한 달 동안 329.0명이 방문했습니다. 요일별 방문자수는 월요일 47.0명, 화요일 48.0명, 수요일 44.0명, 목요일 59.0명, 금요일 46.0명, 토요일 27.0명, 일요일 58.0명입니다.",33.289275,126.2749677
제주바다체험장,제주특별자치도 제주시 구좌읍 일주동로 1777 ,관광지,인문(문화/예술/역사),체험관광지,농.산.어촌 체험,1227.0,10.0,53.0,7.0,8.0,4.0,6.0,8.0,4.0,16.0,"'제주바다체험장'은/는 제주특별자치도 제주시 구좌읍 일주동로 1777 에 위치한 관광지로, 관광지에 속하며, 대분류: 인문(문화/예술/역사), 중분류: 체험관광지, 소분류: 농.산.어촌 체험입니다. 해당 관광지는 기준월(10.0) 동안 총 1227.0명의 방문자를 기록했습니다. 2월 한 달 동안 53.0명이 방문했습니다. 요일별 방문자수는 월요일 7.0명, 화요일 8.0명, 수요일 4.0명, 목요일 6.0명, 금요일 8.0명, 토요일 4.0명, 일요일 16.0명입니다.",33.5546738,126.7218438
제주안전체험관,제주특별자치도 제주시 애월읍 평화로 1885 ,관광지,인문(문화/예술/역사),체험관광지,이색체험,2271.0,10.0,163.0,33.0,31.0,26.0,24.0,14.0,8.0,27.0,"'제주안전체험관'은/는 제주특별자치도 제주시 애월읍 평화로 1885 에 위치한 관광지로, 관광지에 속하며, 대분류: 인문(문화/예술/역사), 중분류: 체험관광지, 소분류: 이색체험입니다. 해당 관광지는 기준월(10.0) 동안 총 2271.0명의 방문자를 기록했습니다. 2월 한 달 동안 163.0명이 방문했습니다. 요일별 방문자수는 월요일 33.0명, 화요일 31.0명, 수요일 26.0명, 목요일 24.0명, 금요일 14.0명, 토요일 8.0명, 일요일 27.0명입니다.",33.3942008,126.3737312
제주양떼목장,제주특별자치도 제주시 애월읍 도치돌길 289-13 ,관광지,인문(문화/예술/역사),체험관광지,농.산.어촌 체험,1043.0,10.0,65.0,11.0,13.0,3.0,6.0,10.0,12.0,10.0,"'제주양떼목장'은/는 제주특별자치도 제주시 애월읍 도치돌길 289-13 에 위치한 관광지로, 관광지에 속하며, 대분류: 인문(문화/예술/역사), 중분류: 체험관광지, 소분류: 농.산.어촌 체험입니다. 해당 관광지는 기준월(10.0) 동안 총 1043.0명의 방문자를 기록했습니다. 2월 한 달 동안 65.0명이 방문했습니다. 요일별 방문자수는 월요일 11.0명, 화요일 13.0명, 수요일 3.0명, 목요일 6.0명, 금요일 10.0명, 토요일 12.0명, 일요일 10.0명입니다.",33.4109424,126.3653661
제주절물자연휴양림,제주특별자치도 제주시 명림로 584 ,관광지,자연,자연관광지,자연휴양림,14568.0,10.0,1887.0,312.0,314.0,261.0,259.0,231.0,239.0,271.0,"'제주절물자연휴양림'은/는 제주특별자치도 제주시 명림로 584 에 위치한 관광지로, 관광지에 속하며, 대분류: 자연, 중분류: 자연관광지, 소분류: 자연휴양림입니다. 해당 관광지는 기준월(10.0) 동안 총 14568.0명의 방문자를 기록했습니다. 2월 한 달 동안 1887.0명이 방문했습니다. 요일별 방문자수는 월요일 312.0명, 화요일 314.0명, 수요일 261.0명, 목요일 259.0명, 금요일 231.0명, 토요일 239.0명, 일요일 271.0명입니다.",33.4302354,126.6227963
제주힐링명상센터,제주특별자치도 제주시 애월읍 어음13길 196 ,관광지,인문(문화/예술/역사),체험관광지,이색체험,2763.0,10.0,215.0,33.0,35.0,31.0,36.0,21.0,25.0,34.0,"'제주힐링명상센터'은/는 제주특별자치도 제주시 애월읍 어음13길 196 에 위치한 관광지로, 관광지에 속하며, 대분류: 인문(문화/예술/역사), 중분류: 체험관광지, 소분류: 이색체험입니다. 해당 관광지는 기준월(10.0) 동안 총 2763.0명의 방문자를 기록했습니다. 2월 한 달 동안 215.0명이 방문했습니다. 요일별 방문자수는 월요일 33.0명, 화요일 35.0명, 수요일 31.0명, 목요일 36.0명, 금요일 21.0명, 토요일 25.0명, 일요일 34.0명입니다.",33.3955297,126.3610931
조랑말체험공원,제주특별자치도 서귀포시 표선면 녹산로 381-15 ,관광지,인문(문화/예술/역사),체험관광지,이색체험,1821.0,10.0,126.0,20.0,15.0,20.0,23.0,10.0,17.0,21.0,"'조랑말체험공원'은/는 제주특별자치도 서귀포시 표선면 녹산로 381-15 에 위치한 관광지로, 관광지에 속하며, 대분류: 인문(문화/예술/역사), 중분류: 체험관광지, 소분류: 이색체험입니다. 해당 관광지는 기준월(10.0) 동안 총 1821.0명의 방문자를 기록했습니다. 2월 한 달 동안 126.0명이 방문했습니다. 요일별 방문자수는 월요일 20.0명, 화요일 15.0명, 수요일 20.0명, 목요일 23.0명, 금요일 10.0명, 토요일 17.0명, 일요일 21.0명입니다.",33.3831928,126.7359802
조천함덕해안도로,제주특별자치도 제주시 조천읍 조함해안로 525 ,관광지,자연,자연관광지,자연생태관광지,1614.0,10.0,126.0,16.0,18.0,15.0,21.0,14.0,19.0,23.0,"'조천함덕해안도로'은/는 제주특별자치도 제주시 조천읍 조함해안로 525 에 위치한 관광지로, 관광지에 속하며, 대분류: 자연, 중분류: 자연관광지, 소분류: 자연생태관광지입니다. 해당 관광지는 기준월(10.0) 동안 총 1614.0명의 방문자를 기록했습니다. 2월 한 달 동안 126.0명이 방문했습니다. 요일별 방문자수는 월요일 16.0명, 화요일 18.0명, 수요일 15.0명, 목요일 21.0명, 금요일 14.0명, 토요일 19.0명, 일요일 23.0명입니다.",33.5313895,126.6429191
종달리해안도로,제주특별자치도 제주시 구좌읍 종달리 ,관광지,자연,자연관광지,자연생태관광지,1858.0,10.0,131.0,24.0,15.0,19.0,21.0,12.0,18.0,22.0,"'종달리해안도로'은/는 제주특별자치도 제주시 구좌읍 종달리 에 위치한 관광지로, 관광지에 속하며, 대분류: 자연, 중분류: 자연관광지, 소분류: 자연생태관광지입니다. 해당 관광지는 기준월(10.0) 동안 총 1858.0명의 방문자를 기록했습니다. 2월 한 달 동안 131.0명이 방문했습니다. 요일별 방문자수는 월요일 24.0명, 화요일 15.0명, 수요일 19.0명, 목요일 21.0명, 금요일 12.0명, 토요일 18.0명, 일요일 22.0명입니다.",33.4828963,126.9017162
종달리수국길,제주특별자치도 제주시 구좌읍 종달리 112-4 ,관광지,자연,자연관광지,자연생태관광지,4291.0,10.0,162.0,25.0,28.0,24.0,25.0,13.0,17.0,30.0,"'종달리수국길'은/는 제주특별자치도 제주시 구좌읍 종달리 112-4 에 위치한 관광지로, 관광지에 속하며, 대분류: 자연, 중분류: 자연관광지, 소분류: 자연생태관광지입니다. 해당 관광지는 기준월(10.0) 동안 총 4291.0명의 방문자를 기록했습니다. 2월 한 달 동안 162.0명이 방문했습니다. 요일별 방문자수는 월요일 25.0명, 화요일 28.0명, 수요일 24.0명, 목요일 25.0명, 금요일 13.0명, 토요일 17.0명, 일요일 30.0명입니다.",33.5290971,126.8463777
종달리해변,제주특별자치도 제주시 구좌읍 종달리 565-72,관광지,자연,자연관광지,해수욕장,1097.0,10.0,55.0,13.0,3.0,7.0,8.0,9.0,3.0,12.0,"'종달리해변'은/는 제주특별자치도 제주시 구좌읍 종달리 565-72에 위치한 관광지로, 관광지에 속하며, 대분류: 자연, 중분류: 자연관광지, 소분류: 해수욕장입니다. 해당 관광지는 기준월(10.0) 동안 총 1097.0명의 방문자를 기록했습니다. 2월 한 달 동안 55.0명이 방문했습니다. 요일별 방문자수는 월요일 13.0명, 화요일 3.0명, 수요일 7.0명, 목요일 8.0명, 금요일 9.0명, 토요일 3.0명, 일요일 12.0명입니다.",33.4963748,126.9096779
주상절리대,제주특별자치도 서귀포시 이어도로 36-30 (중문동),관광지,자연,자연관광지,해안절경,39913.0,10.0,4295.0,662.0,760.0,573.0,568.0,541.0,489.0,702.0,"'주상절리대'은/는 제주특별자치도 서귀포시 이어도로 36-30 (중문동)에 위치한 관광지로, 관광지에 속하며, 대분류: 자연, 중분류: 자연관광지, 소분류: 해안절경입니다. 해당 관광지는 기준월(10.0) 동안 총 39913.0명의 방문자를 기록했습니다. 2월 한 달 동안 4295.0명이 방문했습니다. 요일별 방문자수는 월요일 662.0명, 화요일 760.0명, 수요일 573.0명, 목요일 568.0명, 금요일 541.0명, 토요일 489.0명, 일요일 702.0명입니다.",,
중문색달해수욕장,제주특별자치도 서귀포시 색달동 ,관광지,자연,자연관광지,해수욕장,12171.0,10.0,613.0,96.0,125.0,95.0,77.0,85.0,51.0,84.0,"'중문색달해수욕장'은/는 제주특별자치도 서귀포시 색달동 에 위치한 관광지로, 관광지에 속하며, 대분류: 자연, 중분류: 자연관광지, 소분류: 해수욕장입니다. 해당 관광지는 기준월(10.0) 동안 총 12171.0명의 방문자를 기록했습니다. 2월 한 달 동안 613.0명이 방문했습니다. 요일별 방문자수는 월요일 96.0명, 화요일 125.0명, 수요일 95.0명, 목요일 77.0명, 금요일 85.0명, 토요일 51.0명, 일요일 84.0명입니다.",33.2459369,126.4126699
차귀도,제주특별자치도 제주시 한경면 고락로 200-52 ,관광지,자연,자연관광지,섬,4269.0,10.0,303.0,47.0,47.0,39.0,48.0,45.0,29.0,48.0,"'차귀도'은/는 제주특별자치도 제주시 한경면 고락로 200-52 에 위치한 관광지로, 관광지에 속하며, 대분류: 자연, 중분류: 자연관광지, 소분류: 섬입니다. 해당 관광지는 기준월(10.0) 동안 총 4269.0명의 방문자를 기록했습니다. 2월 한 달 동안 303.0명이 방문했습니다. 요일별 방문자수는 월요일 47.0명, 화요일 47.0명, 수요일 39.0명, 목요일 48.0명, 금요일 45.0명, 토요일 29.0명, 일요일 48.0명입니다.",33.3011544,126.2055959
추자도,제주특별자치도 제주시 추자면 추자도,관광지,자연,자연관광지,섬,5463.0,10.0,704.0,125.0,118.0,77.0,101.0,81.0,77.0,125.0,"'추자도'은/는 제주특별자치도 제주시 추자면 추자도에 위치한 관광지로, 관광지에 속하며, 대분류: 자연, 중분류: 자연관광지, 소분류: 섬입니다. 해당 관광지는 기준월(10.0) 동안 총 5463.0명의 방문자를 기록했습니다. 2월 한 달 동안 704.0명이 방문했습니다. 요일별 방문자수는 월요일 125.0명, 화요일 118.0명, 수요일 77.0명, 목요일 101.0명, 금요일 81.0명, 토요일 77.0명, 일요일 125.0명입니다.",33.9470135,126.3200969
추자도등대,제주특별자치도 제주시 추자면 영흥4길 43 (추자면),관광지,자연,자연관광지,등대,319.0,10.0,21.0,3.0,3.0,5.0,2.0,3.0,1.0,4.0,"'추자도등대'은/는 제주특별자치도 제주시 추자면 영흥4길 43 (추자면)에 위치한 관광지로, 관광지에 속하며, 대분류: 자연, 중분류: 자연관광지, 소분류: 등대입니다. 해당 관광지는 기준월(10.0) 동안 총 319.0명의 방문자를 기록했습니다. 2월 한 달 동안 21.0명이 방문했습니다. 요일별 방문자수는 월요일 3.0명, 화요일 3.0명, 수요일 5.0명, 목요일 2.0명, 금요일 3.0명, 토요일 1.0명, 일요일 4.0명입니다.",33.957785,126.2982082
캔디원,제주특별자치도 제주시 조천읍 선교로 384 ,관광지,인문(문화/예술/역사),체험관광지,이색체험,1066.0,10.0,70.0,13.0,13.0,6.0,9.0,8.0,11.0,10.0,"'캔디원'은/는 제주특별자치도 제주시 조천읍 선교로 384 에 위치한 관광지로, 관광지에 속하며, 대분류: 인문(문화/예술/역사), 중분류: 체험관광지, 소분류: 이색체험입니다. 해당 관광지는 기준월(10.0) 동안 총 1066.0명의 방문자를 기록했습니다. 2월 한 달 동안 70.0명이 방문했습니다. 요일별 방문자수는 월요일 13.0명, 화요일 13.0명, 수요일 6.0명, 목요일 9.0명, 금요일 8.0명, 토요일 11.0명, 일요일 10.0명입니다.",33.4712877,126.707937
태웃개,제주특별자치도 서귀포시 남원읍 태위로398번길 57 ,관광지,자연,자연관광지,항구/포구,947.0,10.0,47.0,9.0,6.0,11.0,4.0,6.0,4.0,7.0,"'태웃개'은/는 제주특별자치도 서귀포시 남원읍 태위로398번길 57 에 위치한 관광지로, 관광지에 속하며, 대분류: 자연, 중분류: 자연관광지, 소분류: 항구/포구입니다. 해당 관광지는 기준월(10.0) 동안 총 947.0명의 방문자를 기록했습니다. 2월 한 달 동안 47.0명이 방문했습니다. 요일별 방문자수는 월요일 9.0명, 화요일 6.0명, 수요일 11.0명, 목요일 4.0명, 금요일 6.0명, 토요일 4.0명, 일요일 7.0명입니다.",33.2706694,126.6908148
판포포구,제주특별자치도 제주시 한경면 판포리 2877-3 ,관광지,자연,자연관광지,항구/포구,5424.0,10.0,145.0,23.0,24.0,22.0,12.0,14.0,20.0,30.0,"'판포포구'은/는 제주특별자치도 제주시 한경면 판포리 2877-3 에 위치한 관광지로, 관광지에 속하며, 대분류: 자연, 중분류: 자연관광지, 소분류: 항구/포구입니다. 해당 관광지는 기준월(10.0) 동안 총 5424.0명의 방문자를 기록했습니다. 2월 한 달 동안 145.0명이 방문했습니다. 요일별 방문자수는 월요일 23.0명, 화요일 24.0명, 수요일 22.0명, 목요일 12.0명, 금요일 14.0명, 토요일 20.0명, 일요일 30.0명입니다.",33.3654094,126.1996228
평대해변,제주특별자치도 제주시 구좌읍 평대리 1994-20 ,관광지,자연,자연관광지,해수욕장,1199.0,10.0,62.0,10.0,5.0,14.0,9.0,2.0,8.0,14.0,"'평대해변'은/는 제주특별자치도 제주시 구좌읍 평대리 1994-20 에 위치한 관광지로, 관광지에 속하며, 대분류: 자연, 중분류: 자연관광지, 소분류: 해수욕장입니다. 해당 관광지는 기준월(10.0) 동안 총 1199.0명의 방문자를 기록했습니다. 2월 한 달 동안 62.0명이 방문했습니다. 요일별 방문자수는 월요일 10.0명, 화요일 5.0명, 수요일 14.0명, 목요일 9.0명, 금요일 2.0명, 토요일 8.0명, 일요일 14.0명입니다.",33.533203,126.8406
하고수동해변,제주특별자치도 제주시 우도면 연평리 ,관광지,자연,자연관광지,해수욕장,1368.0,10.0,104.0,22.0,19.0,13.0,12.0,14.0,7.0,17.0,"'하고수동해변'은/는 제주특별자치도 제주시 우도면 연평리 에 위치한 관광지로, 관광지에 속하며, 대분류: 자연, 중분류: 자연관광지, 소분류: 해수욕장입니다. 해당 관광지는 기준월(10.0) 동안 총 1368.0명의 방문자를 기록했습니다. 2월 한 달 동안 104.0명이 방문했습니다. 요일별 방문자수는 월요일 22.0명, 화요일 19.0명, 수요일 13.0명, 목요일 12.0명, 금요일 14.0명, 토요일 7.0명, 일요일 17.0명입니다.",33.5054213,126.9554832
하도해변,제주특별자치도 제주시 구좌읍 해맞이해안로 1973 ,관광지,자연,자연관광지,해수욕장,1968.0,10.0,111.0,17.0,14.0,13.0,13.0,19.0,9.0,26.0,"'하도해변'은/는 제주특별자치도 제주시 구좌읍 해맞이해안로 1973 에 위치한 관광지로, 관광지에 속하며, 대분류: 자연, 중분류: 자연관광지, 소분류: 해수욕장입니다. 해당 관광지는 기준월(10.0) 동안 총 1968.0명의 방문자를 기록했습니다. 2월 한 달 동안 111.0명이 방문했습니다. 요일별 방문자수는 월요일 17.0명, 화요일 14.0명, 수요일 13.0명, 목요일 13.0명, 금요일 19.0명, 토요일 9.0명, 일요일 26.0명입니다.",33.5290971,126.8463777
한담해변,제주특별자치도 제주시 애월읍 애월로1길 26-4 ,관광지,자연,자연관광지,해수욕장,2485.0,10.0,259.0,34.0,29.0,25.0,87.0,27.0,20.0,37.0,"'한담해변'은/는 제주특별자치도 제주시 애월읍 애월로1길 26-4 에 위치한 관광지로, 관광지에 속하며, 대분류: 자연, 중분류: 자연관광지, 소분류: 해수욕장입니다. 해당 관광지는 기준월(10.0) 동안 총 2485.0명의 방문자를 기록했습니다. 2월 한 달 동안 259.0명이 방문했습니다. 요일별 방문자수는 월요일 34.0명, 화요일 29.0명, 수요일 25.0명, 목요일 87.0명, 금요일 27.0명, 토요일 20.0명, 일요일 37.0명입니다.",33.462749,126.3100651
한림항,제주특별자치도 제주시 한림읍 한림해안로 192 ,관광지,자연,자연관광지,항구/포구,3006.0,10.0,216.0,32.0,35.0,26.0,32.0,31.0,19.0,41.0,"'한림항'은/는 제주특별자치도 제주시 한림읍 한림해안로 192 에 위치한 관광지로, 관광지에 속하며, 대분류: 자연, 중분류: 자연관광지, 소분류: 항구/포구입니다. 해당 관광지는 기준월(10.0) 동안 총 3006.0명의 방문자를 기록했습니다. 2월 한 달 동안 216.0명이 방문했습니다. 요일별 방문자수는 월요일 32.0명, 화요일 35.0명, 수요일 26.0명, 목요일 32.0명, 금요일 31.0명, 토요일 19.0명, 일요일 41.0명입니다.",33.4192401,126.2625971
해맞이해안로,제주특별자치도 제주시 구좌읍 김녕리 ,관광지,자연,자연관광지,자연생태관광지,1205.0,10.0,61.0,8.0,13.0,8.0,8.0,4.0,8.0,12.0,"'해맞이해안로'은/는 제주특별자치도 제주시 구좌읍 김녕리 에 위치한 관광지로, 관광지에 속하며, 대분류: 자연, 중분류: 자연관광지, 소분류: 자연생태관광지입니다. 해당 관광지는 기준월(10.0) 동안 총 1205.0명의 방문자를 기록했습니다. 2월 한 달 동안 61.0명이 방문했습니다. 요일별 방문자수는 월요일 8.0명, 화요일 13.0명, 수요일 8.0명, 목요일 8.0명, 금요일 4.0명, 토요일 8.0명, 일요일 12.0명입니다.",33.5389636,126.7494481
협재포구,제주특별자치도 제주시 한림읍 협재리 ,관광지,자연,자연관광지,항구/포구,727.0,10.0,45.0,6.0,8.0,5.0,6.0,5.0,3.0,12.0,"'협재포구'은/는 제주특별자치도 제주시 한림읍 협재리 에 위치한 관광지로, 관광지에 속하며, 대분류: 자연, 중분류: 자연관광지, 소분류: 항구/포구입니다. 해당 관광지는 기준월(10.0) 동안 총 727.0명의 방문자를 기록했습니다. 2월 한 달 동안 45.0명이 방문했습니다. 요일별 방문자수는 월요일 6.0명, 화요일 8.0명, 수요일 5.0명, 목요일 6.0명, 금요일 5.0명, 토요일 3.0명, 일요일 12.0명입니다.",33.3819398,126.2497525
협재해수욕장,제주특별자치도 제주시 한림읍 한림로 329-10 ,관광지,자연,자연관광지,해수욕장,33373.0,10.0,1617.0,282.0,299.0,249.0,239.0,190.0,142.0,216.0,"'협재해수욕장'은/는 제주특별자치도 제주시 한림읍 한림로 329-10 에 위치한 관광지로, 관광지에 속하며, 대분류: 자연, 중분류: 자연관광지, 소분류: 해수욕장입니다. 해당 관광지는 기준월(10.0) 동안 총 33373.0명의 방문자를 기록했습니다. 2월 한 달 동안 1617.0명이 방문했습니다. 요일별 방문자수는 월요일 282.0명, 화요일 299.0명, 수요일 249.0명, 목요일 239.0명, 금요일 190.0명, 토요일 142.0명, 일요일 216.0명입니다.",33.39356,126.239538
형제섬,제주특별자치도 서귀포시 안덕면 사계리 산44,관광지,자연,자연관광지,섬,2050.0,10.0,190.0,42.0,23.0,17.0,20.0,31.0,28.0,29.0,"'형제섬'은/는 제주특별자치도 서귀포시 안덕면 사계리 산44에 위치한 관광지로, 관광지에 속하며, 대분류: 자연, 중분류: 자연관광지, 소분류: 섬입니다. 해당 관광지는 기준월(10.0) 동안 총 2050.0명의 방문자를 기록했습니다. 2월 한 달 동안 190.0명이 방문했습니다. 요일별 방문자수는 월요일 42.0명, 화요일 23.0명, 수요일 17.0명, 목요일 20.0명, 금요일 31.0명, 토요일 28.0명, 일요일 29.0명입니다.",33.2100186,126.3142952
형제해안도로,제주특별자치도 서귀포시 안덕면 사계리 3682 ,관광지,자연,자연관광지,자연생태관광지,1084.0,10.0,56.0,10.0,2.0,9.0,8.0,9.0,4.0,14.0,"'형제해안도로'은/는 제주특별자치도 서귀포시 안덕면 사계리 3682 에 위치한 관광지로, 관광지에 속하며, 대분류: 자연, 중분류: 자연관광지, 소분류: 자연생태관광지입니다. 해당 관광지는 기준월(10.0) 동안 총 1084.0명의 방문자를 기록했습니다. 2월 한 달 동안 56.0명이 방문했습니다. 요일별 방문자수는 월요일 10.0명, 화요일 2.0명, 수요일 9.0명, 목요일 8.0명, 금요일 9.0명, 토요일 4.0명, 일요일 14.0명입니다.",33.2010015,126.2801453
혼인지,제주특별자치도 서귀포시 성산읍 혼인지로 39-22 (성산읍),관광지,자연,자연관광지,자연생태관광지,3739.0,10.0,162.0,25.0,24.0,21.0,19.0,25.0,16.0,32.0,"'혼인지'은/는 제주특별자치도 서귀포시 성산읍 혼인지로 39-22 (성산읍)에 위치한 관광지로, 관광지에 속하며, 대분류: 자연, 중분류: 자연관광지, 소분류: 자연생태관광지입니다. 해당 관광지는 기준월(10.0) 동안 총 3739.0명의 방문자를 기록했습니다. 2월 한 달 동안 162.0명이 방문했습니다. 요일별 방문자수는 월요일 25.0명, 화요일 24.0명, 수요일 21.0명, 목요일 19.0명, 금요일 25.0명, 토요일 16.0명, 일요일 32.0명입니다.",33.41514350000001,126.8938099
환상숲곶자왈공원,제주특별자치도 제주시 한경면 저지리 2848-2 ,관광지,자연,자연관광지,자연휴양림,6303.0,10.0,552.0,78.0,89.0,73.0,104.0,84.0,43.0,81.0,"'환상숲곶자왈공원'은/는 제주특별자치도 제주시 한경면 저지리 2848-2 에 위치한 관광지로, 관광지에 속하며, 대분류: 자연, 중분류: 자연관광지, 소분류: 자연휴양림입니다. 해당 관광지는 기준월(10.0) 동안 총 6303.0명의 방문자를 기록했습니다. 2월 한 달 동안 552.0명이 방문했습니다. 요일별 방문자수는 월요일 78.0명, 화요일 89.0명, 수요일 73.0명, 목요일 104.0명, 금요일 84.0명, 토요일 43.0명, 일요일 81.0명입니다.",,
흑돼지거리,제주특별자치도 제주시 일도일동 ,관광지,인문(문화/예술/역사),체험관광지,이색거리,924.0,10.0,59.0,12.0,10.0,12.0,5.0,7.0,7.0,6.0,"'흑돼지거리'은/는 제주특별자치도 제주시 일도일동 에 위치한 관광지로, 관광지에 속하며, 대분류: 인문(문화/예술/역사), 중분류: 체험관광지, 소분류: 이색거리입니다. 해당 관광지는 기준월(10.0) 동안 총 924.0명의 방문자를 기록했습니다. 2월 한 달 동안 59.0명이 방문했습니다. 요일별 방문자수는 월요일 12.0명, 화요일 10.0명, 수요일 12.0명, 목요일 5.0명, 금요일 7.0명, 토요일 7.0명, 일요일 6.0명입니다.",33.5153591,126.5420032
1100고지습지,제주특별자치도 서귀포시 1100로 1555 ,관광지,자연,자연관광지,자연생태관광지,14221.0,10.0,667.0,116.0,111.0,95.0,80.0,85.0,56.0,124.0,"'1100고지습지'은/는 제주특별자치도 서귀포시 1100로 1555 에 위치한 관광지로, 관광지에 속하며, 대분류: 자연, 중분류: 자연관광지, 소분류: 자연생태관광지입니다. 해당 관광지는 기준월(10.0) 동안 총 14221.0명의 방문자를 기록했습니다. 2월 한 달 동안 667.0명이 방문했습니다. 요일별 방문자수는 월요일 116.0명, 화요일 111.0명, 수요일 95.0명, 목요일 80.0명, 금요일 85.0명, 토요일 56.0명, 일요일 124.0명입니다.",33.3575237,126.4628967
